ID,Title,Permalink,"Attachment URL",Catégories,Régions,Villes,Slug,Status,"Author ID","Author Username","Author Email","Author First Name","Author Last Name",Format,Template,Parent,"Parent Slug",Order,"Comment Status","Ping Status","Post Modified Date"
15952,"PARC NATUREL ET HISTORIQUE DE L'ÎLE-AUX-BASQUES",https://jaimelequebec.org/jmlq_lieu/parc-naturel-et-historique-de-lile-aux-basques/,,,,,parc-naturel-et-historique-de-lile-aux-basques,publish,1,philgoupil@yahoo.ca,philgoupil@yahoo.ca,,,,default,0,0,0,open,open,2025-12-15
15953,"Patin - Forêt Ô Cascades",https://jaimelequebec.org/jmlq_lieu/patin-foret-o-cascades/,,,,,patin-foret-o-cascades,publish,1,philgoupil@yahoo.ca,philgoupil@yahoo.ca,,,,default,0,0,0,open,open,2025-12-15
15954,"Plage municipale de Témiscouata-sur-le-Lac (Cabano)",https://jaimelequebec.org/jmlq_lieu/plage-municipale-de-temiscouata-sur-le-lac-cabano/,,,,,plage-municipale-de-temiscouata-sur-le-lac-cabano,publish,1,philgoupil@yahoo.ca,philgoupil@yahoo.ca,,,,default,0,0,0,open,open,2025-12-15
15955,"LIÈVRE ROUGE",https://jaimelequebec.org/jmlq_lieu/lievre-rouge/,,,,,lievre-rouge,publish,1,philgoupil@yahoo.ca,philgoupil@yahoo.ca,,,,default,0,0,0,open,open,2025-12-15
15956,BEKVAM,https://jaimelequebec.org/jmlq_lieu/bekvam/,,,,,bekvam,publish,1,philgoupil@yahoo.ca,philgoupil@yahoo.ca,,,,default,0,0,0,open,open,2025-12-15
15957,"CHALET LAC ET MONTAGNE",https://jaimelequebec.org/jmlq_lieu/chalet-lac-et-montagne/,,,,,chalet-lac-et-montagne,publish,1,philgoupil@yahoo.ca,philgoupil@yahoo.ca,,,,default,0,0,0,open,open,2025-12-15
15958,"Le Club Chasse et Pêche Restaurant Bar Salon",https://jaimelequebec.org/jmlq_lieu/le-club-chasse-et-peche-restaurant-bar-salon/,,,,,le-club-chasse-et-peche-restaurant-bar-salon,publish,1,philgoupil@yahoo.ca,philgoupil@yahoo.ca,,,,default,0,0,0,open,open,2025-12-15
15959,"CAMPING KOA MONTRÉAL SUD",https://jaimelequebec.org/jmlq_lieu/camping-koa-montreal-sud/,,,,,camping-koa-montreal-sud,publish,1,philgoupil@yahoo.ca,philgoupil@yahoo.ca,,,,default,0,0,0,open,open,2025-12-15
15960,"LE MONTAGNARD",https://jaimelequebec.org/jmlq_lieu/le-montagnard/,,,,,le-montagnard,publish,1,philgoupil@yahoo.ca,philgoupil@yahoo.ca,,,,default,0,0,0,open,open,2025-12-15
15961,"CHALETS DE L'ANSE À JOS ET ANSE À YVES",https://jaimelequebec.org/jmlq_lieu/chalets-de-lanse-a-jos-et-anse-a-yves/,,,,,chalets-de-lanse-a-jos-et-anse-a-yves,publish,1,philgoupil@yahoo.ca,philgoupil@yahoo.ca,,,,default,0,0,0,open,open,2025-12-15
15962,"POURVOIRIE MANICOUAGAN",https://jaimelequebec.org/jmlq_lieu/pourvoirie-manicouagan/,,,,,pourvoirie-manicouagan,publish,1,philgoupil@yahoo.ca,philgoupil@yahoo.ca,,,,default,0,0,0,open,open,2025-12-15
15963,"CORPORATION DU PARC DU POISSON BLANC",https://jaimelequebec.org/jmlq_lieu/corporation-du-parc-du-poisson-blanc/,,,,,corporation-du-parc-du-poisson-blanc,publish,1,philgoupil@yahoo.ca,philgoupil@yahoo.ca,,,,default,0,0,0,open,open,2025-12-15
15964,"Corporation du Mushuau-nipi",https://jaimelequebec.org/jmlq_lieu/corporation-du-mushuau-nipi/,,,,,corporation-du-mushuau-nipi,publish,1,philgoupil@yahoo.ca,philgoupil@yahoo.ca,,,,default,0,0,0,open,open,2025-12-15
15965,"LE SQUARE PHILLIPS HÔTEL & SUITES",https://jaimelequebec.org/jmlq_lieu/le-square-phillips-hotel-suites/,,,,,le-square-phillips-hotel-suites,publish,1,philgoupil@yahoo.ca,philgoupil@yahoo.ca,,,,default,0,0,0,open,open,2025-12-15
15966,"DOMAINE TÉMIKAMI",https://jaimelequebec.org/jmlq_lieu/domaine-temikami/,,,,,domaine-temikami,publish,1,philgoupil@yahoo.ca,philgoupil@yahoo.ca,,,,default,0,0,0,open,open,2025-12-15
15967,"Chez Louis poulet et pizza (Boul. Lemire)",https://jaimelequebec.org/jmlq_lieu/chez-louis-poulet-et-pizza-boul-lemire/,,,,,chez-louis-poulet-et-pizza-boul-lemire,publish,1,philgoupil@yahoo.ca,philgoupil@yahoo.ca,,,,default,0,0,0,open,open,2025-12-15
15968,"CAMPING L'ESCARGOT",https://jaimelequebec.org/jmlq_lieu/camping-lescargot/,,,,,camping-lescargot,publish,1,philgoupil@yahoo.ca,philgoupil@yahoo.ca,,,,default,0,0,0,open,open,2025-12-15
15969,"Association des pourvoyeurs et pêcheurs du poisson des chenaux de la rivière Sainte-Anne inc.",https://jaimelequebec.org/jmlq_lieu/association-des-pourvoyeurs-et-pecheurs-du-poisson-des-chenaux-de-la-riviere-sainte-anne-inc/,,,,,association-des-pourvoyeurs-et-pecheurs-du-poisson-des-chenaux-de-la-riviere-sainte-anne-inc,publish,1,philgoupil@yahoo.ca,philgoupil@yahoo.ca,,,,default,0,0,0,open,open,2025-12-15
15970,"LA FAMILIALE",https://jaimelequebec.org/jmlq_lieu/la-familiale/,,,,,la-familiale,publish,1,philgoupil@yahoo.ca,philgoupil@yahoo.ca,,,,default,0,0,0,open,open,2025-12-15
15971,Nymark,https://jaimelequebec.org/jmlq_lieu/nymark/,,,,,nymark,publish,1,philgoupil@yahoo.ca,philgoupil@yahoo.ca,,,,default,0,0,0,open,open,2025-12-15
15972,"AU JARDIN DES SABLES «CONDOS ET VILLA PRIVÉS»",https://jaimelequebec.org/jmlq_lieu/au-jardin-des-sables-condos-et-villa-prives/,,,,,au-jardin-des-sables-condos-et-villa-prives,publish,1,philgoupil@yahoo.ca,philgoupil@yahoo.ca,,,,default,0,0,0,open,open,2025-12-15
15973,"CHALETS ET SPA LAC SAINT-JEAN (BOSKET 1 ET 2)",https://jaimelequebec.org/jmlq_lieu/chalets-et-spa-lac-saint-jean-bosket-1-et-2/,,,,,chalets-et-spa-lac-saint-jean-bosket-1-et-2,publish,1,philgoupil@yahoo.ca,philgoupil@yahoo.ca,,,,default,0,0,0,open,open,2025-12-15
15974,"Paulo & Suzanne | L'Original Casse-Croûte",https://jaimelequebec.org/jmlq_lieu/paulo-suzanne-loriginal-casse-croute/,,,,,paulo-suzanne-loriginal-casse-croute,publish,1,philgoupil@yahoo.ca,philgoupil@yahoo.ca,,,,default,0,0,0,open,open,2025-12-15
15975,"Plage municipale de Saint-Donat (parc des Pionniers)",https://jaimelequebec.org/jmlq_lieu/plage-municipale-de-saint-donat-parc-des-pionniers/,,,,,plage-municipale-de-saint-donat-parc-des-pionniers,publish,1,philgoupil@yahoo.ca,philgoupil@yahoo.ca,,,,default,0,0,0,open,open,2025-12-15
15976,"HÔTEL OPÉMISKA",https://jaimelequebec.org/jmlq_lieu/hotel-opemiska/,,,,,hotel-opemiska,publish,1,philgoupil@yahoo.ca,philgoupil@yahoo.ca,,,,default,0,0,0,open,open,2025-12-15
15977,"CHALET DU RANCH ST-HUBERT",https://jaimelequebec.org/jmlq_lieu/chalet-du-ranch-st-hubert/,,,,,chalet-du-ranch-st-hubert,publish,1,philgoupil@yahoo.ca,philgoupil@yahoo.ca,,,,default,0,0,0,open,open,2025-12-15
15978,"CHALET DU PONT-DE-FER",https://jaimelequebec.org/jmlq_lieu/chalet-du-pont-de-fer/,,,,,chalet-du-pont-de-fer,publish,1,philgoupil@yahoo.ca,philgoupil@yahoo.ca,,,,default,0,0,0,open,open,2025-12-15
15979,"PERCE-NEIGES - AU CHALET EN BOIS ROND",https://jaimelequebec.org/jmlq_lieu/perce-neiges-au-chalet-en-bois-rond/,,,,,perce-neiges-au-chalet-en-bois-rond,publish,1,philgoupil@yahoo.ca,philgoupil@yahoo.ca,,,,default,0,0,0,open,open,2025-12-15
15980,"CHALET DU DOMAINE - RUSTIQUE",https://jaimelequebec.org/jmlq_lieu/chalet-du-domaine-rustique/,,,,,chalet-du-domaine-rustique,publish,1,philgoupil@yahoo.ca,philgoupil@yahoo.ca,,,,default,0,0,0,open,open,2025-12-15
15981,"LA CHASSE-PINTE - Brasserie coopérative la Chasse-Pinte",https://jaimelequebec.org/jmlq_lieu/la-chasse-pinte-brasserie-cooperative-la-chasse-pinte/,,,,,la-chasse-pinte-brasserie-cooperative-la-chasse-pinte,publish,1,philgoupil@yahoo.ca,philgoupil@yahoo.ca,,,,default,0,0,0,open,open,2025-12-15
15982,"LE ONNI CABIN",https://jaimelequebec.org/jmlq_lieu/le-onni-cabin/,,,,,le-onni-cabin,publish,1,philgoupil@yahoo.ca,philgoupil@yahoo.ca,,,,default,0,0,0,open,open,2025-12-15
15983,Cabotins,https://jaimelequebec.org/jmlq_lieu/cabotins/,,,,,cabotins,publish,1,philgoupil@yahoo.ca,philgoupil@yahoo.ca,,,,default,0,0,0,open,open,2025-12-15
15984,"CHALET ADAGIO",https://jaimelequebec.org/jmlq_lieu/chalet-adagio/,,,,,chalet-adagio,publish,1,philgoupil@yahoo.ca,philgoupil@yahoo.ca,,,,default,0,0,0,open,open,2025-12-15
15985,"AUBERGE DE L'ANSE",https://jaimelequebec.org/jmlq_lieu/auberge-de-lanse/,,,,,auberge-de-lanse,publish,1,philgoupil@yahoo.ca,philgoupil@yahoo.ca,,,,default,0,0,0,open,open,2025-12-15
15986,"AUBERGE DE L'ABBAYE D'OKA",https://jaimelequebec.org/jmlq_lieu/auberge-de-labbaye-doka/,,,,,auberge-de-labbaye-doka,publish,1,philgoupil@yahoo.ca,philgoupil@yahoo.ca,,,,default,0,0,0,open,open,2025-12-15
15987,"Mignon Steak Vieux-Montréal",https://jaimelequebec.org/jmlq_lieu/mignon-steak-vieux-montreal/,,,,,mignon-steak-vieux-montreal,publish,1,philgoupil@yahoo.ca,philgoupil@yahoo.ca,,,,default,0,0,0,open,open,2025-12-15
15988,"ZOOBOX-ZVO-76-LE VERTENDRE",https://jaimelequebec.org/jmlq_lieu/zoobox-zvo-76-le-vertendre/,,,,,zoobox-zvo-76-le-vertendre,publish,1,philgoupil@yahoo.ca,philgoupil@yahoo.ca,,,,default,0,0,0,open,open,2025-12-15
15989,"Maitre Edgar",https://jaimelequebec.org/jmlq_lieu/maitre-edgar/,,,,,maitre-edgar,publish,1,philgoupil@yahoo.ca,philgoupil@yahoo.ca,,,,default,0,0,0,open,open,2025-12-15
15990,"LES CHALETS DU PIC",https://jaimelequebec.org/jmlq_lieu/les-chalets-du-pic/,,,,,les-chalets-du-pic,publish,1,philgoupil@yahoo.ca,philgoupil@yahoo.ca,,,,default,0,0,0,open,open,2025-12-15
15991,"LA CABANE DU HIBOU",https://jaimelequebec.org/jmlq_lieu/la-cabane-du-hibou/,,,,,la-cabane-du-hibou,publish,1,philgoupil@yahoo.ca,philgoupil@yahoo.ca,,,,default,0,0,0,open,open,2025-12-15
15992,"Environnement Faucon (Tremblant)",https://jaimelequebec.org/jmlq_lieu/environnement-faucon-tremblant/,,,,,environnement-faucon-tremblant,publish,1,philgoupil@yahoo.ca,philgoupil@yahoo.ca,,,,default,0,0,0,open,open,2025-12-15
15993,CRÉPUSCULE,https://jaimelequebec.org/jmlq_lieu/crepuscule/,,,,,crepuscule,publish,1,philgoupil@yahoo.ca,philgoupil@yahoo.ca,,,,default,0,0,0,open,open,2025-12-15
15994,ROSERAIE,https://jaimelequebec.org/jmlq_lieu/roseraie/,,,,,roseraie,publish,1,philgoupil@yahoo.ca,philgoupil@yahoo.ca,,,,default,0,0,0,open,open,2025-12-15
15995,"CHALET EDELWEISS",https://jaimelequebec.org/jmlq_lieu/chalet-edelweiss/,,,,,chalet-edelweiss,publish,1,philgoupil@yahoo.ca,philgoupil@yahoo.ca,,,,default,0,0,0,open,open,2025-12-15
15996,"DOMAINE EXPÉDITION INC. - MOTEL",https://jaimelequebec.org/jmlq_lieu/domaine-expedition-inc-motel/,,,,,domaine-expedition-inc-motel,publish,1,philgoupil@yahoo.ca,philgoupil@yahoo.ca,,,,default,0,0,0,open,open,2025-12-15
15997,"DOMAINE DES GRÈS",https://jaimelequebec.org/jmlq_lieu/domaine-des-gres/,,,,,domaine-des-gres,publish,1,philgoupil@yahoo.ca,philgoupil@yahoo.ca,,,,default,0,0,0,open,open,2025-12-15
15998,"GÎTE DU CANAL",https://jaimelequebec.org/jmlq_lieu/gite-du-canal/,,,,,gite-du-canal,publish,1,philgoupil@yahoo.ca,philgoupil@yahoo.ca,,,,default,0,0,0,open,open,2025-12-15
15999,"Boston Pizza Centropolis",https://jaimelequebec.org/jmlq_lieu/boston-pizza-centropolis/,,,,,boston-pizza-centropolis,publish,1,philgoupil@yahoo.ca,philgoupil@yahoo.ca,,,,default,0,0,0,open,open,2025-12-15
16000,"TRAPPEUR - AU CHALET EN BOIS ROND",https://jaimelequebec.org/jmlq_lieu/trappeur-au-chalet-en-bois-rond/,,,,,trappeur-au-chalet-en-bois-rond,publish,1,philgoupil@yahoo.ca,philgoupil@yahoo.ca,,,,default,0,0,0,open,open,2025-12-15
16001,"Société Traiteur",https://jaimelequebec.org/jmlq_lieu/societe-traiteur/,,,,,societe-traiteur,publish,1,philgoupil@yahoo.ca,philgoupil@yahoo.ca,,,,default,0,0,0,open,open,2025-12-15
16002,"LE CANYON",https://jaimelequebec.org/jmlq_lieu/le-canyon/,,,,,le-canyon,publish,1,philgoupil@yahoo.ca,philgoupil@yahoo.ca,,,,default,0,0,0,open,open,2025-12-15
16003,"CAMPING BAIE DE PERCÉ",https://jaimelequebec.org/jmlq_lieu/camping-baie-de-perce/,,,,,camping-baie-de-perce,publish,1,philgoupil@yahoo.ca,philgoupil@yahoo.ca,,,,default,0,0,0,open,open,2025-12-15
16004,"CAMPING PETITE CASCAPÉDIA",https://jaimelequebec.org/jmlq_lieu/camping-petite-cascapedia/,,,,,camping-petite-cascapedia,publish,1,philgoupil@yahoo.ca,philgoupil@yahoo.ca,,,,default,0,0,0,open,open,2025-12-15
16005,"CHALET LA TERRASSE",https://jaimelequebec.org/jmlq_lieu/chalet-la-terrasse/,,,,,chalet-la-terrasse,publish,1,philgoupil@yahoo.ca,philgoupil@yahoo.ca,,,,default,0,0,0,open,open,2025-12-15
16006,"CAMPING DE L'ÎLE MARIE",https://jaimelequebec.org/jmlq_lieu/camping-de-lile-marie/,,,,,camping-de-lile-marie,publish,1,philgoupil@yahoo.ca,philgoupil@yahoo.ca,,,,default,0,0,0,open,open,2025-12-15
16007,"CAMPING DES ÉTOILES",https://jaimelequebec.org/jmlq_lieu/camping-des-etoiles/,,,,,camping-des-etoiles,publish,1,philgoupil@yahoo.ca,philgoupil@yahoo.ca,,,,default,0,0,0,open,open,2025-12-15
16008,"CHALET MASSIF 12A CHEMIN PASSE MONTAGNE",https://jaimelequebec.org/jmlq_lieu/chalet-massif-12a-chemin-passe-montagne/,,,,,chalet-massif-12a-chemin-passe-montagne,publish,1,philgoupil@yahoo.ca,philgoupil@yahoo.ca,,,,default,0,0,0,open,open,2025-12-15
16009,"CHALET MAKABANE",https://jaimelequebec.org/jmlq_lieu/chalet-makabane/,,,,,chalet-makabane,publish,1,philgoupil@yahoo.ca,philgoupil@yahoo.ca,,,,default,0,0,0,open,open,2025-12-15
16010,"CHALET MAGICA",https://jaimelequebec.org/jmlq_lieu/chalet-magica/,,,,,chalet-magica,publish,1,philgoupil@yahoo.ca,philgoupil@yahoo.ca,,,,default,0,0,0,open,open,2025-12-15
16011,"FERME DES PETITS TORRIEUX",https://jaimelequebec.org/jmlq_lieu/ferme-des-petits-torrieux/,,,,,ferme-des-petits-torrieux,publish,1,philgoupil@yahoo.ca,philgoupil@yahoo.ca,,,,default,0,0,0,open,open,2025-12-15
16012,"Crémerie de Flore",https://jaimelequebec.org/jmlq_lieu/cremerie-de-flore/,,,,,cremerie-de-flore,publish,1,philgoupil@yahoo.ca,philgoupil@yahoo.ca,,,,default,0,0,0,open,open,2025-12-15
16013,"LE HAVRE DU LAC CHAMPLAIN",https://jaimelequebec.org/jmlq_lieu/le-havre-du-lac-champlain/,,,,,le-havre-du-lac-champlain,publish,1,philgoupil@yahoo.ca,philgoupil@yahoo.ca,,,,default,0,0,0,open,open,2025-12-15
16014,"CHALET-FORÊT 26A",https://jaimelequebec.org/jmlq_lieu/chalet-foret-26a/,,,,,chalet-foret-26a,publish,1,philgoupil@yahoo.ca,philgoupil@yahoo.ca,,,,default,0,0,0,open,open,2025-12-15
16015,"CHALET-FORÊT 19 B",https://jaimelequebec.org/jmlq_lieu/chalet-foret-19-b/,,,,,chalet-foret-19-b,publish,1,philgoupil@yahoo.ca,philgoupil@yahoo.ca,,,,default,0,0,0,open,open,2025-12-15
16016,"CHALET 45",https://jaimelequebec.org/jmlq_lieu/chalet-45/,,,,,chalet-45,publish,1,philgoupil@yahoo.ca,philgoupil@yahoo.ca,,,,default,0,0,0,open,open,2025-12-15
16017,"DOMAINE DES CONSTELLATIONS INC",https://jaimelequebec.org/jmlq_lieu/domaine-des-constellations-inc/,,,,,domaine-des-constellations-inc,publish,1,philgoupil@yahoo.ca,philgoupil@yahoo.ca,,,,default,0,0,0,open,open,2025-12-15
16018,"Normandin (Ancienne-Lorette)",https://jaimelequebec.org/jmlq_lieu/normandin-ancienne-lorette/,,,,,normandin-ancienne-lorette,publish,1,philgoupil@yahoo.ca,philgoupil@yahoo.ca,,,,default,0,0,0,open,open,2025-12-15
16019,"LE LIV PROSPERITA PAR GESTION ELITE",https://jaimelequebec.org/jmlq_lieu/le-liv-prosperita-par-gestion-elite/,,,,,le-liv-prosperita-par-gestion-elite,publish,1,philgoupil@yahoo.ca,philgoupil@yahoo.ca,,,,default,0,0,0,open,open,2025-12-15
16020,"Auberge des îles du Bic",https://jaimelequebec.org/jmlq_lieu/auberge-des-iles-du-bic/,,,,,auberge-des-iles-du-bic,publish,1,philgoupil@yahoo.ca,philgoupil@yahoo.ca,,,,default,0,0,0,open,open,2025-12-15
16021,"CHALETS-VILLAGE MONT-SAINTE-ANNE",https://jaimelequebec.org/jmlq_lieu/chalets-village-mont-sainte-anne/,,,,,chalets-village-mont-sainte-anne,publish,1,philgoupil@yahoo.ca,philgoupil@yahoo.ca,,,,default,0,0,0,open,open,2025-12-15
16022,"CHALETS LE MOULIN DE SAINT-LAURENT - 755",https://jaimelequebec.org/jmlq_lieu/chalets-le-moulin-de-saint-laurent-755/,,,,,chalets-le-moulin-de-saint-laurent-755,publish,1,philgoupil@yahoo.ca,philgoupil@yahoo.ca,,,,default,0,0,0,open,open,2025-12-15
16023,"LE ZÉNITH",https://jaimelequebec.org/jmlq_lieu/le-zenith/,,,,,le-zenith,publish,1,philgoupil@yahoo.ca,philgoupil@yahoo.ca,,,,default,0,0,0,open,open,2025-12-15
16024,"CHALET AURA",https://jaimelequebec.org/jmlq_lieu/chalet-aura/,,,,,chalet-aura,publish,1,philgoupil@yahoo.ca,philgoupil@yahoo.ca,,,,default,0,0,0,open,open,2025-12-15
16025,"BLANC 35",https://jaimelequebec.org/jmlq_lieu/blanc-35/,,,,,blanc-35,publish,1,philgoupil@yahoo.ca,philgoupil@yahoo.ca,,,,default,0,0,0,open,open,2025-12-15
16026,"Le Girafo centre d'amusement",https://jaimelequebec.org/jmlq_lieu/le-girafo-centre-damusement/,,,,,le-girafo-centre-damusement,publish,1,philgoupil@yahoo.ca,philgoupil@yahoo.ca,,,,default,0,0,0,open,open,2025-12-15
16027,"AUBERGE DE LA RIVIÈRE DIV. GESTION CASCAPEDIA INC.",https://jaimelequebec.org/jmlq_lieu/auberge-de-la-riviere-div-gestion-cascapedia-inc/,,,,,auberge-de-la-riviere-div-gestion-cascapedia-inc,publish,1,philgoupil@yahoo.ca,philgoupil@yahoo.ca,,,,default,0,0,0,open,open,2025-12-15
16028,"Amos | Abitibi-Témiscamingue | Bonjour Québec",https://jaimelequebec.org/jmlq_lieu/amos-abitibi-temiscamingue-bonjour-quebec/,,,,,amos-abitibi-temiscamingue-bonjour-quebec,publish,1,philgoupil@yahoo.ca,philgoupil@yahoo.ca,,,,default,0,0,0,open,open,2025-12-15
16029,"CAMPING MUNICIPAL DE CHAZEL",https://jaimelequebec.org/jmlq_lieu/camping-municipal-de-chazel/,,,,,camping-municipal-de-chazel,publish,1,philgoupil@yahoo.ca,philgoupil@yahoo.ca,,,,default,0,0,0,open,open,2025-12-15
16030,"Club de golf Dolbeau",https://jaimelequebec.org/jmlq_lieu/club-de-golf-dolbeau/,,,,,club-de-golf-dolbeau,publish,1,philgoupil@yahoo.ca,philgoupil@yahoo.ca,,,,default,0,0,0,open,open,2025-12-15
16031,"CHALET LA SACACOMIE",https://jaimelequebec.org/jmlq_lieu/chalet-la-sacacomie/,,,,,chalet-la-sacacomie,publish,1,philgoupil@yahoo.ca,philgoupil@yahoo.ca,,,,default,0,0,0,open,open,2025-12-15
16032,"École de voile Gilles Tétreault",https://jaimelequebec.org/jmlq_lieu/ecole-de-voile-gilles-tetreault/,,,,,ecole-de-voile-gilles-tetreault,publish,1,philgoupil@yahoo.ca,philgoupil@yahoo.ca,,,,default,0,0,0,open,open,2025-12-15
16033,"DOMAINE DU LAC-DES-CÈDRES",https://jaimelequebec.org/jmlq_lieu/domaine-du-lac-des-cedres/,,,,,domaine-du-lac-des-cedres,publish,1,philgoupil@yahoo.ca,philgoupil@yahoo.ca,,,,default,0,0,0,open,open,2025-12-15
16034,"LES GÎTES MAKADAN",https://jaimelequebec.org/jmlq_lieu/les-gites-makadan/,,,,,les-gites-makadan,publish,1,philgoupil@yahoo.ca,philgoupil@yahoo.ca,,,,default,0,0,0,open,open,2025-12-15
16035,"210 PIGNORONDE",https://jaimelequebec.org/jmlq_lieu/210-pignoronde/,,,,,210-pignoronde,publish,1,philgoupil@yahoo.ca,philgoupil@yahoo.ca,,,,default,0,0,0,open,open,2025-12-15
16036,"CHALET-FORÊT 4B (FOR-4B)",https://jaimelequebec.org/jmlq_lieu/chalet-foret-4b-for-4b/,,,,,chalet-foret-4b-for-4b,publish,1,philgoupil@yahoo.ca,philgoupil@yahoo.ca,,,,default,0,0,0,open,open,2025-12-15
16037,"Golf & Ski Vieux-Lennox / Golf",https://jaimelequebec.org/jmlq_lieu/golf-ski-vieux-lennox-golf/,,,,,golf-ski-vieux-lennox-golf,publish,1,philgoupil@yahoo.ca,philgoupil@yahoo.ca,,,,default,0,0,0,open,open,2025-12-15
16038,jjacques,https://jaimelequebec.org/jmlq_lieu/jjacques/,,,,,jjacques,publish,1,philgoupil@yahoo.ca,philgoupil@yahoo.ca,,,,default,0,0,0,open,open,2025-12-15
16039,"CHALET LE SNÖVI",https://jaimelequebec.org/jmlq_lieu/chalet-le-snovi/,,,,,chalet-le-snovi,publish,1,philgoupil@yahoo.ca,philgoupil@yahoo.ca,,,,default,0,0,0,open,open,2025-12-15
16040,"BLEU MER",https://jaimelequebec.org/jmlq_lieu/bleu-mer/,,,,,bleu-mer,publish,1,philgoupil@yahoo.ca,philgoupil@yahoo.ca,,,,default,0,0,0,open,open,2025-12-15
16041,"MAISON BIRMINGHAM",https://jaimelequebec.org/jmlq_lieu/maison-birmingham/,,,,,maison-birmingham,publish,1,philgoupil@yahoo.ca,philgoupil@yahoo.ca,,,,default,0,0,0,open,open,2025-12-15
16042,"Restaurant Babar",https://jaimelequebec.org/jmlq_lieu/restaurant-babar/,,,,,restaurant-babar,publish,1,philgoupil@yahoo.ca,philgoupil@yahoo.ca,,,,default,0,0,0,open,open,2025-12-15
16043,"HÔTEL BAKER",https://jaimelequebec.org/jmlq_lieu/hotel-baker/,,,,,hotel-baker,publish,1,philgoupil@yahoo.ca,philgoupil@yahoo.ca,,,,default,0,0,0,open,open,2025-12-15
16044,"HÔTEL BAIE-SAINT-PAUL",https://jaimelequebec.org/jmlq_lieu/hotel-baie-saint-paul/,,,,,hotel-baie-saint-paul,publish,1,philgoupil@yahoo.ca,philgoupil@yahoo.ca,,,,default,0,0,0,open,open,2025-12-15
16045,"CAMPING PLAGE DE LA BAIE",https://jaimelequebec.org/jmlq_lieu/camping-plage-de-la-baie/,,,,,camping-plage-de-la-baie,publish,1,philgoupil@yahoo.ca,philgoupil@yahoo.ca,,,,default,0,0,0,open,open,2025-12-15
16046,"Arbraska Chauveau",https://jaimelequebec.org/jmlq_lieu/arbraska-chauveau/,,,,,arbraska-chauveau,publish,1,philgoupil@yahoo.ca,philgoupil@yahoo.ca,,,,default,0,0,0,open,open,2025-12-15
16047,"CHALET VENEZIA",https://jaimelequebec.org/jmlq_lieu/chalet-venezia/,,,,,chalet-venezia,publish,1,philgoupil@yahoo.ca,philgoupil@yahoo.ca,,,,default,0,0,0,open,open,2025-12-15
16048,"HÔTEL & SPA LE GERMAIN CHARLEVOIX",https://jaimelequebec.org/jmlq_lieu/hotel-spa-le-germain-charlevoix/,,,,,hotel-spa-le-germain-charlevoix,publish,1,philgoupil@yahoo.ca,philgoupil@yahoo.ca,,,,default,0,0,0,open,open,2025-12-15
16049,"CHALET BLANC",https://jaimelequebec.org/jmlq_lieu/chalet-blanc/,,,,,chalet-blanc,publish,1,philgoupil@yahoo.ca,philgoupil@yahoo.ca,,,,default,0,0,0,open,open,2025-12-15
16050,"HAMEAU 24#22",https://jaimelequebec.org/jmlq_lieu/hameau-2422/,,,,,hameau-2422,publish,1,philgoupil@yahoo.ca,philgoupil@yahoo.ca,,,,default,0,0,0,open,open,2025-12-15
16051,Familizoo,https://jaimelequebec.org/jmlq_lieu/familizoo/,,,,,familizoo,publish,1,philgoupil@yahoo.ca,philgoupil@yahoo.ca,,,,default,0,0,0,open,open,2025-12-15
16052,"GÎTE DU LAC POISSON BLANC",https://jaimelequebec.org/jmlq_lieu/gite-du-lac-poisson-blanc/,,,,,gite-du-lac-poisson-blanc,publish,1,philgoupil@yahoo.ca,philgoupil@yahoo.ca,,,,default,0,0,0,open,open,2025-12-15
16053,"HÔTEL CHROME MONTRÉAL CENTRE-VILLE",https://jaimelequebec.org/jmlq_lieu/hotel-chrome-montreal-centre-ville/,,,,,hotel-chrome-montreal-centre-ville,publish,1,philgoupil@yahoo.ca,philgoupil@yahoo.ca,,,,default,0,0,0,open,open,2025-12-15
16054,"Parc Marie-Victorin de Kingsey Falls",https://jaimelequebec.org/jmlq_lieu/parc-marie-victorin-de-kingsey-falls/,,,,,parc-marie-victorin-de-kingsey-falls,publish,1,philgoupil@yahoo.ca,philgoupil@yahoo.ca,,,,default,0,0,0,open,open,2025-12-15
16055,"CAMPING SAINT-ANDRÉ-AVELLIN",https://jaimelequebec.org/jmlq_lieu/camping-saint-andre-avellin/,,,,,camping-saint-andre-avellin,publish,1,philgoupil@yahoo.ca,philgoupil@yahoo.ca,,,,default,0,0,0,open,open,2025-12-15
16056,"LA RUELLE Hébergement",https://jaimelequebec.org/jmlq_lieu/la-ruelle-hebergement/,,,,,la-ruelle-hebergement,publish,1,philgoupil@yahoo.ca,philgoupil@yahoo.ca,,,,default,0,0,0,open,open,2025-12-15
16057,"Chocolaterie à Montréal - Rive Sud & Nord - Juliette & Chocolat",https://jaimelequebec.org/jmlq_lieu/chocolaterie-a-montreal-rive-sud-nord-juliette-chocolat/,,,,,chocolaterie-a-montreal-rive-sud-nord-juliette-chocolat,publish,1,philgoupil@yahoo.ca,philgoupil@yahoo.ca,,,,default,0,0,0,open,open,2025-12-15
16058,"Henri Brasserie Française",https://jaimelequebec.org/jmlq_lieu/henri-brasserie-francaise/,,,,,henri-brasserie-francaise,publish,1,philgoupil@yahoo.ca,philgoupil@yahoo.ca,,,,default,0,0,0,open,open,2025-12-15
16059,"CAMPING LA CÉDRIÈRE",https://jaimelequebec.org/jmlq_lieu/camping-la-cedriere/,,,,,camping-la-cedriere,publish,1,philgoupil@yahoo.ca,philgoupil@yahoo.ca,,,,default,0,0,0,open,open,2025-12-15
16060,"Bello Ristorante | Restaurant Italien Vieux-Québec",https://jaimelequebec.org/jmlq_lieu/bello-ristorante-restaurant-italien-vieux-quebec/,,,,,bello-ristorante-restaurant-italien-vieux-quebec,publish,1,philgoupil@yahoo.ca,philgoupil@yahoo.ca,,,,default,0,0,0,open,open,2025-12-15
16061,"CHALET LA MONTAGNE",https://jaimelequebec.org/jmlq_lieu/chalet-la-montagne/,,,,,chalet-la-montagne,publish,1,philgoupil@yahoo.ca,philgoupil@yahoo.ca,,,,default,0,0,0,open,open,2025-12-15
16062,"Brochures et guides touristiques | Se préparer | Bonjour Québec",https://jaimelequebec.org/jmlq_lieu/brochures-et-guides-touristiques-se-preparer-bonjour-quebec/,,,,,brochures-et-guides-touristiques-se-preparer-bonjour-quebec,publish,1,philgoupil@yahoo.ca,philgoupil@yahoo.ca,,,,default,0,0,0,open,open,2025-12-15
16063,"Jardin Moore (Fondation Dyson Moore)",https://jaimelequebec.org/jmlq_lieu/jardin-moore-fondation-dyson-moore/,,,,,jardin-moore-fondation-dyson-moore,publish,1,philgoupil@yahoo.ca,philgoupil@yahoo.ca,,,,default,0,0,0,open,open,2025-12-15
16064,"L’ÉTOILE DU LAC LYSTER",https://jaimelequebec.org/jmlq_lieu/letoile-du-lac-lyster/,,,,,letoile-du-lac-lyster,publish,1,philgoupil@yahoo.ca,philgoupil@yahoo.ca,,,,default,0,0,0,open,open,2025-12-15
16065,"AUBERGE DES 3 CANARDS",https://jaimelequebec.org/jmlq_lieu/auberge-des-3-canards/,,,,,auberge-des-3-canards,publish,1,philgoupil@yahoo.ca,philgoupil@yahoo.ca,,,,default,0,0,0,open,open,2025-12-15
16066,"Au Canot Volant",https://jaimelequebec.org/jmlq_lieu/au-canot-volant/,,,,,au-canot-volant,publish,1,philgoupil@yahoo.ca,philgoupil@yahoo.ca,,,,default,0,0,0,open,open,2025-12-15
16067,APRES-SKI,https://jaimelequebec.org/jmlq_lieu/apres-ski/,,,,,apres-ski,publish,1,philgoupil@yahoo.ca,philgoupil@yahoo.ca,,,,default,0,0,0,open,open,2025-12-15
16068,"Corporation Du Parc Régional Du Lac 31-Milles | Camping et prêt-à-camper | Bouchette | Bonjour Québe",https://jaimelequebec.org/jmlq_lieu/corporation-du-parc-regional-du-lac-31-milles-camping-et-pret-a-camper-bouchette-bonjour-quebe/,,,,,corporation-du-parc-regional-du-lac-31-milles-camping-et-pret-a-camper-bouchette-bonjour-quebe,publish,1,philgoupil@yahoo.ca,philgoupil@yahoo.ca,,,,default,0,0,0,open,open,2025-12-15
16069,"LE VANILEE",https://jaimelequebec.org/jmlq_lieu/le-vanilee/,,,,,le-vanilee,publish,1,philgoupil@yahoo.ca,philgoupil@yahoo.ca,,,,default,0,0,0,open,open,2025-12-15
16070,"Restaurant Benny & Co. Saint-Félix-de-Valois",https://jaimelequebec.org/jmlq_lieu/restaurant-benny-co-saint-felix-de-valois/,,,,,restaurant-benny-co-saint-felix-de-valois,publish,1,philgoupil@yahoo.ca,philgoupil@yahoo.ca,,,,default,0,0,0,open,open,2025-12-15
16071,"Base nautique de Repentigny",https://jaimelequebec.org/jmlq_lieu/base-nautique-de-repentigny/,,,,,base-nautique-de-repentigny,publish,1,philgoupil@yahoo.ca,philgoupil@yahoo.ca,,,,default,0,0,0,open,open,2025-12-15
16072,"La Fabrique de Bagel Montréal (Carrefour Industrielle Alliance)",https://jaimelequebec.org/jmlq_lieu/la-fabrique-de-bagel-montreal-carrefour-industrielle-alliance/,,,,,la-fabrique-de-bagel-montreal-carrefour-industrielle-alliance,publish,1,philgoupil@yahoo.ca,philgoupil@yahoo.ca,,,,default,0,0,0,open,open,2025-12-15
16073,"AVENTURE WAPISHISH",https://jaimelequebec.org/jmlq_lieu/aventure-wapishish/,,,,,aventure-wapishish,publish,1,philgoupil@yahoo.ca,philgoupil@yahoo.ca,,,,default,0,0,0,open,open,2025-12-15
16074,"AUBERGE CHEZ CARO",https://jaimelequebec.org/jmlq_lieu/auberge-chez-caro/,,,,,auberge-chez-caro,publish,1,philgoupil@yahoo.ca,philgoupil@yahoo.ca,,,,default,0,0,0,open,open,2025-12-15
16075,"ALT HÔTEL QUARTIER DIX30",https://jaimelequebec.org/jmlq_lieu/alt-hotel-quartier-dix30/,,,,,alt-hotel-quartier-dix30,publish,1,philgoupil@yahoo.ca,philgoupil@yahoo.ca,,,,default,0,0,0,open,open,2025-12-15
16076,"FLEUVE ET MONTAGNES - Hébergement TOURISTIQUE",https://jaimelequebec.org/jmlq_lieu/fleuve-et-montagnes-hebergement-touristique/,,,,,fleuve-et-montagnes-hebergement-touristique,publish,1,philgoupil@yahoo.ca,philgoupil@yahoo.ca,,,,default,0,0,0,open,open,2025-12-15
16077,FLEURETTE,https://jaimelequebec.org/jmlq_lieu/fleurette/,,,,,fleurette,publish,1,philgoupil@yahoo.ca,philgoupil@yahoo.ca,,,,default,0,0,0,open,open,2025-12-15
16078,FINLANDAIS,https://jaimelequebec.org/jmlq_lieu/finlandais/,,,,,finlandais,publish,1,philgoupil@yahoo.ca,philgoupil@yahoo.ca,,,,default,0,0,0,open,open,2025-12-15
16079,"Fièrement vélo: un gage d'hospitalité | Cantons-de-l'Est (Estrie)",https://jaimelequebec.org/jmlq_lieu/fierement-velo-un-gage-dhospitalite-cantons-de-lest-estrie/,,,,,fierement-velo-un-gage-dhospitalite-cantons-de-lest-estrie,publish,1,philgoupil@yahoo.ca,philgoupil@yahoo.ca,,,,default,0,0,0,open,open,2025-12-15
16080,"Fiducie foncière de la vallée Ruiter / Randonnée pédestre, réseau",https://jaimelequebec.org/jmlq_lieu/fiducie-fonciere-de-la-vallee-ruiter-randonnee-pedestre-reseau/,,,,,fiducie-fonciere-de-la-vallee-ruiter-randonnee-pedestre-reseau,publish,1,philgoupil@yahoo.ca,philgoupil@yahoo.ca,,,,default,0,0,0,open,open,2025-12-15
16081,"Aventures plein air Saint-Hippolyte / Tour en Jeep",https://jaimelequebec.org/jmlq_lieu/aventures-plein-air-saint-hippolyte-tour-en-jeep/,,,,,aventures-plein-air-saint-hippolyte-tour-en-jeep,publish,1,philgoupil@yahoo.ca,philgoupil@yahoo.ca,,,,default,0,0,0,open,open,2025-12-15
16082,"Crèmerie La Plaine",https://jaimelequebec.org/jmlq_lieu/cremerie-la-plaine/,,,,,cremerie-la-plaine,publish,1,philgoupil@yahoo.ca,philgoupil@yahoo.ca,,,,default,0,0,0,open,open,2025-12-15
16083,"CHALET LAC DESROCHES",https://jaimelequebec.org/jmlq_lieu/chalet-lac-desroches/,,,,,chalet-lac-desroches,publish,1,philgoupil@yahoo.ca,philgoupil@yahoo.ca,,,,default,0,0,0,open,open,2025-12-15
16084,"LE MAXIMUS",https://jaimelequebec.org/jmlq_lieu/le-maximus/,,,,,le-maximus,publish,1,philgoupil@yahoo.ca,philgoupil@yahoo.ca,,,,default,0,0,0,open,open,2025-12-15
16085,"CHALET AU SOMMET",https://jaimelequebec.org/jmlq_lieu/chalet-au-sommet/,,,,,chalet-au-sommet,publish,1,philgoupil@yahoo.ca,philgoupil@yahoo.ca,,,,default,0,0,0,open,open,2025-12-15
16086,"Parc Bernard-Landry",https://jaimelequebec.org/jmlq_lieu/parc-bernard-landry/,,,,,parc-bernard-landry,publish,1,philgoupil@yahoo.ca,philgoupil@yahoo.ca,,,,default,0,0,0,open,open,2025-12-15
16087,"AU MURMURE DES BOIS",https://jaimelequebec.org/jmlq_lieu/au-murmure-des-bois/,,,,,au-murmure-des-bois,publish,1,philgoupil@yahoo.ca,philgoupil@yahoo.ca,,,,default,0,0,0,open,open,2025-12-15
16088,"Le Sentier glacé",https://jaimelequebec.org/jmlq_lieu/le-sentier-glace/,,,,,le-sentier-glace,publish,1,philgoupil@yahoo.ca,philgoupil@yahoo.ca,,,,default,0,0,0,open,open,2025-12-15
16089,"CHALET AU GRAND CORBEAU",https://jaimelequebec.org/jmlq_lieu/chalet-au-grand-corbeau/,,,,,chalet-au-grand-corbeau,publish,1,philgoupil@yahoo.ca,philgoupil@yahoo.ca,,,,default,0,0,0,open,open,2025-12-15
16090,"Normandin (Trois-Rivières)",https://jaimelequebec.org/jmlq_lieu/normandin-trois-rivieres/,,,,,normandin-trois-rivieres,publish,1,philgoupil@yahoo.ca,philgoupil@yahoo.ca,,,,default,0,0,0,open,open,2025-12-15
16091,"Chez Victor (rue St-Paul)",https://jaimelequebec.org/jmlq_lieu/chez-victor-rue-st-paul/,,,,,chez-victor-rue-st-paul,publish,1,philgoupil@yahoo.ca,philgoupil@yahoo.ca,,,,default,0,0,0,open,open,2025-12-15
16092,"LE CASCAPEDIA LODGE",https://jaimelequebec.org/jmlq_lieu/le-cascapedia-lodge/,,,,,le-cascapedia-lodge,publish,1,philgoupil@yahoo.ca,philgoupil@yahoo.ca,,,,default,0,0,0,open,open,2025-12-15
16093,NORVEGIEN,https://jaimelequebec.org/jmlq_lieu/norvegien/,,,,,norvegien,publish,1,philgoupil@yahoo.ca,philgoupil@yahoo.ca,,,,default,0,0,0,open,open,2025-12-15
16094,"CHEZ ANNE",https://jaimelequebec.org/jmlq_lieu/chez-anne/,,,,,chez-anne,publish,1,philgoupil@yahoo.ca,philgoupil@yahoo.ca,,,,default,0,0,0,open,open,2025-12-15
16095,"CHALET CALISTA",https://jaimelequebec.org/jmlq_lieu/chalet-calista/,,,,,chalet-calista,publish,1,philgoupil@yahoo.ca,philgoupil@yahoo.ca,,,,default,0,0,0,open,open,2025-12-15
16096,"BLANC 08",https://jaimelequebec.org/jmlq_lieu/blanc-08/,,,,,blanc-08,publish,1,philgoupil@yahoo.ca,philgoupil@yahoo.ca,,,,default,0,0,0,open,open,2025-12-15
16097,"CAMP FAMILIAL ST-URBAIN",https://jaimelequebec.org/jmlq_lieu/camp-familial-st-urbain/,,,,,camp-familial-st-urbain,publish,1,philgoupil@yahoo.ca,philgoupil@yahoo.ca,,,,default,0,0,0,open,open,2025-12-15
16098,"Salle à manger La Griffe",https://jaimelequebec.org/jmlq_lieu/salle-a-manger-la-griffe/,,,,,salle-a-manger-la-griffe,publish,1,philgoupil@yahoo.ca,philgoupil@yahoo.ca,,,,default,0,0,0,open,open,2025-12-15
16099,"Funtropolis (Saint-Hubert)",https://jaimelequebec.org/jmlq_lieu/funtropolis-saint-hubert/,,,,,funtropolis-saint-hubert,publish,1,philgoupil@yahoo.ca,philgoupil@yahoo.ca,,,,default,0,0,0,open,open,2025-12-15
16100,"KAYAK & CABANA",https://jaimelequebec.org/jmlq_lieu/kayak-cabana/,,,,,kayak-cabana,publish,1,philgoupil@yahoo.ca,philgoupil@yahoo.ca,,,,default,0,0,0,open,open,2025-12-15
16101,"LE ROYAUME DU CAMPEUR",https://jaimelequebec.org/jmlq_lieu/le-royaume-du-campeur/,,,,,le-royaume-du-campeur,publish,1,philgoupil@yahoo.ca,philgoupil@yahoo.ca,,,,default,0,0,0,open,open,2025-12-15
16102,"Resto, spectacles et + | La Vieille Usine | Percé",https://jaimelequebec.org/jmlq_lieu/resto-spectacles-et-la-vieille-usine-perce/,,,,,resto-spectacles-et-la-vieille-usine-perce,publish,1,philgoupil@yahoo.ca,philgoupil@yahoo.ca,,,,default,0,0,0,open,open,2025-12-15
16103,"AUBERGE LE XAVIER",https://jaimelequebec.org/jmlq_lieu/auberge-le-xavier/,,,,,auberge-le-xavier,publish,1,philgoupil@yahoo.ca,philgoupil@yahoo.ca,,,,default,0,0,0,open,open,2025-12-15
16104,"Musée huron-wendat à Wendake - Page d’accueil",https://jaimelequebec.org/jmlq_lieu/musee-huron-wendat-a-wendake-page-daccueil/,,,,,musee-huron-wendat-a-wendake-page-daccueil,publish,1,philgoupil@yahoo.ca,philgoupil@yahoo.ca,,,,default,0,0,0,open,open,2025-12-15
16105,"LA GRANDE DAME",https://jaimelequebec.org/jmlq_lieu/la-grande-dame/,,,,,la-grande-dame,publish,1,philgoupil@yahoo.ca,philgoupil@yahoo.ca,,,,default,0,0,0,open,open,2025-12-15
16106,"Bootlegger cocktail bar & cuisine Montréal",https://jaimelequebec.org/jmlq_lieu/bootlegger-cocktail-bar-cuisine-montreal/,,,,,bootlegger-cocktail-bar-cuisine-montreal,publish,1,philgoupil@yahoo.ca,philgoupil@yahoo.ca,,,,default,0,0,0,open,open,2025-12-15
16107,"CONDO EL CHICO",https://jaimelequebec.org/jmlq_lieu/condo-el-chico/,,,,,condo-el-chico,publish,1,philgoupil@yahoo.ca,philgoupil@yahoo.ca,,,,default,0,0,0,open,open,2025-12-15
16108,"CONDO DE LA BAIE",https://jaimelequebec.org/jmlq_lieu/condo-de-la-baie/,,,,,condo-de-la-baie,publish,1,philgoupil@yahoo.ca,philgoupil@yahoo.ca,,,,default,0,0,0,open,open,2025-12-15
16109,L'ARABLIERE,https://jaimelequebec.org/jmlq_lieu/larabliere/,,,,,larabliere,publish,1,philgoupil@yahoo.ca,philgoupil@yahoo.ca,,,,default,0,0,0,open,open,2025-12-15
16110,"VILLA DE LA FALAISE",https://jaimelequebec.org/jmlq_lieu/villa-de-la-falaise/,,,,,villa-de-la-falaise,publish,1,philgoupil@yahoo.ca,philgoupil@yahoo.ca,,,,default,0,0,0,open,open,2025-12-15
16111,"Vacances, voyages et séjours en Outaouais | Régions du Québec | Bonjour Québec",https://jaimelequebec.org/jmlq_lieu/vacances-voyages-et-sejours-en-outaouais-regions-du-quebec-bonjour-quebec/,,,,,vacances-voyages-et-sejours-en-outaouais-regions-du-quebec-bonjour-quebec,publish,1,philgoupil@yahoo.ca,philgoupil@yahoo.ca,,,,default,0,0,0,open,open,2025-12-15
16112,"LA MAISON DU BONHEUR",https://jaimelequebec.org/jmlq_lieu/la-maison-du-bonheur/,,,,,la-maison-du-bonheur,publish,1,philgoupil@yahoo.ca,philgoupil@yahoo.ca,,,,default,0,0,0,open,open,2025-12-15
16113,"Kenauk Nature / Raquette",https://jaimelequebec.org/jmlq_lieu/kenauk-nature-raquette/,,,,,kenauk-nature-raquette,publish,1,philgoupil@yahoo.ca,philgoupil@yahoo.ca,,,,default,0,0,0,open,open,2025-12-15
16114,"BELVÉDÈRE DU MONTFORT",https://jaimelequebec.org/jmlq_lieu/belvedere-du-montfort/,,,,,belvedere-du-montfort,publish,1,philgoupil@yahoo.ca,philgoupil@yahoo.ca,,,,default,0,0,0,open,open,2025-12-15
16115,"PAVILLON DES PINS GRIS",https://jaimelequebec.org/jmlq_lieu/pavillon-des-pins-gris/,,,,,pavillon-des-pins-gris,publish,1,philgoupil@yahoo.ca,philgoupil@yahoo.ca,,,,default,0,0,0,open,open,2025-12-15
16116,"HÔTEL COPPER",https://jaimelequebec.org/jmlq_lieu/hotel-copper/,,,,,hotel-copper,publish,1,philgoupil@yahoo.ca,philgoupil@yahoo.ca,,,,default,0,0,0,open,open,2025-12-15
16117,"MOTEL TROIS-PISTOLES",https://jaimelequebec.org/jmlq_lieu/motel-trois-pistoles/,,,,,motel-trois-pistoles,publish,1,philgoupil@yahoo.ca,philgoupil@yahoo.ca,,,,default,0,0,0,open,open,2025-12-15
16118,"Baumier - Bar à vin",https://jaimelequebec.org/jmlq_lieu/baumier-bar-a-vin/,,,,,baumier-bar-a-vin,publish,1,philgoupil@yahoo.ca,philgoupil@yahoo.ca,,,,default,0,0,0,open,open,2025-12-15
16119,"RÉSIDENCE DE L'ARTISAN",https://jaimelequebec.org/jmlq_lieu/residence-de-lartisan/,,,,,residence-de-lartisan,publish,1,philgoupil@yahoo.ca,philgoupil@yahoo.ca,,,,default,0,0,0,open,open,2025-12-15
16120,"SKIEUR 28 - LES CHALETS ALPINS",https://jaimelequebec.org/jmlq_lieu/skieur-28-les-chalets-alpins/,,,,,skieur-28-les-chalets-alpins,publish,1,philgoupil@yahoo.ca,philgoupil@yahoo.ca,,,,default,0,0,0,open,open,2025-12-15
16121,"CAMPING AU BORD DE L'EAU",https://jaimelequebec.org/jmlq_lieu/camping-au-bord-de-leau/,,,,,camping-au-bord-de-leau,publish,1,philgoupil@yahoo.ca,philgoupil@yahoo.ca,,,,default,0,0,0,open,open,2025-12-15
16122,"HÔTEL CHICOUTIMI",https://jaimelequebec.org/jmlq_lieu/hotel-chicoutimi/,,,,,hotel-chicoutimi,publish,1,philgoupil@yahoo.ca,philgoupil@yahoo.ca,,,,default,0,0,0,open,open,2025-12-15
16123,"10 randonnées gratuites à faire cet automne | Blogue Bonjour Québec",https://jaimelequebec.org/jmlq_lieu/10-randonnees-gratuites-a-faire-cet-automne-blogue-bonjour-quebec/,,,,,10-randonnees-gratuites-a-faire-cet-automne-blogue-bonjour-quebec,publish,1,philgoupil@yahoo.ca,philgoupil@yahoo.ca,,,,default,0,0,0,open,open,2025-12-15
16124,611K,https://jaimelequebec.org/jmlq_lieu/611k/,,,,,611k,publish,1,philgoupil@yahoo.ca,philgoupil@yahoo.ca,,,,default,0,0,0,open,open,2025-12-15
16125,"Plage du Camping du Lac Blanc",https://jaimelequebec.org/jmlq_lieu/plage-du-camping-du-lac-blanc/,,,,,plage-du-camping-du-lac-blanc,publish,1,philgoupil@yahoo.ca,philgoupil@yahoo.ca,,,,default,0,0,0,open,open,2025-12-15
16126,"SKIEURS 36",https://jaimelequebec.org/jmlq_lieu/skieurs-36/,,,,,skieurs-36,publish,1,philgoupil@yahoo.ca,philgoupil@yahoo.ca,,,,default,0,0,0,open,open,2025-12-15
16127,"CHALET LE MERAKI",https://jaimelequebec.org/jmlq_lieu/chalet-le-meraki/,,,,,chalet-le-meraki,publish,1,philgoupil@yahoo.ca,philgoupil@yahoo.ca,,,,default,0,0,0,open,open,2025-12-15
16128,"CORPORATION DES FÊTES ET FESTIVALS D'AMOS/H2O LE FESTIVAL",https://jaimelequebec.org/jmlq_lieu/corporation-des-fetes-et-festivals-damos-h2o-le-festival/,,,,,corporation-des-fetes-et-festivals-damos-h2o-le-festival,publish,1,philgoupil@yahoo.ca,philgoupil@yahoo.ca,,,,default,0,0,0,open,open,2025-12-15
16129,"SKIEURS 40 - LES CHALETS ALPINS",https://jaimelequebec.org/jmlq_lieu/skieurs-40-les-chalets-alpins/,,,,,skieurs-40-les-chalets-alpins,publish,1,philgoupil@yahoo.ca,philgoupil@yahoo.ca,,,,default,0,0,0,open,open,2025-12-15
16130,"SKIEURS 39 - LES CHALETS ALPINS",https://jaimelequebec.org/jmlq_lieu/skieurs-39-les-chalets-alpins/,,,,,skieurs-39-les-chalets-alpins,publish,1,philgoupil@yahoo.ca,philgoupil@yahoo.ca,,,,default,0,0,0,open,open,2025-12-15
16131,"SKIEURS 46 - LES CHALETS ALPINS",https://jaimelequebec.org/jmlq_lieu/skieurs-46-les-chalets-alpins/,,,,,skieurs-46-les-chalets-alpins,publish,1,philgoupil@yahoo.ca,philgoupil@yahoo.ca,,,,default,0,0,0,open,open,2025-12-15
16132,"CHIBOUGAMAU AVENTURE",https://jaimelequebec.org/jmlq_lieu/chibougamau-aventure/,,,,,chibougamau-aventure,publish,1,philgoupil@yahoo.ca,philgoupil@yahoo.ca,,,,default,0,0,0,open,open,2025-12-15
16133,"Pétinos Déjeuner-Dîner",https://jaimelequebec.org/jmlq_lieu/petinos-dejeuner-diner/,,,,,petinos-dejeuner-diner,publish,1,philgoupil@yahoo.ca,philgoupil@yahoo.ca,,,,default,0,0,0,open,open,2025-12-15
16134,"LES LOFTS 1048",https://jaimelequebec.org/jmlq_lieu/les-lofts-1048/,,,,,les-lofts-1048,publish,1,philgoupil@yahoo.ca,philgoupil@yahoo.ca,,,,default,0,0,0,open,open,2025-12-15
16135,"PETIT HÔTEL LA PASSE-PIERRE",https://jaimelequebec.org/jmlq_lieu/petit-hotel-la-passe-pierre/,,,,,petit-hotel-la-passe-pierre,publish,1,philgoupil@yahoo.ca,philgoupil@yahoo.ca,,,,default,0,0,0,open,open,2025-12-15
16136,"Le Virunga",https://jaimelequebec.org/jmlq_lieu/le-virunga/,,,,,le-virunga,publish,1,philgoupil@yahoo.ca,philgoupil@yahoo.ca,,,,default,0,0,0,open,open,2025-12-15
16137,"Farm to table - Jardins de Metis",https://jaimelequebec.org/jmlq_lieu/farm-to-table-jardins-de-metis/,,,,,farm-to-table-jardins-de-metis,publish,1,philgoupil@yahoo.ca,philgoupil@yahoo.ca,,,,default,0,0,0,open,open,2025-12-15
16138,"Club de golf Sainte-Marie",https://jaimelequebec.org/jmlq_lieu/club-de-golf-sainte-marie/,,,,,club-de-golf-sainte-marie,publish,1,philgoupil@yahoo.ca,philgoupil@yahoo.ca,,,,default,0,0,0,open,open,2025-12-15
16139,"Spa de l'Auberge Aux Quatre Matins",https://jaimelequebec.org/jmlq_lieu/spa-de-lauberge-aux-quatre-matins/,,,,,spa-de-lauberge-aux-quatre-matins,publish,1,philgoupil@yahoo.ca,philgoupil@yahoo.ca,,,,default,0,0,0,open,open,2025-12-15
16140,"CAMPING DU LAC SANDYSUN",https://jaimelequebec.org/jmlq_lieu/camping-du-lac-sandysun/,,,,,camping-du-lac-sandysun,publish,1,philgoupil@yahoo.ca,philgoupil@yahoo.ca,,,,default,0,0,0,open,open,2025-12-15
16141,"33 HAMEAU 305",https://jaimelequebec.org/jmlq_lieu/33-hameau-305/,,,,,33-hameau-305,publish,1,philgoupil@yahoo.ca,philgoupil@yahoo.ca,,,,default,0,0,0,open,open,2025-12-15
16142,"CHALETS CADIEUX",https://jaimelequebec.org/jmlq_lieu/chalets-cadieux/,,,,,chalets-cadieux,publish,1,philgoupil@yahoo.ca,philgoupil@yahoo.ca,,,,default,0,0,0,open,open,2025-12-15
16143,"LES REFUGES DES MONTS",https://jaimelequebec.org/jmlq_lieu/les-refuges-des-monts/,,,,,les-refuges-des-monts,publish,1,philgoupil@yahoo.ca,philgoupil@yahoo.ca,,,,default,0,0,0,open,open,2025-12-15
16144,"SNÖ CHALET",https://jaimelequebec.org/jmlq_lieu/sno-chalet/,,,,,sno-chalet,publish,1,philgoupil@yahoo.ca,philgoupil@yahoo.ca,,,,default,0,0,0,open,open,2025-12-15
16145,"L'Ardoise Pub Billard et Golf",https://jaimelequebec.org/jmlq_lieu/lardoise-pub-billard-et-golf/,,,,,lardoise-pub-billard-et-golf,publish,1,philgoupil@yahoo.ca,philgoupil@yahoo.ca,,,,default,0,0,0,open,open,2025-12-15
16146,"Le Brûloir – Torréfacteur & Café à Montréal",https://jaimelequebec.org/jmlq_lieu/le-bruloir-torrefacteur-cafe-a-montreal/,,,,,le-bruloir-torrefacteur-cafe-a-montreal,publish,1,philgoupil@yahoo.ca,philgoupil@yahoo.ca,,,,default,0,0,0,open,open,2025-12-15
16147,"PIED DES PENTES 08",https://jaimelequebec.org/jmlq_lieu/pied-des-pentes-08/,,,,,pied-des-pentes-08,publish,1,philgoupil@yahoo.ca,philgoupil@yahoo.ca,,,,default,0,0,0,open,open,2025-12-15
16148,"PIGNORONDE 103",https://jaimelequebec.org/jmlq_lieu/pignoronde-103/,,,,,pignoronde-103,publish,1,philgoupil@yahoo.ca,philgoupil@yahoo.ca,,,,default,0,0,0,open,open,2025-12-15
16149,"Bistro des bières belges",https://jaimelequebec.org/jmlq_lieu/bistro-des-bieres-belges/,,,,,bistro-des-bieres-belges,publish,1,philgoupil@yahoo.ca,philgoupil@yahoo.ca,,,,default,0,0,0,open,open,2025-12-15
16150,"Bistro West Brome",https://jaimelequebec.org/jmlq_lieu/bistro-west-brome/,,,,,bistro-west-brome,publish,1,philgoupil@yahoo.ca,philgoupil@yahoo.ca,,,,default,0,0,0,open,open,2025-12-15
16151,"MOTEL L'HORIZON",https://jaimelequebec.org/jmlq_lieu/motel-lhorizon/,,,,,motel-lhorizon,publish,1,philgoupil@yahoo.ca,philgoupil@yahoo.ca,,,,default,0,0,0,open,open,2025-12-15
16152,"FLOCON MARIN 1229",https://jaimelequebec.org/jmlq_lieu/flocon-marin-1229/,,,,,flocon-marin-1229,publish,1,philgoupil@yahoo.ca,philgoupil@yahoo.ca,,,,default,0,0,0,open,open,2025-12-15
16153,"Rose Ross",https://jaimelequebec.org/jmlq_lieu/rose-ross/,,,,,rose-ross,publish,1,philgoupil@yahoo.ca,philgoupil@yahoo.ca,,,,default,0,0,0,open,open,2025-12-15
16154,"Solstice sauna",https://jaimelequebec.org/jmlq_lieu/solstice-sauna/,,,,,solstice-sauna,publish,1,philgoupil@yahoo.ca,philgoupil@yahoo.ca,,,,default,0,0,0,open,open,2025-12-15
16155,"CLUB DE CHASSE ET PÊCHE B. & B.",https://jaimelequebec.org/jmlq_lieu/club-de-chasse-et-peche-b-b/,,,,,club-de-chasse-et-peche-b-b,publish,1,philgoupil@yahoo.ca,philgoupil@yahoo.ca,,,,default,0,0,0,open,open,2025-12-15
16156,"Piste cyclable La Villageoise",https://jaimelequebec.org/jmlq_lieu/piste-cyclable-la-villageoise/,,,,,piste-cyclable-la-villageoise,publish,1,philgoupil@yahoo.ca,philgoupil@yahoo.ca,,,,default,0,0,0,open,open,2025-12-15
16157,Cinézoo,https://jaimelequebec.org/jmlq_lieu/cinezoo/,,,,,cinezoo,publish,1,philgoupil@yahoo.ca,philgoupil@yahoo.ca,,,,default,0,0,0,open,open,2025-12-15
16158,"CHALET DU 4IÈME",https://jaimelequebec.org/jmlq_lieu/chalet-du-4ieme/,,,,,chalet-du-4ieme,publish,1,philgoupil@yahoo.ca,philgoupil@yahoo.ca,,,,default,0,0,0,open,open,2025-12-15
16159,"CHALET LAC D'ARGENT/CHALETSETSPA.CA",https://jaimelequebec.org/jmlq_lieu/chalet-lac-dargent-chaletsetspa-ca/,,,,,chalet-lac-dargent-chaletsetspa-ca,publish,1,philgoupil@yahoo.ca,philgoupil@yahoo.ca,,,,default,0,0,0,open,open,2025-12-15
16160,"Les Sentiers La Balade de Lévis",https://jaimelequebec.org/jmlq_lieu/les-sentiers-la-balade-de-levis/,,,,,les-sentiers-la-balade-de-levis,publish,1,philgoupil@yahoo.ca,philgoupil@yahoo.ca,,,,default,0,0,0,open,open,2025-12-15
16161,"CENTRE DE VACANCES FERME 5 ÉTOILES",https://jaimelequebec.org/jmlq_lieu/centre-de-vacances-ferme-5-etoiles/,,,,,centre-de-vacances-ferme-5-etoiles,publish,1,philgoupil@yahoo.ca,philgoupil@yahoo.ca,,,,default,0,0,0,open,open,2025-12-15
16162,"LA PLAGE MOTEL INC.",https://jaimelequebec.org/jmlq_lieu/la-plage-motel-inc/,,,,,la-plage-motel-inc,publish,1,philgoupil@yahoo.ca,philgoupil@yahoo.ca,,,,default,0,0,0,open,open,2025-12-15
16163,"CHEZ LULU ET LUTIN",https://jaimelequebec.org/jmlq_lieu/chez-lulu-et-lutin/,,,,,chez-lulu-et-lutin,publish,1,philgoupil@yahoo.ca,philgoupil@yahoo.ca,,,,default,0,0,0,open,open,2025-12-15
16164,"Piz'za-za Restau Bar à vin",https://jaimelequebec.org/jmlq_lieu/pizza-za-restau-bar-a-vin/,,,,,pizza-za-restau-bar-a-vin,publish,1,philgoupil@yahoo.ca,philgoupil@yahoo.ca,,,,default,0,0,0,open,open,2025-12-15
16165,"CONDOS 650 - CHÂTEAU BROMONT",https://jaimelequebec.org/jmlq_lieu/condos-650-chateau-bromont/,,,,,condos-650-chateau-bromont,publish,1,philgoupil@yahoo.ca,philgoupil@yahoo.ca,,,,default,0,0,0,open,open,2025-12-15
16166,"Chez Tao",https://jaimelequebec.org/jmlq_lieu/chez-tao/,,,,,chez-tao,publish,1,philgoupil@yahoo.ca,philgoupil@yahoo.ca,,,,default,0,0,0,open,open,2025-12-15
16167,"CHALET DU CRATÈRE DE CHARLEVOIX",https://jaimelequebec.org/jmlq_lieu/chalet-du-cratere-de-charlevoix/,,,,,chalet-du-cratere-de-charlevoix,publish,1,philgoupil@yahoo.ca,philgoupil@yahoo.ca,,,,default,0,0,0,open,open,2025-12-15
16168,"LE MAIN",https://jaimelequebec.org/jmlq_lieu/le-main/,,,,,le-main,publish,1,philgoupil@yahoo.ca,philgoupil@yahoo.ca,,,,default,0,0,0,open,open,2025-12-15
16169,"LE GRAND HIBOU",https://jaimelequebec.org/jmlq_lieu/le-grand-hibou/,,,,,le-grand-hibou,publish,1,philgoupil@yahoo.ca,philgoupil@yahoo.ca,,,,default,0,0,0,open,open,2025-12-15
16170,"Chemin pèlerin Monasteriorum",https://jaimelequebec.org/jmlq_lieu/chemin-pelerin-monasteriorum/,,,,,chemin-pelerin-monasteriorum,publish,1,philgoupil@yahoo.ca,philgoupil@yahoo.ca,,,,default,0,0,0,open,open,2025-12-15
16171,"Restaurant Danube bleu",https://jaimelequebec.org/jmlq_lieu/restaurant-danube-bleu/,,,,,restaurant-danube-bleu,publish,1,philgoupil@yahoo.ca,philgoupil@yahoo.ca,,,,default,0,0,0,open,open,2025-12-15
16172,"Katabatik - Aventure dans Charlevoix / Kayak de mer hivernal",https://jaimelequebec.org/jmlq_lieu/katabatik-aventure-dans-charlevoix-kayak-de-mer-hivernal/,,,,,katabatik-aventure-dans-charlevoix-kayak-de-mer-hivernal,publish,1,philgoupil@yahoo.ca,philgoupil@yahoo.ca,,,,default,0,0,0,open,open,2025-12-15
16173,"LE GRAND LODGE",https://jaimelequebec.org/jmlq_lieu/le-grand-lodge/,,,,,le-grand-lodge,publish,1,philgoupil@yahoo.ca,philgoupil@yahoo.ca,,,,default,0,0,0,open,open,2025-12-15
16174,"LE LOFT, ROOF TOP",https://jaimelequebec.org/jmlq_lieu/le-loft-roof-top/,,,,,le-loft-roof-top,publish,1,philgoupil@yahoo.ca,philgoupil@yahoo.ca,,,,default,0,0,0,open,open,2025-12-15
16175,"Normandin (Deschambault-Grondines)",https://jaimelequebec.org/jmlq_lieu/normandin-deschambault-grondines/,,,,,normandin-deschambault-grondines,publish,1,philgoupil@yahoo.ca,philgoupil@yahoo.ca,,,,default,0,0,0,open,open,2025-12-15
16176,"LE SUN MOOK",https://jaimelequebec.org/jmlq_lieu/le-sun-mook/,,,,,le-sun-mook,publish,1,philgoupil@yahoo.ca,philgoupil@yahoo.ca,,,,default,0,0,0,open,open,2025-12-15
16177,Piklìz,https://jaimelequebec.org/jmlq_lieu/pikliz/,,,,,pikliz,publish,1,philgoupil@yahoo.ca,philgoupil@yahoo.ca,,,,default,0,0,0,open,open,2025-12-15
16178,"Les Croisières DU MARQUIS",https://jaimelequebec.org/jmlq_lieu/les-croisieres-du-marquis/,,,,,les-croisieres-du-marquis,publish,1,philgoupil@yahoo.ca,philgoupil@yahoo.ca,,,,default,0,0,0,open,open,2025-12-15
16179,"Spa du Littoral",https://jaimelequebec.org/jmlq_lieu/spa-du-littoral/,,,,,spa-du-littoral,publish,1,philgoupil@yahoo.ca,philgoupil@yahoo.ca,,,,default,0,0,0,open,open,2025-12-15
16180,"STATION FARMHOUSE TREMBLANT",https://jaimelequebec.org/jmlq_lieu/station-farmhouse-tremblant/,,,,,station-farmhouse-tremblant,publish,1,philgoupil@yahoo.ca,philgoupil@yahoo.ca,,,,default,0,0,0,open,open,2025-12-15
16181,"CHALEUREUX CONDO",https://jaimelequebec.org/jmlq_lieu/chaleureux-condo/,,,,,chaleureux-condo,publish,1,philgoupil@yahoo.ca,philgoupil@yahoo.ca,,,,default,0,0,0,open,open,2025-12-15
16182,"Accueil - Maison Cadorette",https://jaimelequebec.org/jmlq_lieu/accueil-maison-cadorette/,,,,,accueil-maison-cadorette,publish,1,philgoupil@yahoo.ca,philgoupil@yahoo.ca,,,,default,0,0,0,open,open,2025-12-15
16183,"Plage de la Pointe Scott",https://jaimelequebec.org/jmlq_lieu/plage-de-la-pointe-scott/,,,,,plage-de-la-pointe-scott,publish,1,philgoupil@yahoo.ca,philgoupil@yahoo.ca,,,,default,0,0,0,open,open,2025-12-15
16184,ESTRIMONT,https://jaimelequebec.org/jmlq_lieu/estrimont/,,,,,estrimont,publish,1,philgoupil@yahoo.ca,philgoupil@yahoo.ca,,,,default,0,0,0,open,open,2025-12-15
16185,"HÔTEL VERSO",https://jaimelequebec.org/jmlq_lieu/hotel-verso/,,,,,hotel-verso,publish,1,philgoupil@yahoo.ca,philgoupil@yahoo.ca,,,,default,0,0,0,open,open,2025-12-15
16186,"Plage du Camping des Sommets Bromont",https://jaimelequebec.org/jmlq_lieu/plage-du-camping-des-sommets-bromont/,,,,,plage-du-camping-des-sommets-bromont,publish,1,philgoupil@yahoo.ca,philgoupil@yahoo.ca,,,,default,0,0,0,open,open,2025-12-15
16187,"AUBERGE LES BONS MATINS B&B 1401 AV. ARGYLE",https://jaimelequebec.org/jmlq_lieu/auberge-les-bons-matins-bb-1401-av-argyle/,,,,,auberge-les-bons-matins-bb-1401-av-argyle,publish,1,philgoupil@yahoo.ca,philgoupil@yahoo.ca,,,,default,0,0,0,open,open,2025-12-15
16188,"Tsukuyomi Ramen Mile End",https://jaimelequebec.org/jmlq_lieu/tsukuyomi-ramen-mile-end/,,,,,tsukuyomi-ramen-mile-end,publish,1,philgoupil@yahoo.ca,philgoupil@yahoo.ca,,,,default,0,0,0,open,open,2025-12-15
16189,"SOUS-BOIS CHARLEVOIX - LE PIC BOIS",https://jaimelequebec.org/jmlq_lieu/sous-bois-charlevoix-le-pic-bois/,,,,,sous-bois-charlevoix-le-pic-bois,publish,1,philgoupil@yahoo.ca,philgoupil@yahoo.ca,,,,default,0,0,0,open,open,2025-12-15
16190,"Café-terrasse de la Pépinière du parc",https://jaimelequebec.org/jmlq_lieu/cafe-terrasse-de-la-pepiniere-du-parc/,,,,,cafe-terrasse-de-la-pepiniere-du-parc,publish,1,philgoupil@yahoo.ca,philgoupil@yahoo.ca,,,,default,0,0,0,open,open,2025-12-15
16191,"Plage du camping Le Genévrier",https://jaimelequebec.org/jmlq_lieu/plage-du-camping-le-genevrier/,,,,,plage-du-camping-le-genevrier,publish,1,philgoupil@yahoo.ca,philgoupil@yahoo.ca,,,,default,0,0,0,open,open,2025-12-15
16192,"HÔTEL TROIS-PISTOLES",https://jaimelequebec.org/jmlq_lieu/hotel-trois-pistoles/,,,,,hotel-trois-pistoles,publish,1,philgoupil@yahoo.ca,philgoupil@yahoo.ca,,,,default,0,0,0,open,open,2025-12-15
16193,"Pizza Mag",https://jaimelequebec.org/jmlq_lieu/pizza-mag/,,,,,pizza-mag,publish,1,philgoupil@yahoo.ca,philgoupil@yahoo.ca,,,,default,0,0,0,open,open,2025-12-15
16194,"Normandin (Donnacona)",https://jaimelequebec.org/jmlq_lieu/normandin-donnacona/,,,,,normandin-donnacona,publish,1,philgoupil@yahoo.ca,philgoupil@yahoo.ca,,,,default,0,0,0,open,open,2025-12-15
16195,"407 PIGNORONDE",https://jaimelequebec.org/jmlq_lieu/407-pignoronde/,,,,,407-pignoronde,publish,1,philgoupil@yahoo.ca,philgoupil@yahoo.ca,,,,default,0,0,0,open,open,2025-12-15
16196,"La Cantonnière - sentier de l'Ardoise / Vélo",https://jaimelequebec.org/jmlq_lieu/la-cantonniere-sentier-de-lardoise-velo/,,,,,la-cantonniere-sentier-de-lardoise-velo,publish,1,philgoupil@yahoo.ca,philgoupil@yahoo.ca,,,,default,0,0,0,open,open,2025-12-15
16197,"Domaine de la Templerie",https://jaimelequebec.org/jmlq_lieu/domaine-de-la-templerie/,,,,,domaine-de-la-templerie,publish,1,philgoupil@yahoo.ca,philgoupil@yahoo.ca,,,,default,0,0,0,open,open,2025-12-15
16198,"PETITE CHARLEVOIX 1",https://jaimelequebec.org/jmlq_lieu/petite-charlevoix-1/,,,,,petite-charlevoix-1,publish,1,philgoupil@yahoo.ca,philgoupil@yahoo.ca,,,,default,0,0,0,open,open,2025-12-15
16199,"Resto-Pub La Révolte",https://jaimelequebec.org/jmlq_lieu/resto-pub-la-revolte/,,,,,resto-pub-la-revolte,publish,1,philgoupil@yahoo.ca,philgoupil@yahoo.ca,,,,default,0,0,0,open,open,2025-12-15
16200,121-2,https://jaimelequebec.org/jmlq_lieu/121-2/,,,,,121-2,publish,1,philgoupil@yahoo.ca,philgoupil@yahoo.ca,,,,default,0,0,0,open,open,2025-12-15
16201,"Spicebros Place Bell",https://jaimelequebec.org/jmlq_lieu/spicebros-place-bell/,,,,,spicebros-place-bell,publish,1,philgoupil@yahoo.ca,philgoupil@yahoo.ca,,,,default,0,0,0,open,open,2025-12-15
16202,"300 CITÉ",https://jaimelequebec.org/jmlq_lieu/300-cite/,,,,,300-cite,publish,1,philgoupil@yahoo.ca,philgoupil@yahoo.ca,,,,default,0,0,0,open,open,2025-12-15
16203,"LA MAISON DES MARAIS",https://jaimelequebec.org/jmlq_lieu/la-maison-des-marais/,,,,,la-maison-des-marais,publish,1,philgoupil@yahoo.ca,philgoupil@yahoo.ca,,,,default,0,0,0,open,open,2025-12-15
16204,"LA MAISON DE JEAN-BAPTISTE",https://jaimelequebec.org/jmlq_lieu/la-maison-de-jean-baptiste/,,,,,la-maison-de-jean-baptiste,publish,1,philgoupil@yahoo.ca,philgoupil@yahoo.ca,,,,default,0,0,0,open,open,2025-12-15
16205,"CHALETS STE-AGATHE - BIRCH POINT",https://jaimelequebec.org/jmlq_lieu/chalets-ste-agathe-birch-point/,,,,,chalets-ste-agathe-birch-point,publish,1,philgoupil@yahoo.ca,philgoupil@yahoo.ca,,,,default,0,0,0,open,open,2025-12-15
16206,"Écurie aux 2 Tilleuls",https://jaimelequebec.org/jmlq_lieu/ecurie-aux-2-tilleuls/,,,,,ecurie-aux-2-tilleuls,publish,1,philgoupil@yahoo.ca,philgoupil@yahoo.ca,,,,default,0,0,0,open,open,2025-12-15
16207,"Olive et Basil",https://jaimelequebec.org/jmlq_lieu/olive-et-basil/,,,,,olive-et-basil,publish,1,philgoupil@yahoo.ca,philgoupil@yahoo.ca,,,,default,0,0,0,open,open,2025-12-15
16208,"Golf Le Grand Vallon",https://jaimelequebec.org/jmlq_lieu/golf-le-grand-vallon/,,,,,golf-le-grand-vallon,publish,1,philgoupil@yahoo.ca,philgoupil@yahoo.ca,,,,default,0,0,0,open,open,2025-12-15
16209,"CAMPING PARC DE LA RIVIÈRE BATISCAN",https://jaimelequebec.org/jmlq_lieu/camping-parc-de-la-riviere-batiscan/,,,,,camping-parc-de-la-riviere-batiscan,publish,1,philgoupil@yahoo.ca,philgoupil@yahoo.ca,,,,default,0,0,0,open,open,2025-12-15
16210,"CENTRE DE VILLÉGIATURE BELLE-VUE",https://jaimelequebec.org/jmlq_lieu/centre-de-villegiature-belle-vue/,,,,,centre-de-villegiature-belle-vue,publish,1,philgoupil@yahoo.ca,philgoupil@yahoo.ca,,,,default,0,0,0,open,open,2025-12-15
16211,"Normandin (Lévis)",https://jaimelequebec.org/jmlq_lieu/normandin-levis/,,,,,normandin-levis,publish,1,philgoupil@yahoo.ca,philgoupil@yahoo.ca,,,,default,0,0,0,open,open,2025-12-15
16212,ALASKA,https://jaimelequebec.org/jmlq_lieu/alaska/,,,,,alaska,publish,1,philgoupil@yahoo.ca,philgoupil@yahoo.ca,,,,default,0,0,0,open,open,2025-12-15
16213,"Club de golf Sorel-Tracy Les Dunes",https://jaimelequebec.org/jmlq_lieu/club-de-golf-sorel-tracy-les-dunes/,,,,,club-de-golf-sorel-tracy-les-dunes,publish,1,philgoupil@yahoo.ca,philgoupil@yahoo.ca,,,,default,0,0,0,open,open,2025-12-15
16214,"Upstairs Jazz Bar & Grill",https://jaimelequebec.org/jmlq_lieu/upstairs-jazz-bar-grill/,,,,,upstairs-jazz-bar-grill,publish,1,philgoupil@yahoo.ca,philgoupil@yahoo.ca,,,,default,0,0,0,open,open,2025-12-15
16215,"HÔTEL MATAG",https://jaimelequebec.org/jmlq_lieu/hotel-matag/,,,,,hotel-matag,publish,1,philgoupil@yahoo.ca,philgoupil@yahoo.ca,,,,default,0,0,0,open,open,2025-12-15
16216,"HÔTEL MANOIR VICTORIA",https://jaimelequebec.org/jmlq_lieu/hotel-manoir-victoria/,,,,,hotel-manoir-victoria,publish,1,philgoupil@yahoo.ca,philgoupil@yahoo.ca,,,,default,0,0,0,open,open,2025-12-15
16217,"HÔTEL MARIE ROLLET",https://jaimelequebec.org/jmlq_lieu/hotel-marie-rollet/,,,,,hotel-marie-rollet,publish,1,philgoupil@yahoo.ca,philgoupil@yahoo.ca,,,,default,0,0,0,open,open,2025-12-15
16218,"GÎTE L'IMPRÉVU",https://jaimelequebec.org/jmlq_lieu/gite-limprevu/,,,,,gite-limprevu,publish,1,philgoupil@yahoo.ca,philgoupil@yahoo.ca,,,,default,0,0,0,open,open,2025-12-15
16219,"CHALET BOHÔME",https://jaimelequebec.org/jmlq_lieu/chalet-bohome/,,,,,chalet-bohome,publish,1,philgoupil@yahoo.ca,philgoupil@yahoo.ca,,,,default,0,0,0,open,open,2025-12-15
16220,"Centre-de-plein-air-Ronald-Beauregard / Patinage sur glace",https://jaimelequebec.org/jmlq_lieu/centre-de-plein-air-ronald-beauregard-patinage-sur-glace/,,,,,centre-de-plein-air-ronald-beauregard-patinage-sur-glace,publish,1,philgoupil@yahoo.ca,philgoupil@yahoo.ca,,,,default,0,0,0,open,open,2025-12-15
16221,"Centre Vorlage",https://jaimelequebec.org/jmlq_lieu/centre-vorlage/,,,,,centre-vorlage,publish,1,philgoupil@yahoo.ca,philgoupil@yahoo.ca,,,,default,0,0,0,open,open,2025-12-15
16222,"LE PETIT CERF",https://jaimelequebec.org/jmlq_lieu/le-petit-cerf/,,,,,le-petit-cerf,publish,1,philgoupil@yahoo.ca,philgoupil@yahoo.ca,,,,default,0,0,0,open,open,2025-12-15
16223,"CHALET MEMPHRÉ - LA DAME DE L'EAU",https://jaimelequebec.org/jmlq_lieu/chalet-memphre-la-dame-de-leau/,,,,,chalet-memphre-la-dame-de-leau,publish,1,philgoupil@yahoo.ca,philgoupil@yahoo.ca,,,,default,0,0,0,open,open,2025-12-15
16224,"111 RUE SAINT JOSEPH EST",https://jaimelequebec.org/jmlq_lieu/111-rue-saint-joseph-est/,,,,,111-rue-saint-joseph-est,publish,1,philgoupil@yahoo.ca,philgoupil@yahoo.ca,,,,default,0,0,0,open,open,2025-12-15
16225,"Club de golf de L'Auberivière",https://jaimelequebec.org/jmlq_lieu/club-de-golf-de-lauberiviere/,,,,,club-de-golf-de-lauberiviere,publish,1,philgoupil@yahoo.ca,philgoupil@yahoo.ca,,,,default,0,0,0,open,open,2025-12-15
16226,"GÎTE DÉZÉRY",https://jaimelequebec.org/jmlq_lieu/gite-dezery/,,,,,gite-dezery,publish,1,philgoupil@yahoo.ca,philgoupil@yahoo.ca,,,,default,0,0,0,open,open,2025-12-15
16227,"CHALET DIVIN",https://jaimelequebec.org/jmlq_lieu/chalet-divin/,,,,,chalet-divin,publish,1,philgoupil@yahoo.ca,philgoupil@yahoo.ca,,,,default,0,0,0,open,open,2025-12-15
16228,"VILLA BIRDIE",https://jaimelequebec.org/jmlq_lieu/villa-birdie/,,,,,villa-birdie,publish,1,philgoupil@yahoo.ca,philgoupil@yahoo.ca,,,,default,0,0,0,open,open,2025-12-15
16229,"AU BALCON VERT D'ULVERTON",https://jaimelequebec.org/jmlq_lieu/au-balcon-vert-dulverton/,,,,,au-balcon-vert-dulverton,publish,1,philgoupil@yahoo.ca,philgoupil@yahoo.ca,,,,default,0,0,0,open,open,2025-12-15
16230,"Annette bar à vin",https://jaimelequebec.org/jmlq_lieu/annette-bar-a-vin/,,,,,annette-bar-a-vin,publish,1,philgoupil@yahoo.ca,philgoupil@yahoo.ca,,,,default,0,0,0,open,open,2025-12-15
16231,NÖGE,https://jaimelequebec.org/jmlq_lieu/noge/,,,,,noge,publish,1,philgoupil@yahoo.ca,philgoupil@yahoo.ca,,,,default,0,0,0,open,open,2025-12-15
16232,Tyroparc,https://jaimelequebec.org/jmlq_lieu/tyroparc/,,,,,tyroparc,publish,1,philgoupil@yahoo.ca,philgoupil@yahoo.ca,,,,default,0,0,0,open,open,2025-12-15
16233,"Boston Pizza (Saguenay)",https://jaimelequebec.org/jmlq_lieu/boston-pizza-saguenay/,,,,,boston-pizza-saguenay,publish,1,philgoupil@yahoo.ca,philgoupil@yahoo.ca,,,,default,0,0,0,open,open,2025-12-15
16234,"AUBERGE LES BONS MATINS B&B 1405-1407 AV. ARGYLE",https://jaimelequebec.org/jmlq_lieu/auberge-les-bons-matins-bb-1405-1407-av-argyle/,,,,,auberge-les-bons-matins-bb-1405-1407-av-argyle,publish,1,philgoupil@yahoo.ca,philgoupil@yahoo.ca,,,,default,0,0,0,open,open,2025-12-15
16235,"CAMPING DE LA FALAISE",https://jaimelequebec.org/jmlq_lieu/camping-de-la-falaise/,,,,,camping-de-la-falaise,publish,1,philgoupil@yahoo.ca,philgoupil@yahoo.ca,,,,default,0,0,0,open,open,2025-12-15
16236,"LA MAISON DU LAC MATAPÉDIA",https://jaimelequebec.org/jmlq_lieu/la-maison-du-lac-matapedia/,,,,,la-maison-du-lac-matapedia,publish,1,philgoupil@yahoo.ca,philgoupil@yahoo.ca,,,,default,0,0,0,open,open,2025-12-15
16237,"Manoir aux mystères",https://jaimelequebec.org/jmlq_lieu/manoir-aux-mysteres/,,,,,manoir-aux-mysteres,publish,1,philgoupil@yahoo.ca,philgoupil@yahoo.ca,,,,default,0,0,0,open,open,2025-12-15
16238,"Paintball Fort Ouest",https://jaimelequebec.org/jmlq_lieu/paintball-fort-ouest/,,,,,paintball-fort-ouest,publish,1,philgoupil@yahoo.ca,philgoupil@yahoo.ca,,,,default,0,0,0,open,open,2025-12-15
16239,"CHALET PANORAMA 1251",https://jaimelequebec.org/jmlq_lieu/chalet-panorama-1251/,,,,,chalet-panorama-1251,publish,1,philgoupil@yahoo.ca,philgoupil@yahoo.ca,,,,default,0,0,0,open,open,2025-12-15
16240,"CHALET DÉTENTE ORFORD",https://jaimelequebec.org/jmlq_lieu/chalet-detente-orford/,,,,,chalet-detente-orford,publish,1,philgoupil@yahoo.ca,philgoupil@yahoo.ca,,,,default,0,0,0,open,open,2025-12-15
16241,"LE DEN DE TREMBLANT",https://jaimelequebec.org/jmlq_lieu/le-den-de-tremblant/,,,,,le-den-de-tremblant,publish,1,philgoupil@yahoo.ca,philgoupil@yahoo.ca,,,,default,0,0,0,open,open,2025-12-15
16242,"LE CHALEUREUX 61",https://jaimelequebec.org/jmlq_lieu/le-chaleureux-61/,,,,,le-chaleureux-61,publish,1,philgoupil@yahoo.ca,philgoupil@yahoo.ca,,,,default,0,0,0,open,open,2025-12-15
16243,"Les planches natürSUP inc.",https://jaimelequebec.org/jmlq_lieu/les-planches-natursup-inc/,,,,,les-planches-natursup-inc,publish,1,philgoupil@yahoo.ca,philgoupil@yahoo.ca,,,,default,0,0,0,open,open,2025-12-15
16244,"LE CHALET DU GOLF",https://jaimelequebec.org/jmlq_lieu/le-chalet-du-golf/,,,,,le-chalet-du-golf,publish,1,philgoupil@yahoo.ca,philgoupil@yahoo.ca,,,,default,0,0,0,open,open,2025-12-15
16245,"Pangea Restaurant Et Bar",https://jaimelequebec.org/jmlq_lieu/pangea-restaurant-et-bar/,,,,,pangea-restaurant-et-bar,publish,1,philgoupil@yahoo.ca,philgoupil@yahoo.ca,,,,default,0,0,0,open,open,2025-12-15
16246,"LES CHALETS NATURA",https://jaimelequebec.org/jmlq_lieu/les-chalets-natura/,,,,,les-chalets-natura,publish,1,philgoupil@yahoo.ca,philgoupil@yahoo.ca,,,,default,0,0,0,open,open,2025-12-15
16247,"LE CLOS DES BRUMES",https://jaimelequebec.org/jmlq_lieu/le-clos-des-brumes/,,,,,le-clos-des-brumes,publish,1,philgoupil@yahoo.ca,philgoupil@yahoo.ca,,,,default,0,0,0,open,open,2025-12-15
16248,"Le Castel - Restaurant à Trois Rivières - Plaisir et bon goût",https://jaimelequebec.org/jmlq_lieu/le-castel-restaurant-a-trois-rivieres-plaisir-et-bon-gout/,,,,,le-castel-restaurant-a-trois-rivieres-plaisir-et-bon-gout,publish,1,philgoupil@yahoo.ca,philgoupil@yahoo.ca,,,,default,0,0,0,open,open,2025-12-15
16249,"CAMPING DES CHUTES-DE-LA-ROUGE",https://jaimelequebec.org/jmlq_lieu/camping-des-chutes-de-la-rouge/,,,,,camping-des-chutes-de-la-rouge,publish,1,philgoupil@yahoo.ca,philgoupil@yahoo.ca,,,,default,0,0,0,open,open,2025-12-15
16250,"LE LAGON BLEU",https://jaimelequebec.org/jmlq_lieu/le-lagon-bleu/,,,,,le-lagon-bleu,publish,1,philgoupil@yahoo.ca,philgoupil@yahoo.ca,,,,default,0,0,0,open,open,2025-12-15
16251,"DOMAINE LAC BROMPTON",https://jaimelequebec.org/jmlq_lieu/domaine-lac-brompton/,,,,,domaine-lac-brompton,publish,1,philgoupil@yahoo.ca,philgoupil@yahoo.ca,,,,default,0,0,0,open,open,2025-12-15
16252,"ATTITUDE MONTAGNE",https://jaimelequebec.org/jmlq_lieu/attitude-montagne/,,,,,attitude-montagne,publish,1,philgoupil@yahoo.ca,philgoupil@yahoo.ca,,,,default,0,0,0,open,open,2025-12-15
16253,"Café British",https://jaimelequebec.org/jmlq_lieu/cafe-british/,,,,,cafe-british,publish,1,philgoupil@yahoo.ca,philgoupil@yahoo.ca,,,,default,0,0,0,open,open,2025-12-15
16254,"Corporation de développement de l'Étang Burbank",https://jaimelequebec.org/jmlq_lieu/corporation-de-developpement-de-letang-burbank/,,,,,corporation-de-developpement-de-letang-burbank,publish,1,philgoupil@yahoo.ca,philgoupil@yahoo.ca,,,,default,0,0,0,open,open,2025-12-15
16255,"CHALET CHIC SHACK",https://jaimelequebec.org/jmlq_lieu/chalet-chic-shack/,,,,,chalet-chic-shack,publish,1,philgoupil@yahoo.ca,philgoupil@yahoo.ca,,,,default,0,0,0,open,open,2025-12-15
16256,"CAMPING MUNICIPAL DE L'ISLE-AUX-GRUES",https://jaimelequebec.org/jmlq_lieu/camping-municipal-de-lisle-aux-grues/,,,,,camping-municipal-de-lisle-aux-grues,publish,1,philgoupil@yahoo.ca,philgoupil@yahoo.ca,,,,default,0,0,0,open,open,2025-12-15
16257,"Le belvédère Champlain",https://jaimelequebec.org/jmlq_lieu/le-belvedere-champlain/,,,,,le-belvedere-champlain,publish,1,philgoupil@yahoo.ca,philgoupil@yahoo.ca,,,,default,0,0,0,open,open,2025-12-15
16258,"LA FRATERNELLE",https://jaimelequebec.org/jmlq_lieu/la-fraternelle/,,,,,la-fraternelle,publish,1,philgoupil@yahoo.ca,philgoupil@yahoo.ca,,,,default,0,0,0,open,open,2025-12-15
16259,"Glissades sur tube du Sommet Saint-Sauveur",https://jaimelequebec.org/jmlq_lieu/glissades-sur-tube-du-sommet-saint-sauveur/,,,,,glissades-sur-tube-du-sommet-saint-sauveur,publish,1,philgoupil@yahoo.ca,philgoupil@yahoo.ca,,,,default,0,0,0,open,open,2025-12-15
16260,"APPARTEMENT GASPÉSIEN, VUE SUR MER",https://jaimelequebec.org/jmlq_lieu/appartement-gaspesien-vue-sur-mer/,,,,,appartement-gaspesien-vue-sur-mer,publish,1,philgoupil@yahoo.ca,philgoupil@yahoo.ca,,,,default,0,0,0,open,open,2025-12-15
16261,"CHALETS MATTERHORN",https://jaimelequebec.org/jmlq_lieu/chalets-matterhorn/,,,,,chalets-matterhorn,publish,1,philgoupil@yahoo.ca,philgoupil@yahoo.ca,,,,default,0,0,0,open,open,2025-12-15
16262,"MAISON BORÉALE",https://jaimelequebec.org/jmlq_lieu/maison-boreale/,,,,,maison-boreale,publish,1,philgoupil@yahoo.ca,philgoupil@yahoo.ca,,,,default,0,0,0,open,open,2025-12-15
16263,"MAISON CÉLESTINE",https://jaimelequebec.org/jmlq_lieu/maison-celestine/,,,,,maison-celestine,publish,1,philgoupil@yahoo.ca,philgoupil@yahoo.ca,,,,default,0,0,0,open,open,2025-12-15
16264,"BALEINE ENDIABLÉE",https://jaimelequebec.org/jmlq_lieu/baleine-endiablee/,,,,,baleine-endiablee,publish,1,philgoupil@yahoo.ca,philgoupil@yahoo.ca,,,,default,0,0,0,open,open,2025-12-15
16265,"AUBERGE MUSICALE POUR UN INSTANT",https://jaimelequebec.org/jmlq_lieu/auberge-musicale-pour-un-instant/,,,,,auberge-musicale-pour-un-instant,publish,1,philgoupil@yahoo.ca,philgoupil@yahoo.ca,,,,default,0,0,0,open,open,2025-12-15
16266,"Poissonnerie du Pêcheur",https://jaimelequebec.org/jmlq_lieu/poissonnerie-du-pecheur/,,,,,poissonnerie-du-pecheur,publish,1,philgoupil@yahoo.ca,philgoupil@yahoo.ca,,,,default,0,0,0,open,open,2025-12-15
16267,"AUBERGE DU CHÂTEAU BAHIA",https://jaimelequebec.org/jmlq_lieu/auberge-du-chateau-bahia/,,,,,auberge-du-chateau-bahia,publish,1,philgoupil@yahoo.ca,philgoupil@yahoo.ca,,,,default,0,0,0,open,open,2025-12-15
16268,LAMA,https://jaimelequebec.org/jmlq_lieu/lama/,,,,,lama,publish,1,philgoupil@yahoo.ca,philgoupil@yahoo.ca,,,,default,0,0,0,open,open,2025-12-15
16269,"HÔTEL MARINEAU CENTRE",https://jaimelequebec.org/jmlq_lieu/hotel-marineau-centre/,,,,,hotel-marineau-centre,publish,1,philgoupil@yahoo.ca,philgoupil@yahoo.ca,,,,default,0,0,0,open,open,2025-12-15
16270,"Fanfare Boulangerie-Restaurant",https://jaimelequebec.org/jmlq_lieu/fanfare-boulangerie-restaurant/,,,,,fanfare-boulangerie-restaurant,publish,1,philgoupil@yahoo.ca,philgoupil@yahoo.ca,,,,default,0,0,0,open,open,2025-12-15
16271,"POP Spirit",https://jaimelequebec.org/jmlq_lieu/pop-spirit/,,,,,pop-spirit,publish,1,philgoupil@yahoo.ca,philgoupil@yahoo.ca,,,,default,0,0,0,open,open,2025-12-15
16272,"Steakerie Sainte-Marie",https://jaimelequebec.org/jmlq_lieu/steakerie-sainte-marie/,,,,,steakerie-sainte-marie,publish,1,philgoupil@yahoo.ca,philgoupil@yahoo.ca,,,,default,0,0,0,open,open,2025-12-15
16273,"Port de plaisance d'Alma",https://jaimelequebec.org/jmlq_lieu/port-de-plaisance-dalma/,,,,,port-de-plaisance-dalma,publish,1,philgoupil@yahoo.ca,philgoupil@yahoo.ca,,,,default,0,0,0,open,open,2025-12-15
16274,"CHALET-FORÊT 12",https://jaimelequebec.org/jmlq_lieu/chalet-foret-12/,,,,,chalet-foret-12,publish,1,philgoupil@yahoo.ca,philgoupil@yahoo.ca,,,,default,0,0,0,open,open,2025-12-15
16275,"POURVOIRIE CHALETS DIANE",https://jaimelequebec.org/jmlq_lieu/pourvoirie-chalets-diane/,,,,,pourvoirie-chalets-diane,publish,1,philgoupil@yahoo.ca,philgoupil@yahoo.ca,,,,default,0,0,0,open,open,2025-12-15
16276,"CHALET DES 3 FILLES",https://jaimelequebec.org/jmlq_lieu/chalet-des-3-filles/,,,,,chalet-des-3-filles,publish,1,philgoupil@yahoo.ca,philgoupil@yahoo.ca,,,,default,0,0,0,open,open,2025-12-15
16277,"Délire Escalade (Lévis)",https://jaimelequebec.org/jmlq_lieu/delire-escalade-levis/,,,,,delire-escalade-levis,publish,1,philgoupil@yahoo.ca,philgoupil@yahoo.ca,,,,default,0,0,0,open,open,2025-12-15
16278,"La Vie, la Vie comptoir santé",https://jaimelequebec.org/jmlq_lieu/la-vie-la-vie-comptoir-sante/,,,,,la-vie-la-vie-comptoir-sante,publish,1,philgoupil@yahoo.ca,philgoupil@yahoo.ca,,,,default,0,0,0,open,open,2025-12-15
16279,"Pourvoirie Domaine Bazinet inc. / Pêche blanche",https://jaimelequebec.org/jmlq_lieu/pourvoirie-domaine-bazinet-inc-peche-blanche/,,,,,pourvoirie-domaine-bazinet-inc-peche-blanche,publish,1,philgoupil@yahoo.ca,philgoupil@yahoo.ca,,,,default,0,0,0,open,open,2025-12-15
16280,CBC/Radio-Canada,https://jaimelequebec.org/jmlq_lieu/cbc-radio-canada/,,,,,cbc-radio-canada,publish,1,philgoupil@yahoo.ca,philgoupil@yahoo.ca,,,,default,0,0,0,open,open,2025-12-15
16281,"9176-0611 QUÉBEC INC.",https://jaimelequebec.org/jmlq_lieu/9176-0611-quebec-inc/,,,,,9176-0611-quebec-inc,publish,1,philgoupil@yahoo.ca,philgoupil@yahoo.ca,,,,default,0,0,0,open,open,2025-12-15
16282,"À L'ANCRE DU SAINT-LAURENT",https://jaimelequebec.org/jmlq_lieu/a-lancre-du-saint-laurent/,,,,,a-lancre-du-saint-laurent,publish,1,philgoupil@yahoo.ca,philgoupil@yahoo.ca,,,,default,0,0,0,open,open,2025-12-15
16283,"CHALET BIA - CAP AU SUD",https://jaimelequebec.org/jmlq_lieu/chalet-bia-cap-au-sud/,,,,,chalet-bia-cap-au-sud,publish,1,philgoupil@yahoo.ca,philgoupil@yahoo.ca,,,,default,0,0,0,open,open,2025-12-15
16284,"MOTEL AU VIEUX FRONTENAC",https://jaimelequebec.org/jmlq_lieu/motel-au-vieux-frontenac/,,,,,motel-au-vieux-frontenac,publish,1,philgoupil@yahoo.ca,philgoupil@yahoo.ca,,,,default,0,0,0,open,open,2025-12-15
16285,"Pub Chelsea",https://jaimelequebec.org/jmlq_lieu/pub-chelsea/,,,,,pub-chelsea,publish,1,philgoupil@yahoo.ca,philgoupil@yahoo.ca,,,,default,0,0,0,open,open,2025-12-15
16286,"CAMP DES BOULEAUX",https://jaimelequebec.org/jmlq_lieu/camp-des-bouleaux/,,,,,camp-des-bouleaux,publish,1,philgoupil@yahoo.ca,philgoupil@yahoo.ca,,,,default,0,0,0,open,open,2025-12-15
16287,"CAMP DES 3 SAISONS",https://jaimelequebec.org/jmlq_lieu/camp-des-3-saisons/,,,,,camp-des-3-saisons,publish,1,philgoupil@yahoo.ca,philgoupil@yahoo.ca,,,,default,0,0,0,open,open,2025-12-15
16288,"CAMP DENIS",https://jaimelequebec.org/jmlq_lieu/camp-denis/,,,,,camp-denis,publish,1,philgoupil@yahoo.ca,philgoupil@yahoo.ca,,,,default,0,0,0,open,open,2025-12-15
16289,"CAMP DE VILLE RN",https://jaimelequebec.org/jmlq_lieu/camp-de-ville-rn/,,,,,camp-de-ville-rn,publish,1,philgoupil@yahoo.ca,philgoupil@yahoo.ca,,,,default,0,0,0,open,open,2025-12-15
16290,"Camp de jour Champêtre Redwood - Club Aventure Redwood",https://jaimelequebec.org/jmlq_lieu/camp-de-jour-champetre-redwood-club-aventure-redwood/,,,,,camp-de-jour-champetre-redwood-club-aventure-redwood,publish,1,philgoupil@yahoo.ca,philgoupil@yahoo.ca,,,,default,0,0,0,open,open,2025-12-15
16291,"Camp de Base Abitibi",https://jaimelequebec.org/jmlq_lieu/camp-de-base-abitibi/,,,,,camp-de-base-abitibi,publish,1,philgoupil@yahoo.ca,philgoupil@yahoo.ca,,,,default,0,0,0,open,open,2025-12-15
16292,"CAMP D'ARTS ÉCOLOGIQUES - ERE DE L'ESTUAIRE INC",https://jaimelequebec.org/jmlq_lieu/camp-darts-ecologiques-ere-de-lestuaire-inc/,,,,,camp-darts-ecologiques-ere-de-lestuaire-inc,publish,1,philgoupil@yahoo.ca,philgoupil@yahoo.ca,,,,default,0,0,0,open,open,2025-12-15
16293,"AUBERGE CHÂTEAU LAMONTAGNE",https://jaimelequebec.org/jmlq_lieu/auberge-chateau-lamontagne/,,,,,auberge-chateau-lamontagne,publish,1,philgoupil@yahoo.ca,philgoupil@yahoo.ca,,,,default,0,0,0,open,open,2025-12-15
16294,"CAMPING DE L'ANSE",https://jaimelequebec.org/jmlq_lieu/camping-de-lanse/,,,,,camping-de-lanse,publish,1,philgoupil@yahoo.ca,philgoupil@yahoo.ca,,,,default,0,0,0,open,open,2025-12-15
16295,"CAMPING DE L'AMITIÉ",https://jaimelequebec.org/jmlq_lieu/camping-de-lamitie/,,,,,camping-de-lamitie,publish,1,philgoupil@yahoo.ca,philgoupil@yahoo.ca,,,,default,0,0,0,open,open,2025-12-15
16296,"CHALET GRANDE POINTE 8",https://jaimelequebec.org/jmlq_lieu/chalet-grande-pointe-8/,,,,,chalet-grande-pointe-8,publish,1,philgoupil@yahoo.ca,philgoupil@yahoo.ca,,,,default,0,0,0,open,open,2025-12-15
16297,"AU BLANC MARRONNIER",https://jaimelequebec.org/jmlq_lieu/au-blanc-marronnier/,,,,,au-blanc-marronnier,publish,1,philgoupil@yahoo.ca,philgoupil@yahoo.ca,,,,default,0,0,0,open,open,2025-12-15
16298,"LA CAPITAINERIE DU PASSANT",https://jaimelequebec.org/jmlq_lieu/la-capitainerie-du-passant/,,,,,la-capitainerie-du-passant,publish,1,philgoupil@yahoo.ca,philgoupil@yahoo.ca,,,,default,0,0,0,open,open,2025-12-15
16299,"LA CAPITAINERIE DU LAC MEGANTIC INC",https://jaimelequebec.org/jmlq_lieu/la-capitainerie-du-lac-megantic-inc/,,,,,la-capitainerie-du-lac-megantic-inc,publish,1,philgoupil@yahoo.ca,philgoupil@yahoo.ca,,,,default,0,0,0,open,open,2025-12-15
16300,"Parc Terre-des-Jeunes",https://jaimelequebec.org/jmlq_lieu/parc-terre-des-jeunes/,,,,,parc-terre-des-jeunes,publish,1,philgoupil@yahoo.ca,philgoupil@yahoo.ca,,,,default,0,0,0,open,open,2025-12-15
16301,"RODEWAY INN AMOS PIKOGAN",https://jaimelequebec.org/jmlq_lieu/rodeway-inn-amos-pikogan/,,,,,rodeway-inn-amos-pikogan,publish,1,philgoupil@yahoo.ca,philgoupil@yahoo.ca,,,,default,0,0,0,open,open,2025-12-15
16302,"Parc André-Auger",https://jaimelequebec.org/jmlq_lieu/parc-andre-auger/,,,,,parc-andre-auger,publish,1,philgoupil@yahoo.ca,philgoupil@yahoo.ca,,,,default,0,0,0,open,open,2025-12-15
16303,"CHALET DE LA RIVE",https://jaimelequebec.org/jmlq_lieu/chalet-de-la-rive/,,,,,chalet-de-la-rive,publish,1,philgoupil@yahoo.ca,philgoupil@yahoo.ca,,,,default,0,0,0,open,open,2025-12-15
16304,"CAMP HOSTYN",https://jaimelequebec.org/jmlq_lieu/camp-hostyn/,,,,,camp-hostyn,publish,1,philgoupil@yahoo.ca,philgoupil@yahoo.ca,,,,default,0,0,0,open,open,2025-12-15
16305,"CHALET ÉCO-PASSIF ESCAPADE DE L'EST",https://jaimelequebec.org/jmlq_lieu/chalet-eco-passif-escapade-de-lest/,,,,,chalet-eco-passif-escapade-de-lest,publish,1,philgoupil@yahoo.ca,philgoupil@yahoo.ca,,,,default,0,0,0,open,open,2025-12-15
16306,"HÔTEL ST-THOMAS",https://jaimelequebec.org/jmlq_lieu/hotel-st-thomas/,,,,,hotel-st-thomas,publish,1,philgoupil@yahoo.ca,philgoupil@yahoo.ca,,,,default,0,0,0,open,open,2025-12-15
16307,"Café du QG",https://jaimelequebec.org/jmlq_lieu/cafe-du-qg/,,,,,cafe-du-qg,publish,1,philgoupil@yahoo.ca,philgoupil@yahoo.ca,,,,default,0,0,0,open,open,2025-12-15
16308,"APPART-HÔTEL LA TUQUE",https://jaimelequebec.org/jmlq_lieu/appart-hotel-la-tuque/,,,,,appart-hotel-la-tuque,publish,1,philgoupil@yahoo.ca,philgoupil@yahoo.ca,,,,default,0,0,0,open,open,2025-12-15
16309,"UNITÉ 17",https://jaimelequebec.org/jmlq_lieu/unite-17/,,,,,unite-17,publish,1,philgoupil@yahoo.ca,philgoupil@yahoo.ca,,,,default,0,0,0,open,open,2025-12-15
16310,"KIO-O, CENTRE DE RESSOURCEMENT ET DE CRÉATIVITÉ",https://jaimelequebec.org/jmlq_lieu/kio-o-centre-de-ressourcement-et-de-creativite/,,,,,kio-o-centre-de-ressourcement-et-de-creativite,publish,1,philgoupil@yahoo.ca,philgoupil@yahoo.ca,,,,default,0,0,0,open,open,2025-12-15
16311,"Camping Anticosti - Sépaq | Camping et prêt-à-camper | L'Île-d'Anticosti | Bonjour Québec",https://jaimelequebec.org/jmlq_lieu/camping-anticosti-sepaq-camping-et-pret-a-camper-lile-danticosti-bonjour-quebec/,,,,,camping-anticosti-sepaq-camping-et-pret-a-camper-lile-danticosti-bonjour-quebec,publish,1,philgoupil@yahoo.ca,philgoupil@yahoo.ca,,,,default,0,0,0,open,open,2025-12-15
16312,CHALET,https://jaimelequebec.org/jmlq_lieu/chalet/,,,,,chalet,publish,1,philgoupil@yahoo.ca,philgoupil@yahoo.ca,,,,default,0,0,0,open,open,2025-12-15
16313,"LA SAINTE PAIX",https://jaimelequebec.org/jmlq_lieu/la-sainte-paix/,,,,,la-sainte-paix,publish,1,philgoupil@yahoo.ca,philgoupil@yahoo.ca,,,,default,0,0,0,open,open,2025-12-15
16314,"Bistro Café Summum (Chicoutimi)",https://jaimelequebec.org/jmlq_lieu/bistro-cafe-summum-chicoutimi/,,,,,bistro-cafe-summum-chicoutimi,publish,1,philgoupil@yahoo.ca,philgoupil@yahoo.ca,,,,default,0,0,0,open,open,2025-12-15
16315,"Au Petit Coin Breton",https://jaimelequebec.org/jmlq_lieu/au-petit-coin-breton/,,,,,au-petit-coin-breton,publish,1,philgoupil@yahoo.ca,philgoupil@yahoo.ca,,,,default,0,0,0,open,open,2025-12-15
16316,"Chou de Bruxelles",https://jaimelequebec.org/jmlq_lieu/chou-de-bruxelles/,,,,,chou-de-bruxelles,publish,1,philgoupil@yahoo.ca,philgoupil@yahoo.ca,,,,default,0,0,0,open,open,2025-12-15
16317,"Griendel Brasserie artisanale",https://jaimelequebec.org/jmlq_lieu/griendel-brasserie-artisanale/,,,,,griendel-brasserie-artisanale,publish,1,philgoupil@yahoo.ca,philgoupil@yahoo.ca,,,,default,0,0,0,open,open,2025-12-15
16318,"YEN Cuisine Japonaise",https://jaimelequebec.org/jmlq_lieu/yen-cuisine-japonaise/,,,,,yen-cuisine-japonaise,publish,1,philgoupil@yahoo.ca,philgoupil@yahoo.ca,,,,default,0,0,0,open,open,2025-12-15
16319,"CHUTE COUETTE & CAFÉ",https://jaimelequebec.org/jmlq_lieu/chute-couette-cafe/,,,,,chute-couette-cafe,publish,1,philgoupil@yahoo.ca,philgoupil@yahoo.ca,,,,default,0,0,0,open,open,2025-12-15
16320,"AUBERGE LOUIS-HÉBERT",https://jaimelequebec.org/jmlq_lieu/auberge-louis-hebert/,,,,,auberge-louis-hebert,publish,1,philgoupil@yahoo.ca,philgoupil@yahoo.ca,,,,default,0,0,0,open,open,2025-12-15
16321,"LE MYLIE",https://jaimelequebec.org/jmlq_lieu/le-mylie/,,,,,le-mylie,publish,1,philgoupil@yahoo.ca,philgoupil@yahoo.ca,,,,default,0,0,0,open,open,2025-12-15
16322,"Restaurant Le Rond Point",https://jaimelequebec.org/jmlq_lieu/restaurant-le-rond-point/,,,,,restaurant-le-rond-point,publish,1,philgoupil@yahoo.ca,philgoupil@yahoo.ca,,,,default,0,0,0,open,open,2025-12-15
16323,"LES IMMEUBLES CHARLEVOIX COURTIER - CODE 227",https://jaimelequebec.org/jmlq_lieu/les-immeubles-charlevoix-courtier-code-227/,,,,,les-immeubles-charlevoix-courtier-code-227,publish,1,philgoupil@yahoo.ca,philgoupil@yahoo.ca,,,,default,0,0,0,open,open,2025-12-15
16324,"Le Cellier Resto/bar à vin",https://jaimelequebec.org/jmlq_lieu/le-cellier-resto-bar-a-vin/,,,,,le-cellier-resto-bar-a-vin,publish,1,philgoupil@yahoo.ca,philgoupil@yahoo.ca,,,,default,0,0,0,open,open,2025-12-15
16325,"Centre de Massothérapie Liane Dufresne",https://jaimelequebec.org/jmlq_lieu/centre-de-massotherapie-liane-dufresne/,,,,,centre-de-massotherapie-liane-dufresne,publish,1,philgoupil@yahoo.ca,philgoupil@yahoo.ca,,,,default,0,0,0,open,open,2025-12-15
16326,"Hébergement DE LA RASSEMBLEUSE",https://jaimelequebec.org/jmlq_lieu/hebergement-de-la-rassembleuse/,,,,,hebergement-de-la-rassembleuse,publish,1,philgoupil@yahoo.ca,philgoupil@yahoo.ca,,,,default,0,0,0,open,open,2025-12-15
16327,"Club de golf Matha",https://jaimelequebec.org/jmlq_lieu/club-de-golf-matha/,,,,,club-de-golf-matha,publish,1,philgoupil@yahoo.ca,philgoupil@yahoo.ca,,,,default,0,0,0,open,open,2025-12-15
16328,"LES LOFTS DE LA FABRIQUE - PAR LES LOFTS VIEUX-QUÉBEC",https://jaimelequebec.org/jmlq_lieu/les-lofts-de-la-fabrique-par-les-lofts-vieux-quebec/,,,,,les-lofts-de-la-fabrique-par-les-lofts-vieux-quebec,publish,1,philgoupil@yahoo.ca,philgoupil@yahoo.ca,,,,default,0,0,0,open,open,2025-12-15
16329,"HÔTEL VAL-DES-SOURCES",https://jaimelequebec.org/jmlq_lieu/hotel-val-des-sources/,,,,,hotel-val-des-sources,publish,1,philgoupil@yahoo.ca,philgoupil@yahoo.ca,,,,default,0,0,0,open,open,2025-12-15
16330,"HÔTEL MARINEAU MATTAWIN",https://jaimelequebec.org/jmlq_lieu/hotel-marineau-mattawin/,,,,,hotel-marineau-mattawin,publish,1,philgoupil@yahoo.ca,philgoupil@yahoo.ca,,,,default,0,0,0,open,open,2025-12-15
16331,"Bar à vin Liège",https://jaimelequebec.org/jmlq_lieu/bar-a-vin-liege/,,,,,bar-a-vin-liege,publish,1,philgoupil@yahoo.ca,philgoupil@yahoo.ca,,,,default,0,0,0,open,open,2025-12-15
16332,"Hébergement CHARLEVOIX BEL-175",https://jaimelequebec.org/jmlq_lieu/hebergement-charlevoix-bel-175/,,,,,hebergement-charlevoix-bel-175,publish,1,philgoupil@yahoo.ca,philgoupil@yahoo.ca,,,,default,0,0,0,open,open,2025-12-15
16333,"HÔTEL ATYPIQ",https://jaimelequebec.org/jmlq_lieu/hotel-atypiq/,,,,,hotel-atypiq,publish,1,philgoupil@yahoo.ca,philgoupil@yahoo.ca,,,,default,0,0,0,open,open,2025-12-15
16334,"Délia Eggxtra - Grand-mère Délia",https://jaimelequebec.org/jmlq_lieu/delia-eggxtra-grand-mere-delia/,,,,,delia-eggxtra-grand-mere-delia,publish,1,philgoupil@yahoo.ca,philgoupil@yahoo.ca,,,,default,0,0,0,open,open,2025-12-15
16335,"AUBERGE AUX NUITS DE RÊVE",https://jaimelequebec.org/jmlq_lieu/auberge-aux-nuits-de-reve/,,,,,auberge-aux-nuits-de-reve,publish,1,philgoupil@yahoo.ca,philgoupil@yahoo.ca,,,,default,0,0,0,open,open,2025-12-15
16336,"CAMPING MELBOURNE - ESTRIE",https://jaimelequebec.org/jmlq_lieu/camping-melbourne-estrie/,,,,,camping-melbourne-estrie,publish,1,philgoupil@yahoo.ca,philgoupil@yahoo.ca,,,,default,0,0,0,open,open,2025-12-15
16337,"La Luncheonette",https://jaimelequebec.org/jmlq_lieu/la-luncheonette/,,,,,la-luncheonette,publish,1,philgoupil@yahoo.ca,philgoupil@yahoo.ca,,,,default,0,0,0,open,open,2025-12-15
16338,Yubari,https://jaimelequebec.org/jmlq_lieu/yubari/,,,,,yubari,publish,1,philgoupil@yahoo.ca,philgoupil@yahoo.ca,,,,default,0,0,0,open,open,2025-12-15
16339,"POURVOIRIE MONTS-VALIN DU ARCHER",https://jaimelequebec.org/jmlq_lieu/pourvoirie-monts-valin-du-archer/,,,,,pourvoirie-monts-valin-du-archer,publish,1,philgoupil@yahoo.ca,philgoupil@yahoo.ca,,,,default,0,0,0,open,open,2025-12-15
16340,"RIÔTEL BONAVENTURE",https://jaimelequebec.org/jmlq_lieu/riotel-bonaventure/,,,,,riotel-bonaventure,publish,1,philgoupil@yahoo.ca,philgoupil@yahoo.ca,,,,default,0,0,0,open,open,2025-12-15
16341,"PREMIÈRE NATION DES INNUS DE NUTASHKUAN - POURVOIRIE HIPOU",https://jaimelequebec.org/jmlq_lieu/premiere-nation-des-innus-de-nutashkuan-pourvoirie-hipou/,,,,,premiere-nation-des-innus-de-nutashkuan-pourvoirie-hipou,publish,1,philgoupil@yahoo.ca,philgoupil@yahoo.ca,,,,default,0,0,0,open,open,2025-12-15
16342,"VERBIER 104-3010 ALLEE DU VALAIS",https://jaimelequebec.org/jmlq_lieu/verbier-104-3010-allee-du-valais/,,,,,verbier-104-3010-allee-du-valais,publish,1,philgoupil@yahoo.ca,philgoupil@yahoo.ca,,,,default,0,0,0,open,open,2025-12-15
16343,"LE CHIC ST-MAURICE",https://jaimelequebec.org/jmlq_lieu/le-chic-st-maurice/,,,,,le-chic-st-maurice,publish,1,philgoupil@yahoo.ca,philgoupil@yahoo.ca,,,,default,0,0,0,open,open,2025-12-15
16344,"Grégoire Sport",https://jaimelequebec.org/jmlq_lieu/gregoire-sport/,,,,,gregoire-sport,publish,1,philgoupil@yahoo.ca,philgoupil@yahoo.ca,,,,default,0,0,0,open,open,2025-12-15
16345,"LA BELLE D'ALFRED-PELLAN",https://jaimelequebec.org/jmlq_lieu/la-belle-dalfred-pellan/,,,,,la-belle-dalfred-pellan,publish,1,philgoupil@yahoo.ca,philgoupil@yahoo.ca,,,,default,0,0,0,open,open,2025-12-15
16346,"Réserve faunique des rivières Matapédia-et-Patapédia",https://jaimelequebec.org/jmlq_lieu/reserve-faunique-des-rivieres-matapedia-et-patapedia/,,,,,reserve-faunique-des-rivieres-matapedia-et-patapedia,publish,1,philgoupil@yahoo.ca,philgoupil@yahoo.ca,,,,default,0,0,0,open,open,2025-12-15
16347,"Glissades de Ville-Marie",https://jaimelequebec.org/jmlq_lieu/glissades-de-ville-marie/,,,,,glissades-de-ville-marie,publish,1,philgoupil@yahoo.ca,philgoupil@yahoo.ca,,,,default,0,0,0,open,open,2025-12-15
16348,"CHALET DESIGNPUR",https://jaimelequebec.org/jmlq_lieu/chalet-designpur/,,,,,chalet-designpur,publish,1,philgoupil@yahoo.ca,philgoupil@yahoo.ca,,,,default,0,0,0,open,open,2025-12-15
16349,"LE BONHEUR",https://jaimelequebec.org/jmlq_lieu/le-bonheur/,,,,,le-bonheur,publish,1,philgoupil@yahoo.ca,philgoupil@yahoo.ca,,,,default,0,0,0,open,open,2025-12-15
16350,"CAMPING QUÉBEC EN VILLE",https://jaimelequebec.org/jmlq_lieu/camping-quebec-en-ville/,,,,,camping-quebec-en-ville,publish,1,philgoupil@yahoo.ca,philgoupil@yahoo.ca,,,,default,0,0,0,open,open,2025-12-15
16351,"DOMAINE DU MASSIF",https://jaimelequebec.org/jmlq_lieu/domaine-du-massif/,,,,,domaine-du-massif,publish,1,philgoupil@yahoo.ca,philgoupil@yahoo.ca,,,,default,0,0,0,open,open,2025-12-15
16352,"BRIO CHALET LOCATIF",https://jaimelequebec.org/jmlq_lieu/brio-chalet-locatif/,,,,,brio-chalet-locatif,publish,1,philgoupil@yahoo.ca,philgoupil@yahoo.ca,,,,default,0,0,0,open,open,2025-12-15
16353,"LA GRANGE",https://jaimelequebec.org/jmlq_lieu/la-grange/,,,,,la-grange,publish,1,philgoupil@yahoo.ca,philgoupil@yahoo.ca,,,,default,0,0,0,open,open,2025-12-15
16354,"SENTIERS MONT BÉLANGER",https://jaimelequebec.org/jmlq_lieu/sentiers-mont-belanger/,,,,,sentiers-mont-belanger,publish,1,philgoupil@yahoo.ca,philgoupil@yahoo.ca,,,,default,0,0,0,open,open,2025-12-15
16355,"Issan Wineroom",https://jaimelequebec.org/jmlq_lieu/issan-wineroom/,,,,,issan-wineroom,publish,1,philgoupil@yahoo.ca,philgoupil@yahoo.ca,,,,default,0,0,0,open,open,2025-12-15
16356,"LOFT DE LA COUREUSE DES GRÈVES",https://jaimelequebec.org/jmlq_lieu/loft-de-la-coureuse-des-greves/,,,,,loft-de-la-coureuse-des-greves,publish,1,philgoupil@yahoo.ca,philgoupil@yahoo.ca,,,,default,0,0,0,open,open,2025-12-15
16357,"AUBERGE L'INTERMÈDE DU LAC",https://jaimelequebec.org/jmlq_lieu/auberge-lintermede-du-lac/,,,,,auberge-lintermede-du-lac,publish,1,philgoupil@yahoo.ca,philgoupil@yahoo.ca,,,,default,0,0,0,open,open,2025-12-15
16358,"DOMAINE DU LAC KERGUS INC",https://jaimelequebec.org/jmlq_lieu/domaine-du-lac-kergus-inc/,,,,,domaine-du-lac-kergus-inc,publish,1,philgoupil@yahoo.ca,philgoupil@yahoo.ca,,,,default,0,0,0,open,open,2025-12-15
16359,"CHALET DE LA PLAYA",https://jaimelequebec.org/jmlq_lieu/chalet-de-la-playa/,,,,,chalet-de-la-playa,publish,1,philgoupil@yahoo.ca,philgoupil@yahoo.ca,,,,default,0,0,0,open,open,2025-12-15
16360,"COTTAGES DU LAC-ORFORD",https://jaimelequebec.org/jmlq_lieu/cottages-du-lac-orford/,,,,,cottages-du-lac-orford,publish,1,philgoupil@yahoo.ca,philgoupil@yahoo.ca,,,,default,0,0,0,open,open,2025-12-15
16361,"LE CHALET DES PÈRES TRAPPISTES",https://jaimelequebec.org/jmlq_lieu/le-chalet-des-peres-trappistes/,,,,,le-chalet-des-peres-trappistes,publish,1,philgoupil@yahoo.ca,philgoupil@yahoo.ca,,,,default,0,0,0,open,open,2025-12-15
16362,"Brewskey Pub, Taproom et Annexe",https://jaimelequebec.org/jmlq_lieu/brewskey-pub-taproom-et-annexe/,,,,,brewskey-pub-taproom-et-annexe,publish,1,philgoupil@yahoo.ca,philgoupil@yahoo.ca,,,,default,0,0,0,open,open,2025-12-15
16363,"POURVOIRIE DU LAC LUCIE",https://jaimelequebec.org/jmlq_lieu/pourvoirie-du-lac-lucie/,,,,,pourvoirie-du-lac-lucie,publish,1,philgoupil@yahoo.ca,philgoupil@yahoo.ca,,,,default,0,0,0,open,open,2025-12-15
16364,"Balza Resto-Grill",https://jaimelequebec.org/jmlq_lieu/balza-resto-grill/,,,,,balza-resto-grill,publish,1,philgoupil@yahoo.ca,philgoupil@yahoo.ca,,,,default,0,0,0,open,open,2025-12-15
16365,"Balthazar Café Inc. Rouyn-Noranda",https://jaimelequebec.org/jmlq_lieu/balthazar-cafe-inc-rouyn-noranda/,,,,,balthazar-cafe-inc-rouyn-noranda,publish,1,philgoupil@yahoo.ca,philgoupil@yahoo.ca,,,,default,0,0,0,open,open,2025-12-15
16366,"Le Nordique spa Stoneham",https://jaimelequebec.org/jmlq_lieu/le-nordique-spa-stoneham/,,,,,le-nordique-spa-stoneham,publish,1,philgoupil@yahoo.ca,philgoupil@yahoo.ca,,,,default,0,0,0,open,open,2025-12-15
16367,"CAMPING DOMAINE DE L'ANGE-GARDIEN",https://jaimelequebec.org/jmlq_lieu/camping-domaine-de-lange-gardien/,,,,,camping-domaine-de-lange-gardien,publish,1,philgoupil@yahoo.ca,philgoupil@yahoo.ca,,,,default,0,0,0,open,open,2025-12-15
16368,"AUBERGE BRUINE OCÉANE",https://jaimelequebec.org/jmlq_lieu/auberge-bruine-oceane/,,,,,auberge-bruine-oceane,publish,1,philgoupil@yahoo.ca,philgoupil@yahoo.ca,,,,default,0,0,0,open,open,2025-12-15
16369,"Resto bar terrasse Le 171",https://jaimelequebec.org/jmlq_lieu/resto-bar-terrasse-le-171/,,,,,resto-bar-terrasse-le-171,publish,1,philgoupil@yahoo.ca,philgoupil@yahoo.ca,,,,default,0,0,0,open,open,2025-12-15
16370,"Expédition Rêve Blanc",https://jaimelequebec.org/jmlq_lieu/expedition-reve-blanc/,,,,,expedition-reve-blanc,publish,1,philgoupil@yahoo.ca,philgoupil@yahoo.ca,,,,default,0,0,0,open,open,2025-12-15
16371,"CHÂTEAU CARTIER HÔTEL ET RESORT",https://jaimelequebec.org/jmlq_lieu/chateau-cartier-hotel-et-resort/,,,,,chateau-cartier-hotel-et-resort,publish,1,philgoupil@yahoo.ca,philgoupil@yahoo.ca,,,,default,0,0,0,open,open,2025-12-15
16372,"HOTEL CAP DIAMANT",https://jaimelequebec.org/jmlq_lieu/hotel-cap-diamant/,,,,,hotel-cap-diamant,publish,1,philgoupil@yahoo.ca,philgoupil@yahoo.ca,,,,default,0,0,0,open,open,2025-12-15
16373,"CAMP PORTNEUF",https://jaimelequebec.org/jmlq_lieu/camp-portneuf/,,,,,camp-portneuf,publish,1,philgoupil@yahoo.ca,philgoupil@yahoo.ca,,,,default,0,0,0,open,open,2025-12-15
16374,"FERME OLD FINDLAY FARM",https://jaimelequebec.org/jmlq_lieu/ferme-old-findlay-farm/,,,,,ferme-old-findlay-farm,publish,1,philgoupil@yahoo.ca,philgoupil@yahoo.ca,,,,default,0,0,0,open,open,2025-12-15
16375,"Trattoria Casa Rinacchio",https://jaimelequebec.org/jmlq_lieu/trattoria-casa-rinacchio/,,,,,trattoria-casa-rinacchio,publish,1,philgoupil@yahoo.ca,philgoupil@yahoo.ca,,,,default,0,0,0,open,open,2025-12-15
16376,ASPEN,https://jaimelequebec.org/jmlq_lieu/aspen/,,,,,aspen,publish,1,philgoupil@yahoo.ca,philgoupil@yahoo.ca,,,,default,0,0,0,open,open,2025-12-15
16377,"CAMPING COMPLEXE TOURISTIQUE DU LAC-À-JIM",https://jaimelequebec.org/jmlq_lieu/camping-complexe-touristique-du-lac-a-jim/,,,,,camping-complexe-touristique-du-lac-a-jim,publish,1,philgoupil@yahoo.ca,philgoupil@yahoo.ca,,,,default,0,0,0,open,open,2025-12-15
16378,"F218 RCNT CHALETS",https://jaimelequebec.org/jmlq_lieu/f218-rcnt-chalets/,,,,,f218-rcnt-chalets,publish,1,philgoupil@yahoo.ca,philgoupil@yahoo.ca,,,,default,0,0,0,open,open,2025-12-15
16379,"CHALET NATUROC",https://jaimelequebec.org/jmlq_lieu/chalet-naturoc/,,,,,chalet-naturoc,publish,1,philgoupil@yahoo.ca,philgoupil@yahoo.ca,,,,default,0,0,0,open,open,2025-12-15
16380,"La Barberie - Microbrasserie - coopérative de travail",https://jaimelequebec.org/jmlq_lieu/la-barberie-microbrasserie-cooperative-de-travail/,,,,,la-barberie-microbrasserie-cooperative-de-travail,publish,1,philgoupil@yahoo.ca,philgoupil@yahoo.ca,,,,default,0,0,0,open,open,2025-12-15
16381,"Destination Owl's Head Inc.",https://jaimelequebec.org/jmlq_lieu/destination-owls-head-inc/,,,,,destination-owls-head-inc,publish,1,philgoupil@yahoo.ca,philgoupil@yahoo.ca,,,,default,0,0,0,open,open,2025-12-15
16382,"Parc nature Émélinois",https://jaimelequebec.org/jmlq_lieu/parc-nature-emelinois/,,,,,parc-nature-emelinois,publish,1,philgoupil@yahoo.ca,philgoupil@yahoo.ca,,,,default,0,0,0,open,open,2025-12-15
16383,"Parcs des Chutes et de la Croix",https://jaimelequebec.org/jmlq_lieu/parcs-des-chutes-et-de-la-croix/,,,,,parcs-des-chutes-et-de-la-croix,publish,1,philgoupil@yahoo.ca,philgoupil@yahoo.ca,,,,default,0,0,0,open,open,2025-12-15
16384,"CHALET CHEROKEE",https://jaimelequebec.org/jmlq_lieu/chalet-cherokee/,,,,,chalet-cherokee,publish,1,philgoupil@yahoo.ca,philgoupil@yahoo.ca,,,,default,0,0,0,open,open,2025-12-15
16385,"49 CORNICHE",https://jaimelequebec.org/jmlq_lieu/49-corniche/,,,,,49-corniche,publish,1,philgoupil@yahoo.ca,philgoupil@yahoo.ca,,,,default,0,0,0,open,open,2025-12-15
16386,"CHALET SENTIER DE L'ÉQUERRE",https://jaimelequebec.org/jmlq_lieu/chalet-sentier-de-lequerre/,,,,,chalet-sentier-de-lequerre,publish,1,philgoupil@yahoo.ca,philgoupil@yahoo.ca,,,,default,0,0,0,open,open,2025-12-15
16387,"CHALET SCARF",https://jaimelequebec.org/jmlq_lieu/chalet-scarf/,,,,,chalet-scarf,publish,1,philgoupil@yahoo.ca,philgoupil@yahoo.ca,,,,default,0,0,0,open,open,2025-12-15
16388,"CHALET SAULT A LA PUCE",https://jaimelequebec.org/jmlq_lieu/chalet-sault-a-la-puce/,,,,,chalet-sault-a-la-puce,publish,1,philgoupil@yahoo.ca,philgoupil@yahoo.ca,,,,default,0,0,0,open,open,2025-12-15
16389,"CHALET SAISON",https://jaimelequebec.org/jmlq_lieu/chalet-saison/,,,,,chalet-saison,publish,1,philgoupil@yahoo.ca,philgoupil@yahoo.ca,,,,default,0,0,0,open,open,2025-12-15
16390,"CHALET SAINT-GABRIEL",https://jaimelequebec.org/jmlq_lieu/chalet-saint-gabriel/,,,,,chalet-saint-gabriel,publish,1,philgoupil@yahoo.ca,philgoupil@yahoo.ca,,,,default,0,0,0,open,open,2025-12-15
16391,"CHALET ROYAL",https://jaimelequebec.org/jmlq_lieu/chalet-royal/,,,,,chalet-royal,publish,1,philgoupil@yahoo.ca,philgoupil@yahoo.ca,,,,default,0,0,0,open,open,2025-12-15
16392,"CHALET ROSS",https://jaimelequebec.org/jmlq_lieu/chalet-ross/,,,,,chalet-ross,publish,1,philgoupil@yahoo.ca,philgoupil@yahoo.ca,,,,default,0,0,0,open,open,2025-12-15
16393,"CHALET RÖCKA",https://jaimelequebec.org/jmlq_lieu/chalet-rocka/,,,,,chalet-rocka,publish,1,philgoupil@yahoo.ca,philgoupil@yahoo.ca,,,,default,0,0,0,open,open,2025-12-15
16394,"CHALET RIVIÈRE MÉKINAC",https://jaimelequebec.org/jmlq_lieu/chalet-riviere-mekinac/,,,,,chalet-riviere-mekinac,publish,1,philgoupil@yahoo.ca,philgoupil@yahoo.ca,,,,default,0,0,0,open,open,2025-12-15
16395,"CHALET RIVIERE COULONGE",https://jaimelequebec.org/jmlq_lieu/chalet-riviere-coulonge/,,,,,chalet-riviere-coulonge,publish,1,philgoupil@yahoo.ca,philgoupil@yahoo.ca,,,,default,0,0,0,open,open,2025-12-15
16396,"CHALET RENARD",https://jaimelequebec.org/jmlq_lieu/chalet-renard/,,,,,chalet-renard,publish,1,philgoupil@yahoo.ca,philgoupil@yahoo.ca,,,,default,0,0,0,open,open,2025-12-15
16397,"Aux Chantignoles Restaurant | Fairmont Le Château Montebello",https://jaimelequebec.org/jmlq_lieu/aux-chantignoles-restaurant-fairmont-le-chateau-montebello/,,,,,aux-chantignoles-restaurant-fairmont-le-chateau-montebello,publish,1,philgoupil@yahoo.ca,philgoupil@yahoo.ca,,,,default,0,0,0,open,open,2025-12-15
16398,"Aux Chantignoles",https://jaimelequebec.org/jmlq_lieu/aux-chantignoles/,,,,,aux-chantignoles,publish,1,philgoupil@yahoo.ca,philgoupil@yahoo.ca,,,,default,0,0,0,open,open,2025-12-15
16399,"AUX BERGES DU LAC CASTOR",https://jaimelequebec.org/jmlq_lieu/aux-berges-du-lac-castor/,,,,,aux-berges-du-lac-castor,publish,1,philgoupil@yahoo.ca,philgoupil@yahoo.ca,,,,default,0,0,0,open,open,2025-12-15
16400,"CHALETS SUR LE LAC",https://jaimelequebec.org/jmlq_lieu/chalets-sur-le-lac/,,,,,chalets-sur-le-lac,publish,1,philgoupil@yahoo.ca,philgoupil@yahoo.ca,,,,default,0,0,0,open,open,2025-12-15
16401,"Évènements et billets | Basilique Notre-Dame de Montréal",https://jaimelequebec.org/jmlq_lieu/evenements-et-billets-basilique-notre-dame-de-montreal/,,,,,evenements-et-billets-basilique-notre-dame-de-montreal,publish,1,philgoupil@yahoo.ca,philgoupil@yahoo.ca,,,,default,0,0,0,open,open,2025-12-15
16402,"Brasserie Blandino",https://jaimelequebec.org/jmlq_lieu/brasserie-blandino/,,,,,brasserie-blandino,publish,1,philgoupil@yahoo.ca,philgoupil@yahoo.ca,,,,default,0,0,0,open,open,2025-12-15
16403,"CHALET LE WAPITI",https://jaimelequebec.org/jmlq_lieu/chalet-le-wapiti/,,,,,chalet-le-wapiti,publish,1,philgoupil@yahoo.ca,philgoupil@yahoo.ca,,,,default,0,0,0,open,open,2025-12-15
16404,"CENTRE 03 // CAMP MUSICAL VAL DES SOURCES",https://jaimelequebec.org/jmlq_lieu/centre-03-camp-musical-val-des-sources/,,,,,centre-03-camp-musical-val-des-sources,publish,1,philgoupil@yahoo.ca,philgoupil@yahoo.ca,,,,default,0,0,0,open,open,2025-12-15
16405,"Hébergement à Amqui dans la Vallée de la Matapédia | Auberge Ambassadeur",https://jaimelequebec.org/jmlq_lieu/hebergement-a-amqui-dans-la-vallee-de-la-matapedia-auberge-ambassadeur/,,,,,hebergement-a-amqui-dans-la-vallee-de-la-matapedia-auberge-ambassadeur,publish,1,philgoupil@yahoo.ca,philgoupil@yahoo.ca,,,,default,0,0,0,open,open,2025-12-15
16406,"ACCUEIL CHEZ FRANÇOIS (QIAOYA XU)",https://jaimelequebec.org/jmlq_lieu/accueil-chez-francois-qiaoya-xu/,,,,,accueil-chez-francois-qiaoya-xu,publish,1,philgoupil@yahoo.ca,philgoupil@yahoo.ca,,,,default,0,0,0,open,open,2025-12-15
16407,"VERBIER 14-202 - TREMBLANT PRESTIGE",https://jaimelequebec.org/jmlq_lieu/verbier-14-202-tremblant-prestige/,,,,,verbier-14-202-tremblant-prestige,publish,1,philgoupil@yahoo.ca,philgoupil@yahoo.ca,,,,default,0,0,0,open,open,2025-12-15
16408,"CHALET DE LA MONTAGNE",https://jaimelequebec.org/jmlq_lieu/chalet-de-la-montagne/,,,,,chalet-de-la-montagne,publish,1,philgoupil@yahoo.ca,philgoupil@yahoo.ca,,,,default,0,0,0,open,open,2025-12-15
16409,"Restaurant Le Hatley|Relais & Châteaux",https://jaimelequebec.org/jmlq_lieu/restaurant-le-hatleyrelais-chateaux/,,,,,restaurant-le-hatleyrelais-chateaux,publish,1,philgoupil@yahoo.ca,philgoupil@yahoo.ca,,,,default,0,0,0,open,open,2025-12-15
16410,"LA SOURCE DU COEUR",https://jaimelequebec.org/jmlq_lieu/la-source-du-coeur/,,,,,la-source-du-coeur,publish,1,philgoupil@yahoo.ca,philgoupil@yahoo.ca,,,,default,0,0,0,open,open,2025-12-15
16411,"La Maison du Bootlegger – Steak House dans Charlevoix",https://jaimelequebec.org/jmlq_lieu/la-maison-du-bootlegger-steak-house-dans-charlevoix/,,,,,la-maison-du-bootlegger-steak-house-dans-charlevoix,publish,1,philgoupil@yahoo.ca,philgoupil@yahoo.ca,,,,default,0,0,0,open,open,2025-12-15
16412,"Kinadapt - Canicross",https://jaimelequebec.org/jmlq_lieu/kinadapt-canicross/,,,,,kinadapt-canicross,publish,1,philgoupil@yahoo.ca,philgoupil@yahoo.ca,,,,default,0,0,0,open,open,2025-12-15
16413,"CHALET DES OUTARDES",https://jaimelequebec.org/jmlq_lieu/chalet-des-outardes/,,,,,chalet-des-outardes,publish,1,philgoupil@yahoo.ca,philgoupil@yahoo.ca,,,,default,0,0,0,open,open,2025-12-15
16414,"FENÊTRE SUR LA MONTAGNE",https://jaimelequebec.org/jmlq_lieu/fenetre-sur-la-montagne/,,,,,fenetre-sur-la-montagne,publish,1,philgoupil@yahoo.ca,philgoupil@yahoo.ca,,,,default,0,0,0,open,open,2025-12-15
16415,"RÉFLEXION - MAISONS MIROIRS",https://jaimelequebec.org/jmlq_lieu/reflexion-maisons-miroirs/,,,,,reflexion-maisons-miroirs,publish,1,philgoupil@yahoo.ca,philgoupil@yahoo.ca,,,,default,0,0,0,open,open,2025-12-15
16416,"HÔTEL DES ESKERS",https://jaimelequebec.org/jmlq_lieu/hotel-des-eskers/,,,,,hotel-des-eskers,publish,1,philgoupil@yahoo.ca,philgoupil@yahoo.ca,,,,default,0,0,0,open,open,2025-12-15
16417,"Bistro Juliette Plaza",https://jaimelequebec.org/jmlq_lieu/bistro-juliette-plaza/,,,,,bistro-juliette-plaza,publish,1,philgoupil@yahoo.ca,philgoupil@yahoo.ca,,,,default,0,0,0,open,open,2025-12-15
16418,"Circuit canotable Chasse-Galerie",https://jaimelequebec.org/jmlq_lieu/circuit-canotable-chasse-galerie/,,,,,circuit-canotable-chasse-galerie,publish,1,philgoupil@yahoo.ca,philgoupil@yahoo.ca,,,,default,0,0,0,open,open,2025-12-15
16419,"Beauréal Réserve Naturelle",https://jaimelequebec.org/jmlq_lieu/beaureal-reserve-naturelle/,,,,,beaureal-reserve-naturelle,publish,1,philgoupil@yahoo.ca,philgoupil@yahoo.ca,,,,default,0,0,0,open,open,2025-12-15
16420,"KINIPI SPA NORDIQUE & Hébergement",https://jaimelequebec.org/jmlq_lieu/kinipi-spa-nordique-hebergement/,,,,,kinipi-spa-nordique-hebergement,publish,1,philgoupil@yahoo.ca,philgoupil@yahoo.ca,,,,default,0,0,0,open,open,2025-12-15
16421,"KiNipi Spa nordique & Hébergement",https://jaimelequebec.org/jmlq_lieu/kinipi-spa-nordique-hebergement-2/,,,,,kinipi-spa-nordique-hebergement-2,publish,1,philgoupil@yahoo.ca,philgoupil@yahoo.ca,,,,default,0,0,0,open,open,2025-12-15
16422,"LE DOMAINE DE L'IRLANDAIS",https://jaimelequebec.org/jmlq_lieu/le-domaine-de-lirlandais/,,,,,le-domaine-de-lirlandais,publish,1,philgoupil@yahoo.ca,philgoupil@yahoo.ca,,,,default,0,0,0,open,open,2025-12-15
16423,"Expédition Hautes Laurentides",https://jaimelequebec.org/jmlq_lieu/expedition-hautes-laurentides/,,,,,expedition-hautes-laurentides,publish,1,philgoupil@yahoo.ca,philgoupil@yahoo.ca,,,,default,0,0,0,open,open,2025-12-15
16424,"Restaurant Viva Sgobba",https://jaimelequebec.org/jmlq_lieu/restaurant-viva-sgobba/,,,,,restaurant-viva-sgobba,publish,1,philgoupil@yahoo.ca,philgoupil@yahoo.ca,,,,default,0,0,0,open,open,2025-12-15
16425,"LE CAMP DU CHASSEUR",https://jaimelequebec.org/jmlq_lieu/le-camp-du-chasseur/,,,,,le-camp-du-chasseur,publish,1,philgoupil@yahoo.ca,philgoupil@yahoo.ca,,,,default,0,0,0,open,open,2025-12-15
16426,"CHEZ MME MOINEAU",https://jaimelequebec.org/jmlq_lieu/chez-mme-moineau/,,,,,chez-mme-moineau,publish,1,philgoupil@yahoo.ca,philgoupil@yahoo.ca,,,,default,0,0,0,open,open,2025-12-15
16427,"VILLA LA GRAND-VOILE",https://jaimelequebec.org/jmlq_lieu/villa-la-grand-voile/,,,,,villa-la-grand-voile,publish,1,philgoupil@yahoo.ca,philgoupil@yahoo.ca,,,,default,0,0,0,open,open,2025-12-15
16428,"VILLA HOK",https://jaimelequebec.org/jmlq_lieu/villa-hok/,,,,,villa-hok,publish,1,philgoupil@yahoo.ca,philgoupil@yahoo.ca,,,,default,0,0,0,open,open,2025-12-15
16429,"VERBIER 12-101 - TREMBLANT PRESTIGE",https://jaimelequebec.org/jmlq_lieu/verbier-12-101-tremblant-prestige/,,,,,verbier-12-101-tremblant-prestige,publish,1,philgoupil@yahoo.ca,philgoupil@yahoo.ca,,,,default,0,0,0,open,open,2025-12-15
16430,"La Grotte de Saint-Elzéar",https://jaimelequebec.org/jmlq_lieu/la-grotte-de-saint-elzear/,,,,,la-grotte-de-saint-elzear,publish,1,philgoupil@yahoo.ca,philgoupil@yahoo.ca,,,,default,0,0,0,open,open,2025-12-15
16431,"PARKSIDE RANCH",https://jaimelequebec.org/jmlq_lieu/parkside-ranch/,,,,,parkside-ranch,publish,1,philgoupil@yahoo.ca,philgoupil@yahoo.ca,,,,default,0,0,0,open,open,2025-12-15
16432,"CHALET DE LA POUDREUSE",https://jaimelequebec.org/jmlq_lieu/chalet-de-la-poudreuse/,,,,,chalet-de-la-poudreuse,publish,1,philgoupil@yahoo.ca,philgoupil@yahoo.ca,,,,default,0,0,0,open,open,2025-12-15
16433,"Duc De Lorraine I Pâtisserie & Bistro Français à Montréal - 1952",https://jaimelequebec.org/jmlq_lieu/duc-de-lorraine-i-patisserie-bistro-francais-a-montreal-1952/,,,,,duc-de-lorraine-i-patisserie-bistro-francais-a-montreal-1952,publish,1,philgoupil@yahoo.ca,philgoupil@yahoo.ca,,,,default,0,0,0,open,open,2025-12-15
16434,"L'EXPÉRIENCE URBAINE",https://jaimelequebec.org/jmlq_lieu/lexperience-urbaine/,,,,,lexperience-urbaine,publish,1,philgoupil@yahoo.ca,philgoupil@yahoo.ca,,,,default,0,0,0,open,open,2025-12-15
16435,"SERVICE DE GUIDE ROGER GLADU",https://jaimelequebec.org/jmlq_lieu/service-de-guide-roger-gladu/,,,,,service-de-guide-roger-gladu,publish,1,philgoupil@yahoo.ca,philgoupil@yahoo.ca,,,,default,0,0,0,open,open,2025-12-15
16436,L'ABÉNAKI,https://jaimelequebec.org/jmlq_lieu/labenaki/,,,,,labenaki,publish,1,philgoupil@yahoo.ca,philgoupil@yahoo.ca,,,,default,0,0,0,open,open,2025-12-15
16437,"LE SKI-IN SKI-OUT",https://jaimelequebec.org/jmlq_lieu/le-ski-in-ski-out/,,,,,le-ski-in-ski-out,publish,1,philgoupil@yahoo.ca,philgoupil@yahoo.ca,,,,default,0,0,0,open,open,2025-12-15
16438,"ABÉNAKI - AU CHALET EN BOIS ROND",https://jaimelequebec.org/jmlq_lieu/abenaki-au-chalet-en-bois-rond/,,,,,abenaki-au-chalet-en-bois-rond,publish,1,philgoupil@yahoo.ca,philgoupil@yahoo.ca,,,,default,0,0,0,open,open,2025-12-15
16439,"HMS DÉCOUVERTE",https://jaimelequebec.org/jmlq_lieu/hms-decouverte/,,,,,hms-decouverte,publish,1,philgoupil@yahoo.ca,philgoupil@yahoo.ca,,,,default,0,0,0,open,open,2025-12-15
16440,"CENTRE DE VILLÉGIATURE DAM-EN-TERRE",https://jaimelequebec.org/jmlq_lieu/centre-de-villegiature-dam-en-terre/,,,,,centre-de-villegiature-dam-en-terre,publish,1,philgoupil@yahoo.ca,philgoupil@yahoo.ca,,,,default,0,0,0,open,open,2025-12-15
16441,"Centre de plein air du Lac des Rapides",https://jaimelequebec.org/jmlq_lieu/centre-de-plein-air-du-lac-des-rapides/,,,,,centre-de-plein-air-du-lac-des-rapides,publish,1,philgoupil@yahoo.ca,philgoupil@yahoo.ca,,,,default,0,0,0,open,open,2025-12-15
16442,"AUBERGE FORT PRÉVEL «CHALETS»",https://jaimelequebec.org/jmlq_lieu/auberge-fort-prevel-chalets/,,,,,auberge-fort-prevel-chalets,publish,1,philgoupil@yahoo.ca,philgoupil@yahoo.ca,,,,default,0,0,0,open,open,2025-12-15
16443,Heli-Xtrême,https://jaimelequebec.org/jmlq_lieu/heli-xtreme/,,,,,heli-xtreme,publish,1,philgoupil@yahoo.ca,philgoupil@yahoo.ca,,,,default,0,0,0,open,open,2025-12-15
16444,"Bien-être | ComplexeÉcosphère",https://jaimelequebec.org/jmlq_lieu/bien-etre-complexeecosphere/,,,,,bien-etre-complexeecosphere,publish,1,philgoupil@yahoo.ca,philgoupil@yahoo.ca,,,,default,0,0,0,open,open,2025-12-15
16445,"AUBERGE LES DEUX TOURS",https://jaimelequebec.org/jmlq_lieu/auberge-les-deux-tours/,,,,,auberge-les-deux-tours,publish,1,philgoupil@yahoo.ca,philgoupil@yahoo.ca,,,,default,0,0,0,open,open,2025-12-15
16446,"LE CHIC LOG CHALET",https://jaimelequebec.org/jmlq_lieu/le-chic-log-chalet/,,,,,le-chic-log-chalet,publish,1,philgoupil@yahoo.ca,philgoupil@yahoo.ca,,,,default,0,0,0,open,open,2025-12-15
16447,"MOTEL ET RESTAURANT FIN GOURMET",https://jaimelequebec.org/jmlq_lieu/motel-et-restaurant-fin-gourmet/,,,,,motel-et-restaurant-fin-gourmet,publish,1,philgoupil@yahoo.ca,philgoupil@yahoo.ca,,,,default,0,0,0,open,open,2025-12-15
16448,"CAMPING MUNICIPAL DU ROCHER PANET",https://jaimelequebec.org/jmlq_lieu/camping-municipal-du-rocher-panet/,,,,,camping-municipal-du-rocher-panet,publish,1,philgoupil@yahoo.ca,philgoupil@yahoo.ca,,,,default,0,0,0,open,open,2025-12-15
16449,"CAMPING DE L'ÉTÉ",https://jaimelequebec.org/jmlq_lieu/camping-de-lete/,,,,,camping-de-lete,publish,1,philgoupil@yahoo.ca,philgoupil@yahoo.ca,,,,default,0,0,0,open,open,2025-12-15
16450,"LE BLUEBERRY LAKE RESORT - CHALET TIPI",https://jaimelequebec.org/jmlq_lieu/le-blueberry-lake-resort-chalet-tipi/,,,,,le-blueberry-lake-resort-chalet-tipi,publish,1,philgoupil@yahoo.ca,philgoupil@yahoo.ca,,,,default,0,0,0,open,open,2025-12-15
16451,"HARFANG DES NEIGES - AU CHALET EN BOIS ROND",https://jaimelequebec.org/jmlq_lieu/harfang-des-neiges-au-chalet-en-bois-rond/,,,,,harfang-des-neiges-au-chalet-en-bois-rond,publish,1,philgoupil@yahoo.ca,philgoupil@yahoo.ca,,,,default,0,0,0,open,open,2025-12-15
16452,"LA HUTTE CHALET ET SPA",https://jaimelequebec.org/jmlq_lieu/la-hutte-chalet-et-spa/,,,,,la-hutte-chalet-et-spa,publish,1,philgoupil@yahoo.ca,philgoupil@yahoo.ca,,,,default,0,0,0,open,open,2025-12-15
16453,"Camping De La Pointe | Camping et prêt-à-camper | Saint-François-de-l'Île-d'Orléans | Bonjour Québec",https://jaimelequebec.org/jmlq_lieu/camping-de-la-pointe-camping-et-pret-a-camper-saint-francois-de-lile-dorleans-bonjour-quebec/,,,,,camping-de-la-pointe-camping-et-pret-a-camper-saint-francois-de-lile-dorleans-bonjour-quebec,publish,1,philgoupil@yahoo.ca,philgoupil@yahoo.ca,,,,default,0,0,0,open,open,2025-12-15
16454,L'ENVOL,https://jaimelequebec.org/jmlq_lieu/lenvol/,,,,,lenvol,publish,1,philgoupil@yahoo.ca,philgoupil@yahoo.ca,,,,default,0,0,0,open,open,2025-12-15
16455,"LE ZENYTE",https://jaimelequebec.org/jmlq_lieu/le-zenyte/,,,,,le-zenyte,publish,1,philgoupil@yahoo.ca,philgoupil@yahoo.ca,,,,default,0,0,0,open,open,2025-12-15
16456,"ZOOBOX - ZVO-82 - LE VERTENDRE",https://jaimelequebec.org/jmlq_lieu/zoobox-zvo-82-le-vertendre/,,,,,zoobox-zvo-82-le-vertendre,publish,1,philgoupil@yahoo.ca,philgoupil@yahoo.ca,,,,default,0,0,0,open,open,2025-12-15
16457,"LE HIBOU DE VALE PERKINS",https://jaimelequebec.org/jmlq_lieu/le-hibou-de-vale-perkins/,,,,,le-hibou-de-vale-perkins,publish,1,philgoupil@yahoo.ca,philgoupil@yahoo.ca,,,,default,0,0,0,open,open,2025-12-15
16458,"C'est Belge",https://jaimelequebec.org/jmlq_lieu/cest-belge/,,,,,cest-belge,publish,1,philgoupil@yahoo.ca,philgoupil@yahoo.ca,,,,default,0,0,0,open,open,2025-12-15
16459,"AUBERGE CENTRE D'ART MARCEL GAGNON",https://jaimelequebec.org/jmlq_lieu/auberge-centre-dart-marcel-gagnon/,,,,,auberge-centre-dart-marcel-gagnon,publish,1,philgoupil@yahoo.ca,philgoupil@yahoo.ca,,,,default,0,0,0,open,open,2025-12-15
16460,"BAIE DE BEAUPORT",https://jaimelequebec.org/jmlq_lieu/baie-de-beauport/,,,,,baie-de-beauport,publish,1,philgoupil@yahoo.ca,philgoupil@yahoo.ca,,,,default,0,0,0,open,open,2025-12-15
16461,"LE CARILLON",https://jaimelequebec.org/jmlq_lieu/le-carillon/,,,,,le-carillon,publish,1,philgoupil@yahoo.ca,philgoupil@yahoo.ca,,,,default,0,0,0,open,open,2025-12-15
16462,"CLARION POINTE QUÉBEC",https://jaimelequebec.org/jmlq_lieu/clarion-pointe-quebec/,,,,,clarion-pointe-quebec,publish,1,philgoupil@yahoo.ca,philgoupil@yahoo.ca,,,,default,0,0,0,open,open,2025-12-15
16463,"CLARION POINTE LA MALBAIE",https://jaimelequebec.org/jmlq_lieu/clarion-pointe-la-malbaie/,,,,,clarion-pointe-la-malbaie,publish,1,philgoupil@yahoo.ca,philgoupil@yahoo.ca,,,,default,0,0,0,open,open,2025-12-15
16464,"Kenauk Nature / Tour d'escalade",https://jaimelequebec.org/jmlq_lieu/kenauk-nature-tour-descalade/,,,,,kenauk-nature-tour-descalade,publish,1,philgoupil@yahoo.ca,philgoupil@yahoo.ca,,,,default,0,0,0,open,open,2025-12-15
16465,"Jardin et Sentier Les Pieds d'Or",https://jaimelequebec.org/jmlq_lieu/jardin-et-sentier-les-pieds-dor/,,,,,jardin-et-sentier-les-pieds-dor,publish,1,philgoupil@yahoo.ca,philgoupil@yahoo.ca,,,,default,0,0,0,open,open,2025-12-15
16466,"Tadoussac Autrement",https://jaimelequebec.org/jmlq_lieu/tadoussac-autrement/,,,,,tadoussac-autrement,publish,1,philgoupil@yahoo.ca,philgoupil@yahoo.ca,,,,default,0,0,0,open,open,2025-12-15
16467,"LA FERME D'ANDRÉ 2.0 INC.",https://jaimelequebec.org/jmlq_lieu/la-ferme-dandre-2-0-inc/,,,,,la-ferme-dandre-2-0-inc,publish,1,philgoupil@yahoo.ca,philgoupil@yahoo.ca,,,,default,0,0,0,open,open,2025-12-15
16468,"HÔTEL COMFORT INN & SUITES ST-JÉRÔME",https://jaimelequebec.org/jmlq_lieu/hotel-comfort-inn-suites-st-jerome/,,,,,hotel-comfort-inn-suites-st-jerome,publish,1,philgoupil@yahoo.ca,philgoupil@yahoo.ca,,,,default,0,0,0,open,open,2025-12-15
16469,"ChocoMotive - Chocolaterie artisanale | L'art du chocolat",https://jaimelequebec.org/jmlq_lieu/chocomotive-chocolaterie-artisanale-lart-du-chocolat/,,,,,chocomotive-chocolaterie-artisanale-lart-du-chocolat,publish,1,philgoupil@yahoo.ca,philgoupil@yahoo.ca,,,,default,0,0,0,open,open,2025-12-15
16470,"CAMPING DE LA TÊTE D'INDIEN",https://jaimelequebec.org/jmlq_lieu/camping-de-la-tete-dindien/,,,,,camping-de-la-tete-dindien,publish,1,philgoupil@yahoo.ca,philgoupil@yahoo.ca,,,,default,0,0,0,open,open,2025-12-15
16471,"AUBERGE PRESBYTERE MONT LAC VERT",https://jaimelequebec.org/jmlq_lieu/auberge-presbytere-mont-lac-vert/,,,,,auberge-presbytere-mont-lac-vert,publish,1,philgoupil@yahoo.ca,philgoupil@yahoo.ca,,,,default,0,0,0,open,open,2025-12-15
16472,"LA CABINE DE LA SABLIÈRE",https://jaimelequebec.org/jmlq_lieu/la-cabine-de-la-sabliere/,,,,,la-cabine-de-la-sabliere,publish,1,philgoupil@yahoo.ca,philgoupil@yahoo.ca,,,,default,0,0,0,open,open,2025-12-15
16473,Voltizone,https://jaimelequebec.org/jmlq_lieu/voltizone/,,,,,voltizone,publish,1,philgoupil@yahoo.ca,philgoupil@yahoo.ca,,,,default,0,0,0,open,open,2025-12-15
16474,"CORPORATION DU PARC RÉGIONAL DU LAC 31-MILLES",https://jaimelequebec.org/jmlq_lieu/corporation-du-parc-regional-du-lac-31-milles/,,,,,corporation-du-parc-regional-du-lac-31-milles,publish,1,philgoupil@yahoo.ca,philgoupil@yahoo.ca,,,,default,0,0,0,open,open,2025-12-15
16475,"LA FAMILIALE",https://jaimelequebec.org/jmlq_lieu/la-familiale-2/,,,,,la-familiale-2,publish,1,philgoupil@yahoo.ca,philgoupil@yahoo.ca,,,,default,0,0,0,open,open,2025-12-15
16476,"CHALET DE L'AUBERGE SUR LA CÔTE",https://jaimelequebec.org/jmlq_lieu/chalet-de-lauberge-sur-la-cote/,,,,,chalet-de-lauberge-sur-la-cote,publish,1,philgoupil@yahoo.ca,philgoupil@yahoo.ca,,,,default,0,0,0,open,open,2025-12-15
16477,"AU PIED MARIN",https://jaimelequebec.org/jmlq_lieu/au-pied-marin/,,,,,au-pied-marin,publish,1,philgoupil@yahoo.ca,philgoupil@yahoo.ca,,,,default,0,0,0,open,open,2025-12-15
16478,"AU PIED DES PENTES",https://jaimelequebec.org/jmlq_lieu/au-pied-des-pentes/,,,,,au-pied-des-pentes,publish,1,philgoupil@yahoo.ca,philgoupil@yahoo.ca,,,,default,0,0,0,open,open,2025-12-15
16479,"Le Trou du diable - Broue Pub & Restaurant",https://jaimelequebec.org/jmlq_lieu/le-trou-du-diable-broue-pub-restaurant/,,,,,le-trou-du-diable-broue-pub-restaurant,publish,1,philgoupil@yahoo.ca,philgoupil@yahoo.ca,,,,default,0,0,0,open,open,2025-12-15
16480,"LE TROIS-SO",https://jaimelequebec.org/jmlq_lieu/le-trois-so/,,,,,le-trois-so,publish,1,philgoupil@yahoo.ca,philgoupil@yahoo.ca,,,,default,0,0,0,open,open,2025-12-15
16481,"LE VENT DU NORD – LE LOFT ET LE BEIGE",https://jaimelequebec.org/jmlq_lieu/le-vent-du-nord-le-loft-et-le-beige/,,,,,le-vent-du-nord-le-loft-et-le-beige,publish,1,philgoupil@yahoo.ca,philgoupil@yahoo.ca,,,,default,0,0,0,open,open,2025-12-15
16482,"LE TRIO",https://jaimelequebec.org/jmlq_lieu/le-trio/,,,,,le-trio,publish,1,philgoupil@yahoo.ca,philgoupil@yahoo.ca,,,,default,0,0,0,open,open,2025-12-15
16483,"Le Trou - Bagels Griffintown",https://jaimelequebec.org/jmlq_lieu/le-trou-bagels-griffintown/,,,,,le-trou-bagels-griffintown,publish,1,philgoupil@yahoo.ca,philgoupil@yahoo.ca,,,,default,0,0,0,open,open,2025-12-15
16484,"Mezcal Taqueria",https://jaimelequebec.org/jmlq_lieu/mezcal-taqueria/,,,,,mezcal-taqueria,publish,1,philgoupil@yahoo.ca,philgoupil@yahoo.ca,,,,default,0,0,0,open,open,2025-12-15
16485,"CAMPING AU SOLEIL COUCHANT",https://jaimelequebec.org/jmlq_lieu/camping-au-soleil-couchant/,,,,,camping-au-soleil-couchant,publish,1,philgoupil@yahoo.ca,philgoupil@yahoo.ca,,,,default,0,0,0,open,open,2025-12-15
16486,"L'IVRESSE DES SOMMETS",https://jaimelequebec.org/jmlq_lieu/livresse-des-sommets/,,,,,livresse-des-sommets,publish,1,philgoupil@yahoo.ca,philgoupil@yahoo.ca,,,,default,0,0,0,open,open,2025-12-15
16487,"Boulangerie La Bête à Pain Laval",https://jaimelequebec.org/jmlq_lieu/boulangerie-la-bete-a-pain-laval/,,,,,boulangerie-la-bete-a-pain-laval,publish,1,philgoupil@yahoo.ca,philgoupil@yahoo.ca,,,,default,0,0,0,open,open,2025-12-15
16488,"Pub au cochon fumé",https://jaimelequebec.org/jmlq_lieu/pub-au-cochon-fume/,,,,,pub-au-cochon-fume,publish,1,philgoupil@yahoo.ca,philgoupil@yahoo.ca,,,,default,0,0,0,open,open,2025-12-15
16489,"Café Constance signé BAZIN",https://jaimelequebec.org/jmlq_lieu/cafe-constance-signe-bazin/,,,,,cafe-constance-signe-bazin,publish,1,philgoupil@yahoo.ca,philgoupil@yahoo.ca,,,,default,0,0,0,open,open,2025-12-15
16490,"Réserve nationale de faune du Lac-Saint-François",https://jaimelequebec.org/jmlq_lieu/reserve-nationale-de-faune-du-lac-saint-francois/,,,,,reserve-nationale-de-faune-du-lac-saint-francois,publish,1,philgoupil@yahoo.ca,philgoupil@yahoo.ca,,,,default,0,0,0,open,open,2025-12-15
16491,"Bord'Elle Boutique Bar",https://jaimelequebec.org/jmlq_lieu/bordelle-boutique-bar/,,,,,bordelle-boutique-bar,publish,1,philgoupil@yahoo.ca,philgoupil@yahoo.ca,,,,default,0,0,0,open,open,2025-12-15
16492,"CAMPING DU LAC COPPING INC.",https://jaimelequebec.org/jmlq_lieu/camping-du-lac-copping-inc/,,,,,camping-du-lac-copping-inc,publish,1,philgoupil@yahoo.ca,philgoupil@yahoo.ca,,,,default,0,0,0,open,open,2025-12-15
16493,BORA-BORÉAL,https://jaimelequebec.org/jmlq_lieu/bora-boreal/,,,,,bora-boreal,publish,1,philgoupil@yahoo.ca,philgoupil@yahoo.ca,,,,default,0,0,0,open,open,2025-12-15
16494,"AU CALME DES SOMMETS",https://jaimelequebec.org/jmlq_lieu/au-calme-des-sommets/,,,,,au-calme-des-sommets,publish,1,philgoupil@yahoo.ca,philgoupil@yahoo.ca,,,,default,0,0,0,open,open,2025-12-15
16495,"AU BOUT DU LAC",https://jaimelequebec.org/jmlq_lieu/au-bout-du-lac/,,,,,au-bout-du-lac,publish,1,philgoupil@yahoo.ca,philgoupil@yahoo.ca,,,,default,0,0,0,open,open,2025-12-15
16496,"Accueil - Restaurant Ohana",https://jaimelequebec.org/jmlq_lieu/accueil-restaurant-ohana/,,,,,accueil-restaurant-ohana,publish,1,philgoupil@yahoo.ca,philgoupil@yahoo.ca,,,,default,0,0,0,open,open,2025-12-15
16497,"Bistro Le Louis XVI",https://jaimelequebec.org/jmlq_lieu/bistro-le-louis-xvi/,,,,,bistro-le-louis-xvi,publish,1,philgoupil@yahoo.ca,philgoupil@yahoo.ca,,,,default,0,0,0,open,open,2025-12-15
16498,"Cabaret Mado",https://jaimelequebec.org/jmlq_lieu/cabaret-mado/,,,,,cabaret-mado,publish,1,philgoupil@yahoo.ca,philgoupil@yahoo.ca,,,,default,0,0,0,open,open,2025-12-15
16499,"MAISON GODBOUT",https://jaimelequebec.org/jmlq_lieu/maison-godbout/,,,,,maison-godbout,publish,1,philgoupil@yahoo.ca,philgoupil@yahoo.ca,,,,default,0,0,0,open,open,2025-12-15
16500,"BASE DE PLEIN AIR LE P'TIT BONHEUR DE SABLON",https://jaimelequebec.org/jmlq_lieu/base-de-plein-air-le-ptit-bonheur-de-sablon/,,,,,base-de-plein-air-le-ptit-bonheur-de-sablon,publish,1,philgoupil@yahoo.ca,philgoupil@yahoo.ca,,,,default,0,0,0,open,open,2025-12-15
16501,"BASE DE PLEIN AIR DU LAC-NAIRNE",https://jaimelequebec.org/jmlq_lieu/base-de-plein-air-du-lac-nairne/,,,,,base-de-plein-air-du-lac-nairne,publish,1,philgoupil@yahoo.ca,philgoupil@yahoo.ca,,,,default,0,0,0,open,open,2025-12-15
16502,"CHALET MILLE ISLES",https://jaimelequebec.org/jmlq_lieu/chalet-mille-isles/,,,,,chalet-mille-isles,publish,1,philgoupil@yahoo.ca,philgoupil@yahoo.ca,,,,default,0,0,0,open,open,2025-12-15
16503,"CHALET MILAN",https://jaimelequebec.org/jmlq_lieu/chalet-milan/,,,,,chalet-milan,publish,1,philgoupil@yahoo.ca,philgoupil@yahoo.ca,,,,default,0,0,0,open,open,2025-12-15
16504,"LA DOUCE RIVIÈRE",https://jaimelequebec.org/jmlq_lieu/la-douce-riviere/,,,,,la-douce-riviere,publish,1,philgoupil@yahoo.ca,philgoupil@yahoo.ca,,,,default,0,0,0,open,open,2025-12-15
16505,"LA DOUCE EVASION CHALET THE SWEET ESCAPE - ST ADOLPHE D’HOWARD",https://jaimelequebec.org/jmlq_lieu/la-douce-evasion-chalet-the-sweet-escape-st-adolphe-dhoward/,,,,,la-douce-evasion-chalet-the-sweet-escape-st-adolphe-dhoward,publish,1,philgoupil@yahoo.ca,philgoupil@yahoo.ca,,,,default,0,0,0,open,open,2025-12-15
16506,"LA DOLCE VITA LA BELLISSIMA",https://jaimelequebec.org/jmlq_lieu/la-dolce-vita-la-bellissima/,,,,,la-dolce-vita-la-bellissima,publish,1,philgoupil@yahoo.ca,philgoupil@yahoo.ca,,,,default,0,0,0,open,open,2025-12-15
16507,"LE MEMPH",https://jaimelequebec.org/jmlq_lieu/le-memph/,,,,,le-memph,publish,1,philgoupil@yahoo.ca,philgoupil@yahoo.ca,,,,default,0,0,0,open,open,2025-12-15
16508,"CHALET HILLSIDE VIEW",https://jaimelequebec.org/jmlq_lieu/chalet-hillside-view/,,,,,chalet-hillside-view,publish,1,philgoupil@yahoo.ca,philgoupil@yahoo.ca,,,,default,0,0,0,open,open,2025-12-15
16509,"CAMPING SOLEIL",https://jaimelequebec.org/jmlq_lieu/camping-soleil/,,,,,camping-soleil,publish,1,philgoupil@yahoo.ca,philgoupil@yahoo.ca,,,,default,0,0,0,open,open,2025-12-15
16510,"CAMPING SOL AIR",https://jaimelequebec.org/jmlq_lieu/camping-sol-air/,,,,,camping-sol-air,publish,1,philgoupil@yahoo.ca,philgoupil@yahoo.ca,,,,default,0,0,0,open,open,2025-12-15
16511,"Casse-croûte Chez Popeye, Sainte-Béatrix - Menu du restaurant, prix et avis",https://jaimelequebec.org/jmlq_lieu/casse-croute-chez-popeye-sainte-beatrix-menu-du-restaurant-prix-et-avis/,,,,,casse-croute-chez-popeye-sainte-beatrix-menu-du-restaurant-prix-et-avis,publish,1,philgoupil@yahoo.ca,philgoupil@yahoo.ca,,,,default,0,0,0,open,open,2025-12-15
16512,"AUBERGE INTERNATIONALE DE QUÉBEC",https://jaimelequebec.org/jmlq_lieu/auberge-internationale-de-quebec/,,,,,auberge-internationale-de-quebec,publish,1,philgoupil@yahoo.ca,philgoupil@yahoo.ca,,,,default,0,0,0,open,open,2025-12-15
16513,"La Churra Café",https://jaimelequebec.org/jmlq_lieu/la-churra-cafe/,,,,,la-churra-cafe,publish,1,philgoupil@yahoo.ca,philgoupil@yahoo.ca,,,,default,0,0,0,open,open,2025-12-15
16514,"Centre de villégiature Dam-en-Terre / Patinage sur glace",https://jaimelequebec.org/jmlq_lieu/centre-de-villegiature-dam-en-terre-patinage-sur-glace/,,,,,centre-de-villegiature-dam-en-terre-patinage-sur-glace,publish,1,philgoupil@yahoo.ca,philgoupil@yahoo.ca,,,,default,0,0,0,open,open,2025-12-15
16515,"CENTRE DU LAC-POUCE",https://jaimelequebec.org/jmlq_lieu/centre-du-lac-pouce/,,,,,centre-du-lac-pouce,publish,1,philgoupil@yahoo.ca,philgoupil@yahoo.ca,,,,default,0,0,0,open,open,2025-12-15
16516,"CAMPING AU VIEUX FOYER",https://jaimelequebec.org/jmlq_lieu/camping-au-vieux-foyer/,,,,,camping-au-vieux-foyer,publish,1,philgoupil@yahoo.ca,philgoupil@yahoo.ca,,,,default,0,0,0,open,open,2025-12-15
16517,"CAMPING AU SOUS-BOIS DU CAMPEUR",https://jaimelequebec.org/jmlq_lieu/camping-au-sous-bois-du-campeur/,,,,,camping-au-sous-bois-du-campeur,publish,1,philgoupil@yahoo.ca,philgoupil@yahoo.ca,,,,default,0,0,0,open,open,2025-12-15
16518,"CAMPING AU SOLEIL WENTWORTH-NORD",https://jaimelequebec.org/jmlq_lieu/camping-au-soleil-wentworth-nord/,,,,,camping-au-soleil-wentworth-nord,publish,1,philgoupil@yahoo.ca,philgoupil@yahoo.ca,,,,default,0,0,0,open,open,2025-12-15
16519,"La Boîte à Questions - Quiz Room",https://jaimelequebec.org/jmlq_lieu/la-boite-a-questions-quiz-room/,,,,,la-boite-a-questions-quiz-room,publish,1,philgoupil@yahoo.ca,philgoupil@yahoo.ca,,,,default,0,0,0,open,open,2025-12-15
16520,AVENTURIA,https://jaimelequebec.org/jmlq_lieu/aventuria/,,,,,aventuria,publish,1,philgoupil@yahoo.ca,philgoupil@yahoo.ca,,,,default,0,0,0,open,open,2025-12-15
16521,"ESPRIT DE L'OURS",https://jaimelequebec.org/jmlq_lieu/esprit-de-lours/,,,,,esprit-de-lours,publish,1,philgoupil@yahoo.ca,philgoupil@yahoo.ca,,,,default,0,0,0,open,open,2025-12-15
16522,"Wiinipaakw Tours Solidarity Cooperative | Pourvoirie | Waskaganish (terre crie) | Bonjour Québec",https://jaimelequebec.org/jmlq_lieu/wiinipaakw-tours-solidarity-cooperative-pourvoirie-waskaganish-terre-crie-bonjour-quebec/,,,,,wiinipaakw-tours-solidarity-cooperative-pourvoirie-waskaganish-terre-crie-bonjour-quebec,publish,1,philgoupil@yahoo.ca,philgoupil@yahoo.ca,,,,default,0,0,0,open,open,2025-12-15
16523,PLATO,https://jaimelequebec.org/jmlq_lieu/plato/,,,,,plato,publish,1,philgoupil@yahoo.ca,philgoupil@yahoo.ca,,,,default,0,0,0,open,open,2025-12-15
16524,"CAMPING CENTRE DE PLEIN AIR DU LAC YORK - CHIC-CHAC",https://jaimelequebec.org/jmlq_lieu/camping-centre-de-plein-air-du-lac-york-chic-chac/,,,,,camping-centre-de-plein-air-du-lac-york-chic-chac,publish,1,philgoupil@yahoo.ca,philgoupil@yahoo.ca,,,,default,0,0,0,open,open,2025-12-15
16525,"Brasserie artisanale Le Bien, le Malt",https://jaimelequebec.org/jmlq_lieu/brasserie-artisanale-le-bien-le-malt/,,,,,brasserie-artisanale-le-bien-le-malt,publish,1,philgoupil@yahoo.ca,philgoupil@yahoo.ca,,,,default,0,0,0,open,open,2025-12-15
16526,"FESTIVITÉS WESTERN DE ST-VICTOR",https://jaimelequebec.org/jmlq_lieu/festivites-western-de-st-victor/,,,,,festivites-western-de-st-victor,publish,1,philgoupil@yahoo.ca,philgoupil@yahoo.ca,,,,default,0,0,0,open,open,2025-12-15
16527,"FESTIVAL WESTERN DU BOISÉ",https://jaimelequebec.org/jmlq_lieu/festival-western-du-boise/,,,,,festival-western-du-boise,publish,1,philgoupil@yahoo.ca,philgoupil@yahoo.ca,,,,default,0,0,0,open,open,2025-12-15
16528,"LE RUISSEAU",https://jaimelequebec.org/jmlq_lieu/le-ruisseau/,,,,,le-ruisseau,publish,1,philgoupil@yahoo.ca,philgoupil@yahoo.ca,,,,default,0,0,0,open,open,2025-12-15
16529,"CHALET TORTUE DU LAC",https://jaimelequebec.org/jmlq_lieu/chalet-tortue-du-lac/,,,,,chalet-tortue-du-lac,publish,1,philgoupil@yahoo.ca,philgoupil@yahoo.ca,,,,default,0,0,0,open,open,2025-12-15
16530,"DOMAINE DU LAC LONG",https://jaimelequebec.org/jmlq_lieu/domaine-du-lac-long/,,,,,domaine-du-lac-long,publish,1,philgoupil@yahoo.ca,philgoupil@yahoo.ca,,,,default,0,0,0,open,open,2025-12-15
16531,"MAISON ROUGE",https://jaimelequebec.org/jmlq_lieu/maison-rouge/,,,,,maison-rouge,publish,1,philgoupil@yahoo.ca,philgoupil@yahoo.ca,,,,default,0,0,0,open,open,2025-12-15
16532,"RESTER VIVANT",https://jaimelequebec.org/jmlq_lieu/rester-vivant/,,,,,rester-vivant,publish,1,philgoupil@yahoo.ca,philgoupil@yahoo.ca,,,,default,0,0,0,open,open,2025-12-15
16533,Caféier-Boustifo,https://jaimelequebec.org/jmlq_lieu/cafeier-boustifo/,,,,,cafeier-boustifo,publish,1,philgoupil@yahoo.ca,philgoupil@yahoo.ca,,,,default,0,0,0,open,open,2025-12-15
16534,"AUBERGE RADISSON",https://jaimelequebec.org/jmlq_lieu/auberge-radisson/,,,,,auberge-radisson,publish,1,philgoupil@yahoo.ca,philgoupil@yahoo.ca,,,,default,0,0,0,open,open,2025-12-15
16535,"DÔMES ST-CÔME",https://jaimelequebec.org/jmlq_lieu/domes-st-come/,,,,,domes-st-come,publish,1,philgoupil@yahoo.ca,philgoupil@yahoo.ca,,,,default,0,0,0,open,open,2025-12-15
16536,"TANIÈRES MICROCHALETS",https://jaimelequebec.org/jmlq_lieu/tanieres-microchalets/,,,,,tanieres-microchalets,publish,1,philgoupil@yahoo.ca,philgoupil@yahoo.ca,,,,default,0,0,0,open,open,2025-12-15
16537,"Station récréotouristique du Mont Adstock",https://jaimelequebec.org/jmlq_lieu/station-recreotouristique-du-mont-adstock/,,,,,station-recreotouristique-du-mont-adstock,publish,1,philgoupil@yahoo.ca,philgoupil@yahoo.ca,,,,default,0,0,0,open,open,2025-12-15
16538,"Le Sentier du Petit Pingouin",https://jaimelequebec.org/jmlq_lieu/le-sentier-du-petit-pingouin/,,,,,le-sentier-du-petit-pingouin,publish,1,philgoupil@yahoo.ca,philgoupil@yahoo.ca,,,,default,0,0,0,open,open,2025-12-15
16539,"DOMAINE GRAHAM LES BOULEAUX BLANCS",https://jaimelequebec.org/jmlq_lieu/domaine-graham-les-bouleaux-blancs/,,,,,domaine-graham-les-bouleaux-blancs,publish,1,philgoupil@yahoo.ca,philgoupil@yahoo.ca,,,,default,0,0,0,open,open,2025-12-15
16540,"MOTEL DU LAC SIMON",https://jaimelequebec.org/jmlq_lieu/motel-du-lac-simon/,,,,,motel-du-lac-simon,publish,1,philgoupil@yahoo.ca,philgoupil@yahoo.ca,,,,default,0,0,0,open,open,2025-12-15
16541,"Le petit BeT",https://jaimelequebec.org/jmlq_lieu/le-petit-bet/,,,,,le-petit-bet,publish,1,philgoupil@yahoo.ca,philgoupil@yahoo.ca,,,,default,0,0,0,open,open,2025-12-15
16542,"DEVILLE CENTRE HÔTELIER",https://jaimelequebec.org/jmlq_lieu/deville-centre-hotelier/,,,,,deville-centre-hotelier,publish,1,philgoupil@yahoo.ca,philgoupil@yahoo.ca,,,,default,0,0,0,open,open,2025-12-15
16543,"LA CACHETTE",https://jaimelequebec.org/jmlq_lieu/la-cachette/,,,,,la-cachette,publish,1,philgoupil@yahoo.ca,philgoupil@yahoo.ca,,,,default,0,0,0,open,open,2025-12-15
16544,"LES LOFTS ST-ROCH - PAR LES LOFTS VIEUX-QUÉBEC",https://jaimelequebec.org/jmlq_lieu/les-lofts-st-roch-par-les-lofts-vieux-quebec/,,,,,les-lofts-st-roch-par-les-lofts-vieux-quebec,publish,1,philgoupil@yahoo.ca,philgoupil@yahoo.ca,,,,default,0,0,0,open,open,2025-12-15
16545,"Boswell Brasserie & Boutique",https://jaimelequebec.org/jmlq_lieu/boswell-brasserie-boutique/,,,,,boswell-brasserie-boutique,publish,1,philgoupil@yahoo.ca,philgoupil@yahoo.ca,,,,default,0,0,0,open,open,2025-12-15
16546,"10 MONTAGNARDS",https://jaimelequebec.org/jmlq_lieu/10-montagnards/,,,,,10-montagnards,publish,1,philgoupil@yahoo.ca,philgoupil@yahoo.ca,,,,default,0,0,0,open,open,2025-12-15
16547,"LES LOGEMENTS ÉTUDIANTS DE L'UQAR",https://jaimelequebec.org/jmlq_lieu/les-logements-etudiants-de-luqar/,,,,,les-logements-etudiants-de-luqar,publish,1,philgoupil@yahoo.ca,philgoupil@yahoo.ca,,,,default,0,0,0,open,open,2025-12-15
16548,"COOLBOX - MONT EDOUARD",https://jaimelequebec.org/jmlq_lieu/coolbox-mont-edouard/,,,,,coolbox-mont-edouard,publish,1,philgoupil@yahoo.ca,philgoupil@yahoo.ca,,,,default,0,0,0,open,open,2025-12-15
16549,"CHALET BELLEVUE",https://jaimelequebec.org/jmlq_lieu/chalet-bellevue/,,,,,chalet-bellevue,publish,1,philgoupil@yahoo.ca,philgoupil@yahoo.ca,,,,default,0,0,0,open,open,2025-12-15
16550,Molenne,https://jaimelequebec.org/jmlq_lieu/molenne/,,,,,molenne,publish,1,philgoupil@yahoo.ca,philgoupil@yahoo.ca,,,,default,0,0,0,open,open,2025-12-15
16551,"Moment Spa Le Reine Élizabeth",https://jaimelequebec.org/jmlq_lieu/moment-spa-le-reine-elizabeth/,,,,,moment-spa-le-reine-elizabeth,publish,1,philgoupil@yahoo.ca,philgoupil@yahoo.ca,,,,default,0,0,0,open,open,2025-12-15
16552,"LDT BELZILE NICOLAS",https://jaimelequebec.org/jmlq_lieu/ldt-belzile-nicolas/,,,,,ldt-belzile-nicolas,publish,1,philgoupil@yahoo.ca,philgoupil@yahoo.ca,,,,default,0,0,0,open,open,2025-12-15
16553,"CAMPING ALMA (LA COLONIE)",https://jaimelequebec.org/jmlq_lieu/camping-alma-la-colonie/,,,,,camping-alma-la-colonie,publish,1,philgoupil@yahoo.ca,philgoupil@yahoo.ca,,,,default,0,0,0,open,open,2025-12-15
16554,MIRAMAR,https://jaimelequebec.org/jmlq_lieu/miramar/,,,,,miramar,publish,1,philgoupil@yahoo.ca,philgoupil@yahoo.ca,,,,default,0,0,0,open,open,2025-12-15
16555,"CAMPING DU PARC DU LAC AYLMER",https://jaimelequebec.org/jmlq_lieu/camping-du-parc-du-lac-aylmer/,,,,,camping-du-parc-du-lac-aylmer,publish,1,philgoupil@yahoo.ca,philgoupil@yahoo.ca,,,,default,0,0,0,open,open,2025-12-15
16556,"10 CHEMIN SAVARD",https://jaimelequebec.org/jmlq_lieu/10-chemin-savard/,,,,,10-chemin-savard,publish,1,philgoupil@yahoo.ca,philgoupil@yahoo.ca,,,,default,0,0,0,open,open,2025-12-15
16557,"LA BELLE ÉPOQUE - AUBERGE B&B",https://jaimelequebec.org/jmlq_lieu/la-belle-epoque-auberge-bb/,,,,,la-belle-epoque-auberge-bb,publish,1,philgoupil@yahoo.ca,philgoupil@yahoo.ca,,,,default,0,0,0,open,open,2025-12-15
16558,"DÔMES OUTAOUAIS",https://jaimelequebec.org/jmlq_lieu/domes-outaouais/,,,,,domes-outaouais,publish,1,philgoupil@yahoo.ca,philgoupil@yahoo.ca,,,,default,0,0,0,open,open,2025-12-15
16559,LIET,https://jaimelequebec.org/jmlq_lieu/liet/,,,,,liet,publish,1,philgoupil@yahoo.ca,philgoupil@yahoo.ca,,,,default,0,0,0,open,open,2025-12-15
16560,"LA PETITE SALAMANDRE",https://jaimelequebec.org/jmlq_lieu/la-petite-salamandre/,,,,,la-petite-salamandre,publish,1,philgoupil@yahoo.ca,philgoupil@yahoo.ca,,,,default,0,0,0,open,open,2025-12-15
16561,"Normandin (Saint-Hyacinthe)",https://jaimelequebec.org/jmlq_lieu/normandin-saint-hyacinthe/,,,,,normandin-saint-hyacinthe,publish,1,philgoupil@yahoo.ca,philgoupil@yahoo.ca,,,,default,0,0,0,open,open,2025-12-15
16562,"CHALET BELLEVUE",https://jaimelequebec.org/jmlq_lieu/chalet-bellevue-2/,,,,,chalet-bellevue-2,publish,1,philgoupil@yahoo.ca,philgoupil@yahoo.ca,,,,default,0,0,0,open,open,2025-12-15
16563,"ILE D'O 701",https://jaimelequebec.org/jmlq_lieu/ile-do-701/,,,,,ile-do-701,publish,1,philgoupil@yahoo.ca,philgoupil@yahoo.ca,,,,default,0,0,0,open,open,2025-12-15
16564,"LA CABANE SUR LE ROC",https://jaimelequebec.org/jmlq_lieu/la-cabane-sur-le-roc/,,,,,la-cabane-sur-le-roc,publish,1,philgoupil@yahoo.ca,philgoupil@yahoo.ca,,,,default,0,0,0,open,open,2025-12-15
16565,"Centre National de Cyclisme de Bromont",https://jaimelequebec.org/jmlq_lieu/centre-national-de-cyclisme-de-bromont/,,,,,centre-national-de-cyclisme-de-bromont,publish,1,philgoupil@yahoo.ca,philgoupil@yahoo.ca,,,,default,0,0,0,open,open,2025-12-15
16566,"LA MAGIE ST-LAURENT 143",https://jaimelequebec.org/jmlq_lieu/la-magie-st-laurent-143/,,,,,la-magie-st-laurent-143,publish,1,philgoupil@yahoo.ca,philgoupil@yahoo.ca,,,,default,0,0,0,open,open,2025-12-15
16567,OANAQA,https://jaimelequebec.org/jmlq_lieu/oanaqa/,,,,,oanaqa,publish,1,philgoupil@yahoo.ca,philgoupil@yahoo.ca,,,,default,0,0,0,open,open,2025-12-15
16568,"Parc national des Grands-Jardins | Parc national du Québec | Saint-Urbain | Bonjour Québec",https://jaimelequebec.org/jmlq_lieu/parc-national-des-grands-jardins-parc-national-du-quebec-saint-urbain-bonjour-quebec/,,,,,parc-national-des-grands-jardins-parc-national-du-quebec-saint-urbain-bonjour-quebec,publish,1,philgoupil@yahoo.ca,philgoupil@yahoo.ca,,,,default,0,0,0,open,open,2025-12-15
16569,"CAMPING AÉROPORT ROCHER-PERCÉ",https://jaimelequebec.org/jmlq_lieu/camping-aeroport-rocher-perce/,,,,,camping-aeroport-rocher-perce,publish,1,philgoupil@yahoo.ca,philgoupil@yahoo.ca,,,,default,0,0,0,open,open,2025-12-15
16570,"MANOIR CHARLEVOIX",https://jaimelequebec.org/jmlq_lieu/manoir-charlevoix/,,,,,manoir-charlevoix,publish,1,philgoupil@yahoo.ca,philgoupil@yahoo.ca,,,,default,0,0,0,open,open,2025-12-15
16571,"Station récréotouristique du Mont Adstock / Ski alpin et planche à neige",https://jaimelequebec.org/jmlq_lieu/station-recreotouristique-du-mont-adstock-ski-alpin-et-planche-a-neige/,,,,,station-recreotouristique-du-mont-adstock-ski-alpin-et-planche-a-neige,publish,1,philgoupil@yahoo.ca,philgoupil@yahoo.ca,,,,default,0,0,0,open,open,2025-12-15
16572,"Moca Loca Café Co. (Gatineau / Boul. de la Gappe)",https://jaimelequebec.org/jmlq_lieu/moca-loca-cafe-co-gatineau-boul-de-la-gappe/,,,,,moca-loca-cafe-co-gatineau-boul-de-la-gappe,publish,1,philgoupil@yahoo.ca,philgoupil@yahoo.ca,,,,default,0,0,0,open,open,2025-12-15
16573,"Mon Petit Poulet - Rôtisserie & Poulet Frit Artisanal (Montréal)",https://jaimelequebec.org/jmlq_lieu/mon-petit-poulet-rotisserie-poulet-frit-artisanal-montreal/,,,,,mon-petit-poulet-rotisserie-poulet-frit-artisanal-montreal,publish,1,philgoupil@yahoo.ca,philgoupil@yahoo.ca,,,,default,0,0,0,open,open,2025-12-15
16574,"MANOIR DAVIS",https://jaimelequebec.org/jmlq_lieu/manoir-davis/,,,,,manoir-davis,publish,1,philgoupil@yahoo.ca,philgoupil@yahoo.ca,,,,default,0,0,0,open,open,2025-12-15
16575,Ibérica,https://jaimelequebec.org/jmlq_lieu/iberica/,,,,,iberica,publish,1,philgoupil@yahoo.ca,philgoupil@yahoo.ca,,,,default,0,0,0,open,open,2025-12-15
16576,"CAMPING ETSANHA",https://jaimelequebec.org/jmlq_lieu/camping-etsanha/,,,,,camping-etsanha,publish,1,philgoupil@yahoo.ca,philgoupil@yahoo.ca,,,,default,0,0,0,open,open,2025-12-15
16577,"Station récréotouristique du mont Adstock / Ski de fond et raquette",https://jaimelequebec.org/jmlq_lieu/station-recreotouristique-du-mont-adstock-ski-de-fond-et-raquette/,,,,,station-recreotouristique-du-mont-adstock-ski-de-fond-et-raquette,publish,1,philgoupil@yahoo.ca,philgoupil@yahoo.ca,,,,default,0,0,0,open,open,2025-12-15
16578,"LA VOISINE",https://jaimelequebec.org/jmlq_lieu/la-voisine/,,,,,la-voisine,publish,1,philgoupil@yahoo.ca,philgoupil@yahoo.ca,,,,default,0,0,0,open,open,2025-12-15
16579,"MISSIONNAIRE SPA",https://jaimelequebec.org/jmlq_lieu/missionnaire-spa/,,,,,missionnaire-spa,publish,1,philgoupil@yahoo.ca,philgoupil@yahoo.ca,,,,default,0,0,0,open,open,2025-12-15
16580,"Boulangerie Sibuet",https://jaimelequebec.org/jmlq_lieu/boulangerie-sibuet/,,,,,boulangerie-sibuet,publish,1,philgoupil@yahoo.ca,philgoupil@yahoo.ca,,,,default,0,0,0,open,open,2025-12-15
16581,"Mon Enigma, jeux d'évasion avec immerseurs",https://jaimelequebec.org/jmlq_lieu/mon-enigma-jeux-devasion-avec-immerseurs/,,,,,mon-enigma-jeux-devasion-avec-immerseurs,publish,1,philgoupil@yahoo.ca,philgoupil@yahoo.ca,,,,default,0,0,0,open,open,2025-12-15
16582,"MON JOLI MOTEL",https://jaimelequebec.org/jmlq_lieu/mon-joli-motel/,,,,,mon-joli-motel,publish,1,philgoupil@yahoo.ca,philgoupil@yahoo.ca,,,,default,0,0,0,open,open,2025-12-15
16583,"Crèmerie Famille Girard",https://jaimelequebec.org/jmlq_lieu/cremerie-famille-girard/,,,,,cremerie-famille-girard,publish,1,philgoupil@yahoo.ca,philgoupil@yahoo.ca,,,,default,0,0,0,open,open,2025-12-15
16584,"Station touristique Baie-des-Sables / Ski de fond et raquette",https://jaimelequebec.org/jmlq_lieu/station-touristique-baie-des-sables-ski-de-fond-et-raquette/,,,,,station-touristique-baie-des-sables-ski-de-fond-et-raquette,publish,1,philgoupil@yahoo.ca,philgoupil@yahoo.ca,,,,default,0,0,0,open,open,2025-12-15
16585,"Mini-Putt L'Aventure mobile INC.",https://jaimelequebec.org/jmlq_lieu/mini-putt-laventure-mobile-inc/,,,,,mini-putt-laventure-mobile-inc,publish,1,philgoupil@yahoo.ca,philgoupil@yahoo.ca,,,,default,0,0,0,open,open,2025-12-15
16586,"LES LOFTS ST-PAUL - PAR LES LOFTS VIEUX-QUÉBEC",https://jaimelequebec.org/jmlq_lieu/les-lofts-st-paul-par-les-lofts-vieux-quebec/,,,,,les-lofts-st-paul-par-les-lofts-vieux-quebec,publish,1,philgoupil@yahoo.ca,philgoupil@yahoo.ca,,,,default,0,0,0,open,open,2025-12-15
16587,"Kyomi (Laval)",https://jaimelequebec.org/jmlq_lieu/kyomi-laval/,,,,,kyomi-laval,publish,1,philgoupil@yahoo.ca,philgoupil@yahoo.ca,,,,default,0,0,0,open,open,2025-12-15
16588,"Mikes (Lévis)",https://jaimelequebec.org/jmlq_lieu/mikes-levis/,,,,,mikes-levis,publish,1,philgoupil@yahoo.ca,philgoupil@yahoo.ca,,,,default,0,0,0,open,open,2025-12-15
16589,"Marina Saint-Juste-du-Lac",https://jaimelequebec.org/jmlq_lieu/marina-saint-juste-du-lac/,,,,,marina-saint-juste-du-lac,publish,1,philgoupil@yahoo.ca,philgoupil@yahoo.ca,,,,default,0,0,0,open,open,2025-12-15
16590,"CONDOS VACANCES MSA RÉSIDENCES",https://jaimelequebec.org/jmlq_lieu/condos-vacances-msa-residences/,,,,,condos-vacances-msa-residences,publish,1,philgoupil@yahoo.ca,philgoupil@yahoo.ca,,,,default,0,0,0,open,open,2025-12-15
16591,"Bromont, montagne d’expériences / Vélo de montagne",https://jaimelequebec.org/jmlq_lieu/bromont-montagne-dexperiences-velo-de-montagne/,,,,,bromont-montagne-dexperiences-velo-de-montagne,publish,1,philgoupil@yahoo.ca,philgoupil@yahoo.ca,,,,default,0,0,0,open,open,2025-12-15
16592,LeValois,https://jaimelequebec.org/jmlq_lieu/levalois/,,,,,levalois,publish,1,philgoupil@yahoo.ca,philgoupil@yahoo.ca,,,,default,0,0,0,open,open,2025-12-15
16593,"CAMPING AMÉRIQUE MONTRÉAL",https://jaimelequebec.org/jmlq_lieu/camping-amerique-montreal/,,,,,camping-amerique-montreal,publish,1,philgoupil@yahoo.ca,philgoupil@yahoo.ca,,,,default,0,0,0,open,open,2025-12-15
16594,Benny&Co,https://jaimelequebec.org/jmlq_lieu/bennyco/,,,,,bennyco,publish,1,philgoupil@yahoo.ca,philgoupil@yahoo.ca,,,,default,0,0,0,open,open,2025-12-15
16595,"La P'tite Grenouille Bar et Spectacles (Rivière-du-Loup)",https://jaimelequebec.org/jmlq_lieu/la-ptite-grenouille-bar-et-spectacles-riviere-du-loup/,,,,,la-ptite-grenouille-bar-et-spectacles-riviere-du-loup,publish,1,philgoupil@yahoo.ca,philgoupil@yahoo.ca,,,,default,0,0,0,open,open,2025-12-15
16596,"Bénédictine (636 3e Avenue)",https://jaimelequebec.org/jmlq_lieu/benedictine-636-3e-avenue/,,,,,benedictine-636-3e-avenue,publish,1,philgoupil@yahoo.ca,philgoupil@yahoo.ca,,,,default,0,0,0,open,open,2025-12-15
16597,"Tourisme, vacances et séjour dans les Cantons-de-l’Est | Régions du Québec | Bonjour Québec",https://jaimelequebec.org/jmlq_lieu/tourisme-vacances-et-sejour-dans-les-cantons-de-lest-regions-du-quebec-bonjour-quebec/,,,,,tourisme-vacances-et-sejour-dans-les-cantons-de-lest-regions-du-quebec-bonjour-quebec,publish,1,philgoupil@yahoo.ca,philgoupil@yahoo.ca,,,,default,0,0,0,open,open,2025-12-15
16598,"BEST WESTERN PLUS HÔTEL MONTRÉAL",https://jaimelequebec.org/jmlq_lieu/best-western-plus-hotel-montreal/,,,,,best-western-plus-hotel-montreal,publish,1,philgoupil@yahoo.ca,philgoupil@yahoo.ca,,,,default,0,0,0,open,open,2025-12-15
16599,"Jardin Clef des Champs",https://jaimelequebec.org/jmlq_lieu/jardin-clef-des-champs/,,,,,jardin-clef-des-champs,publish,1,philgoupil@yahoo.ca,philgoupil@yahoo.ca,,,,default,0,0,0,open,open,2025-12-15
16600,"Les Motoneiges Géro",https://jaimelequebec.org/jmlq_lieu/les-motoneiges-gero/,,,,,les-motoneiges-gero,publish,1,philgoupil@yahoo.ca,philgoupil@yahoo.ca,,,,default,0,0,0,open,open,2025-12-15
16601,"Ölistik Bistro Végé",https://jaimelequebec.org/jmlq_lieu/olistik-bistro-vege/,,,,,olistik-bistro-vege,publish,1,philgoupil@yahoo.ca,philgoupil@yahoo.ca,,,,default,0,0,0,open,open,2025-12-15
16602,"POURVOIRIE DOMAINE LES 4 VENTS",https://jaimelequebec.org/jmlq_lieu/pourvoirie-domaine-les-4-vents/,,,,,pourvoirie-domaine-les-4-vents,publish,1,philgoupil@yahoo.ca,philgoupil@yahoo.ca,,,,default,0,0,0,open,open,2025-12-15
16603,"Bénédictine (1645 3e Avenue)",https://jaimelequebec.org/jmlq_lieu/benedictine-1645-3e-avenue/,,,,,benedictine-1645-3e-avenue,publish,1,philgoupil@yahoo.ca,philgoupil@yahoo.ca,,,,default,0,0,0,open,open,2025-12-15
16604,"Station plein air Val-Mauricie",https://jaimelequebec.org/jmlq_lieu/station-plein-air-val-mauricie/,,,,,station-plein-air-val-mauricie,publish,1,philgoupil@yahoo.ca,philgoupil@yahoo.ca,,,,default,0,0,0,open,open,2025-12-15
16605,"HÔTEL MANOIR SAINT-SAUVEUR",https://jaimelequebec.org/jmlq_lieu/hotel-manoir-saint-sauveur/,,,,,hotel-manoir-saint-sauveur,publish,1,philgoupil@yahoo.ca,philgoupil@yahoo.ca,,,,default,0,0,0,open,open,2025-12-15
16606,"Hôtel Albert Par G5 | Hôtel | Rouyn-Noranda | Bonjour Québec",https://jaimelequebec.org/jmlq_lieu/hotel-albert-par-g5-hotel-rouyn-noranda-bonjour-quebec/,,,,,hotel-albert-par-g5-hotel-rouyn-noranda-bonjour-quebec,publish,1,philgoupil@yahoo.ca,philgoupil@yahoo.ca,,,,default,0,0,0,open,open,2025-12-15
16607,"Oblon Pinte & Bouffe",https://jaimelequebec.org/jmlq_lieu/oblon-pinte-bouffe/,,,,,oblon-pinte-bouffe,publish,1,philgoupil@yahoo.ca,philgoupil@yahoo.ca,,,,default,0,0,0,open,open,2025-12-15
16608,"OASIS DU GRAND FOND INC",https://jaimelequebec.org/jmlq_lieu/oasis-du-grand-fond-inc/,,,,,oasis-du-grand-fond-inc,publish,1,philgoupil@yahoo.ca,philgoupil@yahoo.ca,,,,default,0,0,0,open,open,2025-12-15
16609,"HÔTEL DES ARTS",https://jaimelequebec.org/jmlq_lieu/hotel-des-arts/,,,,,hotel-des-arts,publish,1,philgoupil@yahoo.ca,philgoupil@yahoo.ca,,,,default,0,0,0,open,open,2025-12-15
16610,"DOMAINE WHITE ROCKS CHALET #3",https://jaimelequebec.org/jmlq_lieu/domaine-white-rocks-chalet-3/,,,,,domaine-white-rocks-chalet-3,publish,1,philgoupil@yahoo.ca,philgoupil@yahoo.ca,,,,default,0,0,0,open,open,2025-12-15
16611,"DOMAINE VAL-DES-LACS",https://jaimelequebec.org/jmlq_lieu/domaine-val-des-lacs/,,,,,domaine-val-des-lacs,publish,1,philgoupil@yahoo.ca,philgoupil@yahoo.ca,,,,default,0,0,0,open,open,2025-12-15
16612,"Parc des Chutes de Sainte-Ursule",https://jaimelequebec.org/jmlq_lieu/parc-des-chutes-de-sainte-ursule/,,,,,parc-des-chutes-de-sainte-ursule,publish,1,philgoupil@yahoo.ca,philgoupil@yahoo.ca,,,,default,0,0,0,open,open,2025-12-15
16613,"CAMPING ET CHALET DANS LES ARBRES, MONT-MÉGANTIC",https://jaimelequebec.org/jmlq_lieu/camping-et-chalet-dans-les-arbres-mont-megantic/,,,,,camping-et-chalet-dans-les-arbres-mont-megantic,publish,1,philgoupil@yahoo.ca,philgoupil@yahoo.ca,,,,default,0,0,0,open,open,2025-12-15
16614,"COTTAGES DU LAC-ORFORD - L'ORIGNAL",https://jaimelequebec.org/jmlq_lieu/cottages-du-lac-orford-lorignal/,,,,,cottages-du-lac-orford-lorignal,publish,1,philgoupil@yahoo.ca,philgoupil@yahoo.ca,,,,default,0,0,0,open,open,2025-12-15
16615,"Corporation du parc régional du lac des 31 Milles",https://jaimelequebec.org/jmlq_lieu/corporation-du-parc-regional-du-lac-des-31-milles/,,,,,corporation-du-parc-regional-du-lac-des-31-milles,publish,1,philgoupil@yahoo.ca,philgoupil@yahoo.ca,,,,default,0,0,0,open,open,2025-12-15
16616,"CHALETS DU BOUT DU MONDE",https://jaimelequebec.org/jmlq_lieu/chalets-du-bout-du-monde/,,,,,chalets-du-bout-du-monde,publish,1,philgoupil@yahoo.ca,philgoupil@yahoo.ca,,,,default,0,0,0,open,open,2025-12-15
16617,"HÔTEL 71",https://jaimelequebec.org/jmlq_lieu/hotel-71/,,,,,hotel-71,publish,1,philgoupil@yahoo.ca,philgoupil@yahoo.ca,,,,default,0,0,0,open,open,2025-12-15
16618,"CHALET LOG&LOV",https://jaimelequebec.org/jmlq_lieu/chalet-loglov/,,,,,chalet-loglov,publish,1,philgoupil@yahoo.ca,philgoupil@yahoo.ca,,,,default,0,0,0,open,open,2025-12-15
16619,"MAISON ROSE",https://jaimelequebec.org/jmlq_lieu/maison-rose/,,,,,maison-rose,publish,1,philgoupil@yahoo.ca,philgoupil@yahoo.ca,,,,default,0,0,0,open,open,2025-12-15
16620,"Caverne de St-Léonard",https://jaimelequebec.org/jmlq_lieu/caverne-de-st-leonard/,,,,,caverne-de-st-leonard,publish,1,philgoupil@yahoo.ca,philgoupil@yahoo.ca,,,,default,0,0,0,open,open,2025-12-15
16621,"Habaneros grill mexicain - Rouyn-Noranda",https://jaimelequebec.org/jmlq_lieu/habaneros-grill-mexicain-rouyn-noranda/,,,,,habaneros-grill-mexicain-rouyn-noranda,publish,1,philgoupil@yahoo.ca,philgoupil@yahoo.ca,,,,default,0,0,0,open,open,2025-12-15
16622,"Bibine Buvette",https://jaimelequebec.org/jmlq_lieu/bibine-buvette/,,,,,bibine-buvette,publish,1,philgoupil@yahoo.ca,philgoupil@yahoo.ca,,,,default,0,0,0,open,open,2025-12-15
16623,"LE COYOTE",https://jaimelequebec.org/jmlq_lieu/le-coyote/,,,,,le-coyote,publish,1,philgoupil@yahoo.ca,philgoupil@yahoo.ca,,,,default,0,0,0,open,open,2025-12-15
16624,"AUBERGE PARADIS BLEU",https://jaimelequebec.org/jmlq_lieu/auberge-paradis-bleu/,,,,,auberge-paradis-bleu,publish,1,philgoupil@yahoo.ca,philgoupil@yahoo.ca,,,,default,0,0,0,open,open,2025-12-15
16625,"AU P'TIT BONHEUR",https://jaimelequebec.org/jmlq_lieu/au-ptit-bonheur/,,,,,au-ptit-bonheur,publish,1,philgoupil@yahoo.ca,philgoupil@yahoo.ca,,,,default,0,0,0,open,open,2025-12-15
16626,"105 PIGNORONDE",https://jaimelequebec.org/jmlq_lieu/105-pignoronde/,,,,,105-pignoronde,publish,1,philgoupil@yahoo.ca,philgoupil@yahoo.ca,,,,default,0,0,0,open,open,2025-12-15
16627,"L'ÉTOILE DU NORD",https://jaimelequebec.org/jmlq_lieu/letoile-du-nord/,,,,,letoile-du-nord,publish,1,philgoupil@yahoo.ca,philgoupil@yahoo.ca,,,,default,0,0,0,open,open,2025-12-15
16628,"1000 ST-JEAN",https://jaimelequebec.org/jmlq_lieu/1000-st-jean/,,,,,1000-st-jean,publish,1,philgoupil@yahoo.ca,philgoupil@yahoo.ca,,,,default,0,0,0,open,open,2025-12-15
16629,"CAMPING PARC RÉGIONAL DU LAC TAUREAU",https://jaimelequebec.org/jmlq_lieu/camping-parc-regional-du-lac-taureau/,,,,,camping-parc-regional-du-lac-taureau,publish,1,philgoupil@yahoo.ca,philgoupil@yahoo.ca,,,,default,0,0,0,open,open,2025-12-15
16630,"La Seigneurie du Triton - Pourvoyeur d'aventure",https://jaimelequebec.org/jmlq_lieu/la-seigneurie-du-triton-pourvoyeur-daventure/,,,,,la-seigneurie-du-triton-pourvoyeur-daventure,publish,1,philgoupil@yahoo.ca,philgoupil@yahoo.ca,,,,default,0,0,0,open,open,2025-12-15
16631,"MOTEL ENTRE-DEUX MARÉES",https://jaimelequebec.org/jmlq_lieu/motel-entre-deux-marees/,,,,,motel-entre-deux-marees,publish,1,philgoupil@yahoo.ca,philgoupil@yahoo.ca,,,,default,0,0,0,open,open,2025-12-15
16632,"MOTEL ÉCONO-NUIT",https://jaimelequebec.org/jmlq_lieu/motel-econo-nuit/,,,,,motel-econo-nuit,publish,1,philgoupil@yahoo.ca,philgoupil@yahoo.ca,,,,default,0,0,0,open,open,2025-12-15
16633,"MOTEL DU VALLON",https://jaimelequebec.org/jmlq_lieu/motel-du-vallon/,,,,,motel-du-vallon,publish,1,philgoupil@yahoo.ca,philgoupil@yahoo.ca,,,,default,0,0,0,open,open,2025-12-15
16634,"VILLA AU BORD DE L'EAU",https://jaimelequebec.org/jmlq_lieu/villa-au-bord-de-leau/,,,,,villa-au-bord-de-leau,publish,1,philgoupil@yahoo.ca,philgoupil@yahoo.ca,,,,default,0,0,0,open,open,2025-12-15
16635,"Grillades et Boucherie Farhat | Order Online",https://jaimelequebec.org/jmlq_lieu/grillades-et-boucherie-farhat-order-online/,,,,,grillades-et-boucherie-farhat-order-online,publish,1,philgoupil@yahoo.ca,philgoupil@yahoo.ca,,,,default,0,0,0,open,open,2025-12-15
16636,Grinder,https://jaimelequebec.org/jmlq_lieu/grinder/,,,,,grinder,publish,1,philgoupil@yahoo.ca,philgoupil@yahoo.ca,,,,default,0,0,0,open,open,2025-12-15
16637,"Grotte de Saint-Casimir-de-Portneuf (Trou du Diable)",https://jaimelequebec.org/jmlq_lieu/grotte-de-saint-casimir-de-portneuf-trou-du-diable/,,,,,grotte-de-saint-casimir-de-portneuf-trou-du-diable,publish,1,philgoupil@yahoo.ca,philgoupil@yahoo.ca,,,,default,0,0,0,open,open,2025-12-15
16638,"Groupe Plein Air Terrebonne / Parc de la Rivière",https://jaimelequebec.org/jmlq_lieu/groupe-plein-air-terrebonne-parc-de-la-riviere/,,,,,groupe-plein-air-terrebonne-parc-de-la-riviere,publish,1,philgoupil@yahoo.ca,philgoupil@yahoo.ca,,,,default,0,0,0,open,open,2025-12-15
16639,"Groupe Plein Air Terrebonne / Côte Boisée",https://jaimelequebec.org/jmlq_lieu/groupe-plein-air-terrebonne-cote-boisee/,,,,,groupe-plein-air-terrebonne-cote-boisee,publish,1,philgoupil@yahoo.ca,philgoupil@yahoo.ca,,,,default,0,0,0,open,open,2025-12-15
16640,"GRISE DE L'OUEST",https://jaimelequebec.org/jmlq_lieu/grise-de-louest/,,,,,grise-de-louest,publish,1,philgoupil@yahoo.ca,philgoupil@yahoo.ca,,,,default,0,0,0,open,open,2025-12-15
16641,"Grillade la Bohème",https://jaimelequebec.org/jmlq_lieu/grillade-la-boheme/,,,,,grillade-la-boheme,publish,1,philgoupil@yahoo.ca,philgoupil@yahoo.ca,,,,default,0,0,0,open,open,2025-12-15
16642,"Grillades, Fruits De Mer, Pâtes, Steak - Restaurant Bar le 21",https://jaimelequebec.org/jmlq_lieu/grillades-fruits-de-mer-pates-steak-restaurant-bar-le-21/,,,,,grillades-fruits-de-mer-pates-steak-restaurant-bar-le-21,publish,1,philgoupil@yahoo.ca,philgoupil@yahoo.ca,,,,default,0,0,0,open,open,2025-12-15
16643,"ROSE DES VENTS",https://jaimelequebec.org/jmlq_lieu/rose-des-vents/,,,,,rose-des-vents,publish,1,philgoupil@yahoo.ca,philgoupil@yahoo.ca,,,,default,0,0,0,open,open,2025-12-15
16644,"MOTEL ET CONDO CHEZ CHARLEY",https://jaimelequebec.org/jmlq_lieu/motel-et-condo-chez-charley/,,,,,motel-et-condo-chez-charley,publish,1,philgoupil@yahoo.ca,philgoupil@yahoo.ca,,,,default,0,0,0,open,open,2025-12-15
16645,"LES 4 CHALETS",https://jaimelequebec.org/jmlq_lieu/les-4-chalets/,,,,,les-4-chalets,publish,1,philgoupil@yahoo.ca,philgoupil@yahoo.ca,,,,default,0,0,0,open,open,2025-12-15
16646,QUARTZ,https://jaimelequebec.org/jmlq_lieu/quartz/,,,,,quartz,publish,1,philgoupil@yahoo.ca,philgoupil@yahoo.ca,,,,default,0,0,0,open,open,2025-12-15
16647,"Tête d'Allumette Microbrasserie",https://jaimelequebec.org/jmlq_lieu/tete-dallumette-microbrasserie/,,,,,tete-dallumette-microbrasserie,publish,1,philgoupil@yahoo.ca,philgoupil@yahoo.ca,,,,default,0,0,0,open,open,2025-12-15
16648,"LE HAVRE DU PILOTE",https://jaimelequebec.org/jmlq_lieu/le-havre-du-pilote/,,,,,le-havre-du-pilote,publish,1,philgoupil@yahoo.ca,philgoupil@yahoo.ca,,,,default,0,0,0,open,open,2025-12-15
16649,"CHALETS DE FAUVEL",https://jaimelequebec.org/jmlq_lieu/chalets-de-fauvel/,,,,,chalets-de-fauvel,publish,1,philgoupil@yahoo.ca,philgoupil@yahoo.ca,,,,default,0,0,0,open,open,2025-12-15
16650,"Accueil hiver au Mont-Sainte-Anne | Ski alpin au Mont-Sainte-Anne",https://jaimelequebec.org/jmlq_lieu/accueil-hiver-au-mont-sainte-anne-ski-alpin-au-mont-sainte-anne/,,,,,accueil-hiver-au-mont-sainte-anne-ski-alpin-au-mont-sainte-anne,publish,1,philgoupil@yahoo.ca,philgoupil@yahoo.ca,,,,default,0,0,0,open,open,2025-12-15
16651,"Évasion plein air Outaouais",https://jaimelequebec.org/jmlq_lieu/evasion-plein-air-outaouais/,,,,,evasion-plein-air-outaouais,publish,1,philgoupil@yahoo.ca,philgoupil@yahoo.ca,,,,default,0,0,0,open,open,2025-12-15
16652,"101-2000 ALLEE DU VAL-DE-BAGNES",https://jaimelequebec.org/jmlq_lieu/101-2000-allee-du-val-de-bagnes/,,,,,101-2000-allee-du-val-de-bagnes,publish,1,philgoupil@yahoo.ca,philgoupil@yahoo.ca,,,,default,0,0,0,open,open,2025-12-15
16653,Hopfenstark,https://jaimelequebec.org/jmlq_lieu/hopfenstark/,,,,,hopfenstark,publish,1,philgoupil@yahoo.ca,philgoupil@yahoo.ca,,,,default,0,0,0,open,open,2025-12-15
16654,"HopEra microbrasserie et pizzeria",https://jaimelequebec.org/jmlq_lieu/hopera-microbrasserie-et-pizzeria/,,,,,hopera-microbrasserie-et-pizzeria,publish,1,philgoupil@yahoo.ca,philgoupil@yahoo.ca,,,,default,0,0,0,open,open,2025-12-15
16655,"CAMP TROIS-SAUMONS",https://jaimelequebec.org/jmlq_lieu/camp-trois-saumons/,,,,,camp-trois-saumons,publish,1,philgoupil@yahoo.ca,philgoupil@yahoo.ca,,,,default,0,0,0,open,open,2025-12-15
16656,"Salon de dégustation - Brasserie Albion Sainte-Mélanie",https://jaimelequebec.org/jmlq_lieu/salon-de-degustation-brasserie-albion-sainte-melanie/,,,,,salon-de-degustation-brasserie-albion-sainte-melanie,publish,1,philgoupil@yahoo.ca,philgoupil@yahoo.ca,,,,default,0,0,0,open,open,2025-12-15
16657,"DOMAINE DE LA PASSERELLE",https://jaimelequebec.org/jmlq_lieu/domaine-de-la-passerelle/,,,,,domaine-de-la-passerelle,publish,1,philgoupil@yahoo.ca,philgoupil@yahoo.ca,,,,default,0,0,0,open,open,2025-12-15
16658,"DOMAINE DE LA FORÊT ENCHANTÉE",https://jaimelequebec.org/jmlq_lieu/domaine-de-la-foret-enchantee/,,,,,domaine-de-la-foret-enchantee,publish,1,philgoupil@yahoo.ca,philgoupil@yahoo.ca,,,,default,0,0,0,open,open,2025-12-15
16659,"LE CHIC RASSEMBLEUR",https://jaimelequebec.org/jmlq_lieu/le-chic-rassembleur/,,,,,le-chic-rassembleur,publish,1,philgoupil@yahoo.ca,philgoupil@yahoo.ca,,,,default,0,0,0,open,open,2025-12-15
16660,"CABANE À SUCRE LA COULÉE",https://jaimelequebec.org/jmlq_lieu/cabane-a-sucre-la-coulee/,,,,,cabane-a-sucre-la-coulee,publish,1,philgoupil@yahoo.ca,philgoupil@yahoo.ca,,,,default,0,0,0,open,open,2025-12-15
16661,"AU HAVRE PERCHÉ",https://jaimelequebec.org/jmlq_lieu/au-havre-perche/,,,,,au-havre-perche,publish,1,philgoupil@yahoo.ca,philgoupil@yahoo.ca,,,,default,0,0,0,open,open,2025-12-15
16662,"BONHEUR PARTAGÉ",https://jaimelequebec.org/jmlq_lieu/bonheur-partage/,,,,,bonheur-partage,publish,1,philgoupil@yahoo.ca,philgoupil@yahoo.ca,,,,default,0,0,0,open,open,2025-12-15
16663,"BONDURANT 95-8 - TREMBLANT PRESTIGE",https://jaimelequebec.org/jmlq_lieu/bondurant-95-8-tremblant-prestige/,,,,,bondurant-95-8-tremblant-prestige,publish,1,philgoupil@yahoo.ca,philgoupil@yahoo.ca,,,,default,0,0,0,open,open,2025-12-15
16664,"BONDURANT 95-4 TREMBLANT PRESTIGE",https://jaimelequebec.org/jmlq_lieu/bondurant-95-4-tremblant-prestige/,,,,,bondurant-95-4-tremblant-prestige,publish,1,philgoupil@yahoo.ca,philgoupil@yahoo.ca,,,,default,0,0,0,open,open,2025-12-15
16665,"BONDURANT 95-15 - TREMBLANT PRESTIGE",https://jaimelequebec.org/jmlq_lieu/bondurant-95-15-tremblant-prestige/,,,,,bondurant-95-15-tremblant-prestige,publish,1,philgoupil@yahoo.ca,philgoupil@yahoo.ca,,,,default,0,0,0,open,open,2025-12-15
16666,"BON SÉJOUR",https://jaimelequebec.org/jmlq_lieu/bon-sejour/,,,,,bon-sejour,publish,1,philgoupil@yahoo.ca,philgoupil@yahoo.ca,,,,default,0,0,0,open,open,2025-12-15
16667,"CHALET LE PÉLICAN",https://jaimelequebec.org/jmlq_lieu/chalet-le-pelican/,,,,,chalet-le-pelican,publish,1,philgoupil@yahoo.ca,philgoupil@yahoo.ca,,,,default,0,0,0,open,open,2025-12-15
16668,"CAMPING LA ROCHE D'OR",https://jaimelequebec.org/jmlq_lieu/camping-la-roche-dor/,,,,,camping-la-roche-dor,publish,1,philgoupil@yahoo.ca,philgoupil@yahoo.ca,,,,default,0,0,0,open,open,2025-12-15
16669,"Le Cinquième Élément",https://jaimelequebec.org/jmlq_lieu/le-cinquieme-element/,,,,,le-cinquieme-element,publish,1,philgoupil@yahoo.ca,philgoupil@yahoo.ca,,,,default,0,0,0,open,open,2025-12-15
16670,"Hébergements Bienvenue randonneurs | Tourisme Cantons-de-l'Est (Estrie)",https://jaimelequebec.org/jmlq_lieu/hebergements-bienvenue-randonneurs-tourisme-cantons-de-lest-estrie/,,,,,hebergements-bienvenue-randonneurs-tourisme-cantons-de-lest-estrie,publish,1,philgoupil@yahoo.ca,philgoupil@yahoo.ca,,,,default,0,0,0,open,open,2025-12-15
16671,"Hébergement WICKIUP",https://jaimelequebec.org/jmlq_lieu/hebergement-wickiup/,,,,,hebergement-wickiup,publish,1,philgoupil@yahoo.ca,philgoupil@yahoo.ca,,,,default,0,0,0,open,open,2025-12-15
16672,"Hébergement STORNOWAY",https://jaimelequebec.org/jmlq_lieu/hebergement-stornoway/,,,,,hebergement-stornoway,publish,1,philgoupil@yahoo.ca,philgoupil@yahoo.ca,,,,default,0,0,0,open,open,2025-12-15
16673,"CAMPING SOLEIL D'OR",https://jaimelequebec.org/jmlq_lieu/camping-soleil-dor/,,,,,camping-soleil-dor,publish,1,philgoupil@yahoo.ca,philgoupil@yahoo.ca,,,,default,0,0,0,open,open,2025-12-15
16674,"10E SENS",https://jaimelequebec.org/jmlq_lieu/10e-sens/,,,,,10e-sens,publish,1,philgoupil@yahoo.ca,philgoupil@yahoo.ca,,,,default,0,0,0,open,open,2025-12-15
16675,Impasto,https://jaimelequebec.org/jmlq_lieu/impasto/,,,,,impasto,publish,1,philgoupil@yahoo.ca,philgoupil@yahoo.ca,,,,default,0,0,0,open,open,2025-12-15
16676,"Immersion Québec",https://jaimelequebec.org/jmlq_lieu/immersion-quebec/,,,,,immersion-quebec,publish,1,philgoupil@yahoo.ca,philgoupil@yahoo.ca,,,,default,0,0,0,open,open,2025-12-15
16677,"Café SAT",https://jaimelequebec.org/jmlq_lieu/cafe-sat/,,,,,cafe-sat,publish,1,philgoupil@yahoo.ca,philgoupil@yahoo.ca,,,,default,0,0,0,open,open,2025-12-15
16678,"CHALET PHIL GOOD",https://jaimelequebec.org/jmlq_lieu/chalet-phil-good/,,,,,chalet-phil-good,publish,1,philgoupil@yahoo.ca,philgoupil@yahoo.ca,,,,default,0,0,0,open,open,2025-12-15
16679,"ALPAGES 90-29 - LES CHALETS ALPINS",https://jaimelequebec.org/jmlq_lieu/alpages-90-29-les-chalets-alpins/,,,,,alpages-90-29-les-chalets-alpins,publish,1,philgoupil@yahoo.ca,philgoupil@yahoo.ca,,,,default,0,0,0,open,open,2025-12-15
16680,"DOMAINE LA CHARMANTE",https://jaimelequebec.org/jmlq_lieu/domaine-la-charmante/,,,,,domaine-la-charmante,publish,1,philgoupil@yahoo.ca,philgoupil@yahoo.ca,,,,default,0,0,0,open,open,2025-12-15
16681,"HÔTEL COMFORT INN AND SUITES",https://jaimelequebec.org/jmlq_lieu/hotel-comfort-inn-and-suites/,,,,,hotel-comfort-inn-and-suites,publish,1,philgoupil@yahoo.ca,philgoupil@yahoo.ca,,,,default,0,0,0,open,open,2025-12-15
16682,"LA MAISON DU JARDIN",https://jaimelequebec.org/jmlq_lieu/la-maison-du-jardin/,,,,,la-maison-du-jardin,publish,1,philgoupil@yahoo.ca,philgoupil@yahoo.ca,,,,default,0,0,0,open,open,2025-12-15
16683,"Sentier écologique de Nédélec",https://jaimelequebec.org/jmlq_lieu/sentier-ecologique-de-nedelec/,,,,,sentier-ecologique-de-nedelec,publish,1,philgoupil@yahoo.ca,philgoupil@yahoo.ca,,,,default,0,0,0,open,open,2025-12-15
16684,"LE NANOK",https://jaimelequebec.org/jmlq_lieu/le-nanok/,,,,,le-nanok,publish,1,philgoupil@yahoo.ca,philgoupil@yahoo.ca,,,,default,0,0,0,open,open,2025-12-15
16685,"Microbrasserie Tadoussac",https://jaimelequebec.org/jmlq_lieu/microbrasserie-tadoussac/,,,,,microbrasserie-tadoussac,publish,1,philgoupil@yahoo.ca,philgoupil@yahoo.ca,,,,default,0,0,0,open,open,2025-12-15
16686,"CLUB DU LAC DES PERCHES",https://jaimelequebec.org/jmlq_lieu/club-du-lac-des-perches/,,,,,club-du-lac-des-perches,publish,1,philgoupil@yahoo.ca,philgoupil@yahoo.ca,,,,default,0,0,0,open,open,2025-12-15
16687,"La Traversée de Charlevoix | Piste / sentier | Saint-Urbain | Bonjour Québec",https://jaimelequebec.org/jmlq_lieu/la-traversee-de-charlevoix-piste-sentier-saint-urbain-bonjour-quebec/,,,,,la-traversee-de-charlevoix-piste-sentier-saint-urbain-bonjour-quebec,publish,1,philgoupil@yahoo.ca,philgoupil@yahoo.ca,,,,default,0,0,0,open,open,2025-12-15
16688,"Millénia Spa urbain",https://jaimelequebec.org/jmlq_lieu/millenia-spa-urbain/,,,,,millenia-spa-urbain,publish,1,philgoupil@yahoo.ca,philgoupil@yahoo.ca,,,,default,0,0,0,open,open,2025-12-15
16689,"CHALET PORTE-BONHEUR",https://jaimelequebec.org/jmlq_lieu/chalet-porte-bonheur/,,,,,chalet-porte-bonheur,publish,1,philgoupil@yahoo.ca,philgoupil@yahoo.ca,,,,default,0,0,0,open,open,2025-12-15
16690,"LOUP BLANC - AU CHALET EN BOIS ROND",https://jaimelequebec.org/jmlq_lieu/loup-blanc-au-chalet-en-bois-rond/,,,,,loup-blanc-au-chalet-en-bois-rond,publish,1,philgoupil@yahoo.ca,philgoupil@yahoo.ca,,,,default,0,0,0,open,open,2025-12-15
16691,"CHALET DU LAC WALLACE",https://jaimelequebec.org/jmlq_lieu/chalet-du-lac-wallace/,,,,,chalet-du-lac-wallace,publish,1,philgoupil@yahoo.ca,philgoupil@yahoo.ca,,,,default,0,0,0,open,open,2025-12-15
16692,"CHALET DU LAC VIVI",https://jaimelequebec.org/jmlq_lieu/chalet-du-lac-vivi/,,,,,chalet-du-lac-vivi,publish,1,philgoupil@yahoo.ca,philgoupil@yahoo.ca,,,,default,0,0,0,open,open,2025-12-15
16693,"CHALET DU LAC VERT",https://jaimelequebec.org/jmlq_lieu/chalet-du-lac-vert/,,,,,chalet-du-lac-vert,publish,1,philgoupil@yahoo.ca,philgoupil@yahoo.ca,,,,default,0,0,0,open,open,2025-12-15
16694,"CHALET DU LAC ROUGEAUD",https://jaimelequebec.org/jmlq_lieu/chalet-du-lac-rougeaud/,,,,,chalet-du-lac-rougeaud,publish,1,philgoupil@yahoo.ca,philgoupil@yahoo.ca,,,,default,0,0,0,open,open,2025-12-15
16695,"CHALET DU LAC ROSE",https://jaimelequebec.org/jmlq_lieu/chalet-du-lac-rose/,,,,,chalet-du-lac-rose,publish,1,philgoupil@yahoo.ca,philgoupil@yahoo.ca,,,,default,0,0,0,open,open,2025-12-15
16696,"CHALET DU LAC MCGILLIVRAY",https://jaimelequebec.org/jmlq_lieu/chalet-du-lac-mcgillivray/,,,,,chalet-du-lac-mcgillivray,publish,1,philgoupil@yahoo.ca,philgoupil@yahoo.ca,,,,default,0,0,0,open,open,2025-12-15
16697,"CHALET DU LAC GOTH",https://jaimelequebec.org/jmlq_lieu/chalet-du-lac-goth/,,,,,chalet-du-lac-goth,publish,1,philgoupil@yahoo.ca,philgoupil@yahoo.ca,,,,default,0,0,0,open,open,2025-12-15
16698,"CHALET DU LAC BLUE SEA",https://jaimelequebec.org/jmlq_lieu/chalet-du-lac-blue-sea/,,,,,chalet-du-lac-blue-sea,publish,1,philgoupil@yahoo.ca,philgoupil@yahoo.ca,,,,default,0,0,0,open,open,2025-12-15
16699,"CHALET DU LAC BIBEAU",https://jaimelequebec.org/jmlq_lieu/chalet-du-lac-bibeau/,,,,,chalet-du-lac-bibeau,publish,1,philgoupil@yahoo.ca,philgoupil@yahoo.ca,,,,default,0,0,0,open,open,2025-12-15
16700,"POURVOIRIE DU BARRAGE GOUIN ET DU MAGNAN",https://jaimelequebec.org/jmlq_lieu/pourvoirie-du-barrage-gouin-et-du-magnan/,,,,,pourvoirie-du-barrage-gouin-et-du-magnan,publish,1,philgoupil@yahoo.ca,philgoupil@yahoo.ca,,,,default,0,0,0,open,open,2025-12-15
16701,"La Fondue",https://jaimelequebec.org/jmlq_lieu/la-fondue/,,,,,la-fondue,publish,1,philgoupil@yahoo.ca,philgoupil@yahoo.ca,,,,default,0,0,0,open,open,2025-12-15
16702,"LA FOIRE DU CAMIONNEUR DE BARRAUTE",https://jaimelequebec.org/jmlq_lieu/la-foire-du-camionneur-de-barraute/,,,,,la-foire-du-camionneur-de-barraute,publish,1,philgoupil@yahoo.ca,philgoupil@yahoo.ca,,,,default,0,0,0,open,open,2025-12-15
16703,"AUBERGE DE LA STATION - RÉSIDENCE DE TOURISME",https://jaimelequebec.org/jmlq_lieu/auberge-de-la-station-residence-de-tourisme/,,,,,auberge-de-la-station-residence-de-tourisme,publish,1,philgoupil@yahoo.ca,philgoupil@yahoo.ca,,,,default,0,0,0,open,open,2025-12-15
16704,"Parc régional du Lac Taureau",https://jaimelequebec.org/jmlq_lieu/parc-regional-du-lac-taureau/,,,,,parc-regional-du-lac-taureau,publish,1,philgoupil@yahoo.ca,philgoupil@yahoo.ca,,,,default,0,0,0,open,open,2025-12-15
16705,"CHALET AVENTURE ORFORD",https://jaimelequebec.org/jmlq_lieu/chalet-aventure-orford/,,,,,chalet-aventure-orford,publish,1,philgoupil@yahoo.ca,philgoupil@yahoo.ca,,,,default,0,0,0,open,open,2025-12-15
16706,"BLANC 06 - LES CHALETS ALPINS",https://jaimelequebec.org/jmlq_lieu/blanc-06-les-chalets-alpins/,,,,,blanc-06-les-chalets-alpins,publish,1,philgoupil@yahoo.ca,philgoupil@yahoo.ca,,,,default,0,0,0,open,open,2025-12-15
16707,"SKIEUR ADSTOCK",https://jaimelequebec.org/jmlq_lieu/skieur-adstock/,,,,,skieur-adstock,publish,1,philgoupil@yahoo.ca,philgoupil@yahoo.ca,,,,default,0,0,0,open,open,2025-12-15
16708,"CAMPING MUNICIPAL DE RIVIÈRE-SAINT-JEAN",https://jaimelequebec.org/jmlq_lieu/camping-municipal-de-riviere-saint-jean/,,,,,camping-municipal-de-riviere-saint-jean,publish,1,philgoupil@yahoo.ca,philgoupil@yahoo.ca,,,,default,0,0,0,open,open,2025-12-15
16709,"AÉRO GATINEAU-OTTAWA",https://jaimelequebec.org/jmlq_lieu/aero-gatineau-ottawa/,,,,,aero-gatineau-ottawa,publish,1,philgoupil@yahoo.ca,philgoupil@yahoo.ca,,,,default,0,0,0,open,open,2025-12-15
16710,"CHALET OWL'S HEAD",https://jaimelequebec.org/jmlq_lieu/chalet-owls-head/,,,,,chalet-owls-head,publish,1,philgoupil@yahoo.ca,philgoupil@yahoo.ca,,,,default,0,0,0,open,open,2025-12-15
16711,"Appalaches torréfacteur",https://jaimelequebec.org/jmlq_lieu/appalaches-torrefacteur/,,,,,appalaches-torrefacteur,publish,1,philgoupil@yahoo.ca,philgoupil@yahoo.ca,,,,default,0,0,0,open,open,2025-12-15
16712,"CAMPING DU PONT BLANC",https://jaimelequebec.org/jmlq_lieu/camping-du-pont-blanc/,,,,,camping-du-pont-blanc,publish,1,philgoupil@yahoo.ca,philgoupil@yahoo.ca,,,,default,0,0,0,open,open,2025-12-15
16713,"CONDOS DE LA MER",https://jaimelequebec.org/jmlq_lieu/condos-de-la-mer/,,,,,condos-de-la-mer,publish,1,philgoupil@yahoo.ca,philgoupil@yahoo.ca,,,,default,0,0,0,open,open,2025-12-15
16714,"BILLY MÉNARD, MYRIAM VAILLANCOURT, LOUIS MOISAN ET JANIE VAILLANCOURT",https://jaimelequebec.org/jmlq_lieu/billy-menard-myriam-vaillancourt-louis-moisan-et-janie-vaillancourt/,,,,,billy-menard-myriam-vaillancourt-louis-moisan-et-janie-vaillancourt,publish,1,philgoupil@yahoo.ca,philgoupil@yahoo.ca,,,,default,0,0,0,open,open,2025-12-15
16715,"Centre d'escalade POP BLOC",https://jaimelequebec.org/jmlq_lieu/centre-descalade-pop-bloc/,,,,,centre-descalade-pop-bloc,publish,1,philgoupil@yahoo.ca,philgoupil@yahoo.ca,,,,default,0,0,0,open,open,2025-12-15
16716,"Club d'escalade Le Rappel du Nord",https://jaimelequebec.org/jmlq_lieu/club-descalade-le-rappel-du-nord/,,,,,club-descalade-le-rappel-du-nord,publish,1,philgoupil@yahoo.ca,philgoupil@yahoo.ca,,,,default,0,0,0,open,open,2025-12-15
16717,"BLANC 02",https://jaimelequebec.org/jmlq_lieu/blanc-02/,,,,,blanc-02,publish,1,philgoupil@yahoo.ca,philgoupil@yahoo.ca,,,,default,0,0,0,open,open,2025-12-15
16718,"Au Chalet en Bois Rond",https://jaimelequebec.org/jmlq_lieu/au-chalet-en-bois-rond/,,,,,au-chalet-en-bois-rond,publish,1,philgoupil@yahoo.ca,philgoupil@yahoo.ca,,,,default,0,0,0,open,open,2025-12-15
16719,"Au Chalet en Boirs Rond / Cani-Trottinette",https://jaimelequebec.org/jmlq_lieu/au-chalet-en-boirs-rond-cani-trottinette/,,,,,au-chalet-en-boirs-rond-cani-trottinette,publish,1,philgoupil@yahoo.ca,philgoupil@yahoo.ca,,,,default,0,0,0,open,open,2025-12-15
16720,"Plage du Parc Régional des Îles-de-Saint-Timothée",https://jaimelequebec.org/jmlq_lieu/plage-du-parc-regional-des-iles-de-saint-timothee/,,,,,plage-du-parc-regional-des-iles-de-saint-timothee,publish,1,philgoupil@yahoo.ca,philgoupil@yahoo.ca,,,,default,0,0,0,open,open,2025-12-15
16721,"CHALET 2 RUE OLIVIA",https://jaimelequebec.org/jmlq_lieu/chalet-2-rue-olivia/,,,,,chalet-2-rue-olivia,publish,1,philgoupil@yahoo.ca,philgoupil@yahoo.ca,,,,default,0,0,0,open,open,2025-12-15
16722,"HÔTEL PALACE ROYAL",https://jaimelequebec.org/jmlq_lieu/hotel-palace-royal/,,,,,hotel-palace-royal,publish,1,philgoupil@yahoo.ca,philgoupil@yahoo.ca,,,,default,0,0,0,open,open,2025-12-15
16723,"CONDO MEZZANINE AU BORD DU LAC MEMPHRÉMAGOG",https://jaimelequebec.org/jmlq_lieu/condo-mezzanine-au-bord-du-lac-memphremagog/,,,,,condo-mezzanine-au-bord-du-lac-memphremagog,publish,1,philgoupil@yahoo.ca,philgoupil@yahoo.ca,,,,default,0,0,0,open,open,2025-12-15
16724,"Club du golf Milby",https://jaimelequebec.org/jmlq_lieu/club-du-golf-milby/,,,,,club-du-golf-milby,publish,1,philgoupil@yahoo.ca,philgoupil@yahoo.ca,,,,default,0,0,0,open,open,2025-12-15
16725,"3 RUE MINOT DE POMMES",https://jaimelequebec.org/jmlq_lieu/3-rue-minot-de-pommes/,,,,,3-rue-minot-de-pommes,publish,1,philgoupil@yahoo.ca,philgoupil@yahoo.ca,,,,default,0,0,0,open,open,2025-12-15
16726,"3 régions pour découvrir l’ouest du Québec | Blogue Bonjour Québec",https://jaimelequebec.org/jmlq_lieu/3-regions-pour-decouvrir-louest-du-quebec-blogue-bonjour-quebec/,,,,,3-regions-pour-decouvrir-louest-du-quebec-blogue-bonjour-quebec,publish,1,philgoupil@yahoo.ca,philgoupil@yahoo.ca,,,,default,0,0,0,open,open,2025-12-15
16727,"GRAND TIMES HÔTEL - AÉROPORT DE QUÉBEC",https://jaimelequebec.org/jmlq_lieu/grand-times-hotel-aeroport-de-quebec/,,,,,grand-times-hotel-aeroport-de-quebec,publish,1,philgoupil@yahoo.ca,philgoupil@yahoo.ca,,,,default,0,0,0,open,open,2025-12-15
16728,"AU GRAND MERISIER",https://jaimelequebec.org/jmlq_lieu/au-grand-merisier/,,,,,au-grand-merisier,publish,1,philgoupil@yahoo.ca,philgoupil@yahoo.ca,,,,default,0,0,0,open,open,2025-12-15
16729,"CHALET HAVRE DU LOUP",https://jaimelequebec.org/jmlq_lieu/chalet-havre-du-loup/,,,,,chalet-havre-du-loup,publish,1,philgoupil@yahoo.ca,philgoupil@yahoo.ca,,,,default,0,0,0,open,open,2025-12-15
16730,"CHALET HAUT-BOIS",https://jaimelequebec.org/jmlq_lieu/chalet-haut-bois/,,,,,chalet-haut-bois,publish,1,philgoupil@yahoo.ca,philgoupil@yahoo.ca,,,,default,0,0,0,open,open,2025-12-15
16731,"Bagatelle Bistro",https://jaimelequebec.org/jmlq_lieu/bagatelle-bistro/,,,,,bagatelle-bistro,publish,1,philgoupil@yahoo.ca,philgoupil@yahoo.ca,,,,default,0,0,0,open,open,2025-12-15
16732,"BADANG LAB",https://jaimelequebec.org/jmlq_lieu/badang-lab/,,,,,badang-lab,publish,1,philgoupil@yahoo.ca,philgoupil@yahoo.ca,,,,default,0,0,0,open,open,2025-12-15
16733,"DOMAINE D'OSKELANEO",https://jaimelequebec.org/jmlq_lieu/domaine-doskelaneo/,,,,,domaine-doskelaneo,publish,1,philgoupil@yahoo.ca,philgoupil@yahoo.ca,,,,default,0,0,0,open,open,2025-12-15
16734,"AUBERGE DU VIGNOBLE BROMONT",https://jaimelequebec.org/jmlq_lieu/auberge-du-vignoble-bromont/,,,,,auberge-du-vignoble-bromont,publish,1,philgoupil@yahoo.ca,philgoupil@yahoo.ca,,,,default,0,0,0,open,open,2025-12-15
16735,"AUBERGE DU VIEUX MOULIN, CHALETS",https://jaimelequebec.org/jmlq_lieu/auberge-du-vieux-moulin-chalets/,,,,,auberge-du-vieux-moulin-chalets,publish,1,philgoupil@yahoo.ca,philgoupil@yahoo.ca,,,,default,0,0,0,open,open,2025-12-15
16736,"CLUB DES TROIS CASTORS",https://jaimelequebec.org/jmlq_lieu/club-des-trois-castors/,,,,,club-des-trois-castors,publish,1,philgoupil@yahoo.ca,philgoupil@yahoo.ca,,,,default,0,0,0,open,open,2025-12-15
16737,"La Maison de Débauche par Le Carlito",https://jaimelequebec.org/jmlq_lieu/la-maison-de-debauche-par-le-carlito/,,,,,la-maison-de-debauche-par-le-carlito,publish,1,philgoupil@yahoo.ca,philgoupil@yahoo.ca,,,,default,0,0,0,open,open,2025-12-15
16738,"GITE DUO DES ARBRES",https://jaimelequebec.org/jmlq_lieu/gite-duo-des-arbres/,,,,,gite-duo-des-arbres,publish,1,philgoupil@yahoo.ca,philgoupil@yahoo.ca,,,,default,0,0,0,open,open,2025-12-15
16739,"GÎTE DU MITAN",https://jaimelequebec.org/jmlq_lieu/gite-du-mitan/,,,,,gite-du-mitan,publish,1,philgoupil@yahoo.ca,philgoupil@yahoo.ca,,,,default,0,0,0,open,open,2025-12-15
16740,"LA BLEUE MARITIME",https://jaimelequebec.org/jmlq_lieu/la-bleue-maritime/,,,,,la-bleue-maritime,publish,1,philgoupil@yahoo.ca,philgoupil@yahoo.ca,,,,default,0,0,0,open,open,2025-12-15
16741,"HÔTEL SAINT-SULPICE",https://jaimelequebec.org/jmlq_lieu/hotel-saint-sulpice/,,,,,hotel-saint-sulpice,publish,1,philgoupil@yahoo.ca,philgoupil@yahoo.ca,,,,default,0,0,0,open,open,2025-12-15
16742,"HÔTEL LE BÉLUGA",https://jaimelequebec.org/jmlq_lieu/hotel-le-beluga/,,,,,hotel-le-beluga,publish,1,philgoupil@yahoo.ca,philgoupil@yahoo.ca,,,,default,0,0,0,open,open,2025-12-15
16743,"HÔTEL ET SUITES LE DAUPHIN QUÉBEC",https://jaimelequebec.org/jmlq_lieu/hotel-et-suites-le-dauphin-quebec/,,,,,hotel-et-suites-le-dauphin-quebec,publish,1,philgoupil@yahoo.ca,philgoupil@yahoo.ca,,,,default,0,0,0,open,open,2025-12-15
16744,"HÔTEL CHÂTEAU LAURIER QUÉBEC",https://jaimelequebec.org/jmlq_lieu/hotel-chateau-laurier-quebec/,,,,,hotel-chateau-laurier-quebec,publish,1,philgoupil@yahoo.ca,philgoupil@yahoo.ca,,,,default,0,0,0,open,open,2025-12-15
16745,"HALTE CAMPING LOTBINIÈRE",https://jaimelequebec.org/jmlq_lieu/halte-camping-lotbiniere/,,,,,halte-camping-lotbiniere,publish,1,philgoupil@yahoo.ca,philgoupil@yahoo.ca,,,,default,0,0,0,open,open,2025-12-15
16746,GUEPE,https://jaimelequebec.org/jmlq_lieu/guepe/,,,,,guepe,publish,1,philgoupil@yahoo.ca,philgoupil@yahoo.ca,,,,default,0,0,0,open,open,2025-12-15
16747,"L’Orée du Bois > Home",https://jaimelequebec.org/jmlq_lieu/loree-du-bois-home/,,,,,loree-du-bois-home,publish,1,philgoupil@yahoo.ca,philgoupil@yahoo.ca,,,,default,0,0,0,open,open,2025-12-15
16748,"Aluminerie Alouette",https://jaimelequebec.org/jmlq_lieu/aluminerie-alouette/,,,,,aluminerie-alouette,publish,1,philgoupil@yahoo.ca,philgoupil@yahoo.ca,,,,default,0,0,0,open,open,2025-12-15
16749,"ALTITUDE 172-8 - TREMBLANT PRESTIGE",https://jaimelequebec.org/jmlq_lieu/altitude-172-8-tremblant-prestige/,,,,,altitude-172-8-tremblant-prestige,publish,1,philgoupil@yahoo.ca,philgoupil@yahoo.ca,,,,default,0,0,0,open,open,2025-12-15
16750,"Écovoile Baie-des-Chaleurs",https://jaimelequebec.org/jmlq_lieu/ecovoile-baie-des-chaleurs/,,,,,ecovoile-baie-des-chaleurs,publish,1,philgoupil@yahoo.ca,philgoupil@yahoo.ca,,,,default,0,0,0,open,open,2025-12-15
16751,"CHALETS MAURICIE",https://jaimelequebec.org/jmlq_lieu/chalets-mauricie/,,,,,chalets-mauricie,publish,1,philgoupil@yahoo.ca,philgoupil@yahoo.ca,,,,default,0,0,0,open,open,2025-12-15
16752,"Centre d'interprétation de la nature du lac Boivin (CINLB)",https://jaimelequebec.org/jmlq_lieu/centre-dinterpretation-de-la-nature-du-lac-boivin-cinlb/,,,,,centre-dinterpretation-de-la-nature-du-lac-boivin-cinlb,publish,1,philgoupil@yahoo.ca,philgoupil@yahoo.ca,,,,default,0,0,0,open,open,2025-12-15
16753,"DU BONHEUR AU LAC FIDELE",https://jaimelequebec.org/jmlq_lieu/du-bonheur-au-lac-fidele/,,,,,du-bonheur-au-lac-fidele,publish,1,philgoupil@yahoo.ca,philgoupil@yahoo.ca,,,,default,0,0,0,open,open,2025-12-15
16754,"Golf Lac Taureau",https://jaimelequebec.org/jmlq_lieu/golf-lac-taureau/,,,,,golf-lac-taureau,publish,1,philgoupil@yahoo.ca,philgoupil@yahoo.ca,,,,default,0,0,0,open,open,2025-12-15
16755,"Golf Expérience",https://jaimelequebec.org/jmlq_lieu/golf-experience/,,,,,golf-experience,publish,1,philgoupil@yahoo.ca,philgoupil@yahoo.ca,,,,default,0,0,0,open,open,2025-12-15
16756,"LE CONCORDE",https://jaimelequebec.org/jmlq_lieu/le-concorde/,,,,,le-concorde,publish,1,philgoupil@yahoo.ca,philgoupil@yahoo.ca,,,,default,0,0,0,open,open,2025-12-15
16757,"Archipel des Sept Îles",https://jaimelequebec.org/jmlq_lieu/archipel-des-sept-iles/,,,,,archipel-des-sept-iles,publish,1,philgoupil@yahoo.ca,philgoupil@yahoo.ca,,,,default,0,0,0,open,open,2025-12-15
16758,"Bistro 1640",https://jaimelequebec.org/jmlq_lieu/bistro-1640/,,,,,bistro-1640,publish,1,philgoupil@yahoo.ca,philgoupil@yahoo.ca,,,,default,0,0,0,open,open,2025-12-15
16759,"Parc naturel régional de Portneuf",https://jaimelequebec.org/jmlq_lieu/parc-naturel-regional-de-portneuf/,,,,,parc-naturel-regional-de-portneuf,publish,1,philgoupil@yahoo.ca,philgoupil@yahoo.ca,,,,default,0,0,0,open,open,2025-12-15
16760,"ZOOBOX-ZVS-87-LE VERTENDRE",https://jaimelequebec.org/jmlq_lieu/zoobox-zvs-87-le-vertendre/,,,,,zoobox-zvs-87-le-vertendre,publish,1,philgoupil@yahoo.ca,philgoupil@yahoo.ca,,,,default,0,0,0,open,open,2025-12-15
16761,"ASSOCIATION DU CAMP DES CÈDRES/CEDAR LODGE ASSOCIATION",https://jaimelequebec.org/jmlq_lieu/association-du-camp-des-cedres-cedar-lodge-association/,,,,,association-du-camp-des-cedres-cedar-lodge-association,publish,1,philgoupil@yahoo.ca,philgoupil@yahoo.ca,,,,default,0,0,0,open,open,2025-12-15
16762,"AUBERGE FLEURS DE LUNE",https://jaimelequebec.org/jmlq_lieu/auberge-fleurs-de-lune/,,,,,auberge-fleurs-de-lune,publish,1,philgoupil@yahoo.ca,philgoupil@yahoo.ca,,,,default,0,0,0,open,open,2025-12-15
16763,"AUBERGE EXPÉ AVENTURES",https://jaimelequebec.org/jmlq_lieu/auberge-expe-aventures/,,,,,auberge-expe-aventures,publish,1,philgoupil@yahoo.ca,philgoupil@yahoo.ca,,,,default,0,0,0,open,open,2025-12-15
16764,"AUBERGE ÉVASION NATURE",https://jaimelequebec.org/jmlq_lieu/auberge-evasion-nature/,,,,,auberge-evasion-nature,publish,1,philgoupil@yahoo.ca,philgoupil@yahoo.ca,,,,default,0,0,0,open,open,2025-12-15
16765,"CENTRE VAUVERT-SUR-LE-LAC-SAINT-JEAN",https://jaimelequebec.org/jmlq_lieu/centre-vauvert-sur-le-lac-saint-jean/,,,,,centre-vauvert-sur-le-lac-saint-jean,publish,1,philgoupil@yahoo.ca,philgoupil@yahoo.ca,,,,default,0,0,0,open,open,2025-12-15
16766,"CENTRE VACANCES LAC-SIMON",https://jaimelequebec.org/jmlq_lieu/centre-vacances-lac-simon/,,,,,centre-vacances-lac-simon,publish,1,philgoupil@yahoo.ca,philgoupil@yahoo.ca,,,,default,0,0,0,open,open,2025-12-15
16767,"CENTRE VACANCES LAC SIMON",https://jaimelequebec.org/jmlq_lieu/centre-vacances-lac-simon-2/,,,,,centre-vacances-lac-simon-2,publish,1,philgoupil@yahoo.ca,philgoupil@yahoo.ca,,,,default,0,0,0,open,open,2025-12-15
16768,"CENTRE TARA DE BONSECOURS INC.",https://jaimelequebec.org/jmlq_lieu/centre-tara-de-bonsecours-inc/,,,,,centre-tara-de-bonsecours-inc,publish,1,philgoupil@yahoo.ca,philgoupil@yahoo.ca,,,,default,0,0,0,open,open,2025-12-15
16769,"Centre sportif du Collège Ahuntsic",https://jaimelequebec.org/jmlq_lieu/centre-sportif-du-college-ahuntsic/,,,,,centre-sportif-du-college-ahuntsic,publish,1,philgoupil@yahoo.ca,philgoupil@yahoo.ca,,,,default,0,0,0,open,open,2025-12-15
16770,"Parc nature récréotouristique de Saint-Lin-Laurentides",https://jaimelequebec.org/jmlq_lieu/parc-nature-recreotouristique-de-saint-lin-laurentides/,,,,,parc-nature-recreotouristique-de-saint-lin-laurentides,publish,1,philgoupil@yahoo.ca,philgoupil@yahoo.ca,,,,default,0,0,0,open,open,2025-12-15
16771,"Club de golf Ormstown",https://jaimelequebec.org/jmlq_lieu/club-de-golf-ormstown/,,,,,club-de-golf-ormstown,publish,1,philgoupil@yahoo.ca,philgoupil@yahoo.ca,,,,default,0,0,0,open,open,2025-12-15
16772,110-20,https://jaimelequebec.org/jmlq_lieu/110-20/,,,,,110-20,publish,1,philgoupil@yahoo.ca,philgoupil@yahoo.ca,,,,default,0,0,0,open,open,2025-12-15
16773,"BOHO BOUTIQUE-HÔBERGE",https://jaimelequebec.org/jmlq_lieu/boho-boutique-hoberge/,,,,,boho-boutique-hoberge,publish,1,philgoupil@yahoo.ca,philgoupil@yahoo.ca,,,,default,0,0,0,open,open,2025-12-15
16774,"STUDIO 207",https://jaimelequebec.org/jmlq_lieu/studio-207/,,,,,studio-207,publish,1,philgoupil@yahoo.ca,philgoupil@yahoo.ca,,,,default,0,0,0,open,open,2025-12-15
16775,"CHALET FORÊT 07",https://jaimelequebec.org/jmlq_lieu/chalet-foret-07/,,,,,chalet-foret-07,publish,1,philgoupil@yahoo.ca,philgoupil@yahoo.ca,,,,default,0,0,0,open,open,2025-12-15
16776,"À Chacun son Pain",https://jaimelequebec.org/jmlq_lieu/a-chacun-son-pain/,,,,,a-chacun-son-pain,publish,1,philgoupil@yahoo.ca,philgoupil@yahoo.ca,,,,default,0,0,0,open,open,2025-12-15
16777,"École de parachutisme Voltige",https://jaimelequebec.org/jmlq_lieu/ecole-de-parachutisme-voltige/,,,,,ecole-de-parachutisme-voltige,publish,1,philgoupil@yahoo.ca,philgoupil@yahoo.ca,,,,default,0,0,0,open,open,2025-12-15
16778,"PAISIBLE CHALET SCANDINAVE ET SPA",https://jaimelequebec.org/jmlq_lieu/paisible-chalet-scandinave-et-spa/,,,,,paisible-chalet-scandinave-et-spa,publish,1,philgoupil@yahoo.ca,philgoupil@yahoo.ca,,,,default,0,0,0,open,open,2025-12-15
16779,"ESPACE GLOBETROTTER",https://jaimelequebec.org/jmlq_lieu/espace-globetrotter/,,,,,espace-globetrotter,publish,1,philgoupil@yahoo.ca,philgoupil@yahoo.ca,,,,default,0,0,0,open,open,2025-12-15
16780,"Parc de la Gatineau",https://jaimelequebec.org/jmlq_lieu/parc-de-la-gatineau/,,,,,parc-de-la-gatineau,publish,1,philgoupil@yahoo.ca,philgoupil@yahoo.ca,,,,default,0,0,0,open,open,2025-12-15
16781,F-309,https://jaimelequebec.org/jmlq_lieu/f-309/,,,,,f-309,publish,1,philgoupil@yahoo.ca,philgoupil@yahoo.ca,,,,default,0,0,0,open,open,2025-12-15
16782,"LA POURVOIRIE DU LAC OSCAR",https://jaimelequebec.org/jmlq_lieu/la-pourvoirie-du-lac-oscar/,,,,,la-pourvoirie-du-lac-oscar,publish,1,philgoupil@yahoo.ca,philgoupil@yahoo.ca,,,,default,0,0,0,open,open,2025-12-15
16783,"CHALETS DES MONTS",https://jaimelequebec.org/jmlq_lieu/chalets-des-monts/,,,,,chalets-des-monts,publish,1,philgoupil@yahoo.ca,philgoupil@yahoo.ca,,,,default,0,0,0,open,open,2025-12-15
16784,"CAMPING DE L'ÎLE AUX LIÈVRES",https://jaimelequebec.org/jmlq_lieu/camping-de-lile-aux-lievres/,,,,,camping-de-lile-aux-lievres,publish,1,philgoupil@yahoo.ca,philgoupil@yahoo.ca,,,,default,0,0,0,open,open,2025-12-15
16785,"ATTITUDE MONTAGNE",https://jaimelequebec.org/jmlq_lieu/attitude-montagne-2/,,,,,attitude-montagne-2,publish,1,philgoupil@yahoo.ca,philgoupil@yahoo.ca,,,,default,0,0,0,open,open,2025-12-15
16786,"ATMOSPHÈRE CHARLEVOIX",https://jaimelequebec.org/jmlq_lieu/atmosphere-charlevoix/,,,,,atmosphere-charlevoix,publish,1,philgoupil@yahoo.ca,philgoupil@yahoo.ca,,,,default,0,0,0,open,open,2025-12-15
16787,"ATELIER DU CLOCHER STUDIO #5",https://jaimelequebec.org/jmlq_lieu/atelier-du-clocher-studio-5/,,,,,atelier-du-clocher-studio-5,publish,1,philgoupil@yahoo.ca,philgoupil@yahoo.ca,,,,default,0,0,0,open,open,2025-12-15
16788,CHALET,https://jaimelequebec.org/jmlq_lieu/chalet-2/,,,,,chalet-2,publish,1,philgoupil@yahoo.ca,philgoupil@yahoo.ca,,,,default,0,0,0,open,open,2025-12-15
16789,"Brasserrie Daniel Lapointe",https://jaimelequebec.org/jmlq_lieu/brasserrie-daniel-lapointe/,,,,,brasserrie-daniel-lapointe,publish,1,philgoupil@yahoo.ca,philgoupil@yahoo.ca,,,,default,0,0,0,open,open,2025-12-15
16790,"Miller Zoo",https://jaimelequebec.org/jmlq_lieu/miller-zoo/,,,,,miller-zoo,publish,1,philgoupil@yahoo.ca,philgoupil@yahoo.ca,,,,default,0,0,0,open,open,2025-12-15
16791,"Resto Pub Le Zouk",https://jaimelequebec.org/jmlq_lieu/resto-pub-le-zouk/,,,,,resto-pub-le-zouk,publish,1,philgoupil@yahoo.ca,philgoupil@yahoo.ca,,,,default,0,0,0,open,open,2025-12-15
16792,"Mikes (Ste-Marie)",https://jaimelequebec.org/jmlq_lieu/mikes-ste-marie/,,,,,mikes-ste-marie,publish,1,philgoupil@yahoo.ca,philgoupil@yahoo.ca,,,,default,0,0,0,open,open,2025-12-15
16793,"Oasis Surf",https://jaimelequebec.org/jmlq_lieu/oasis-surf/,,,,,oasis-surf,publish,1,philgoupil@yahoo.ca,philgoupil@yahoo.ca,,,,default,0,0,0,open,open,2025-12-15
16794,"Restaurant Comme Chez Soi (Sherbrooke)",https://jaimelequebec.org/jmlq_lieu/restaurant-comme-chez-soi-sherbrooke/,,,,,restaurant-comme-chez-soi-sherbrooke,publish,1,philgoupil@yahoo.ca,philgoupil@yahoo.ca,,,,default,0,0,0,open,open,2025-12-15
16795,KBANE,https://jaimelequebec.org/jmlq_lieu/kbane/,,,,,kbane,publish,1,philgoupil@yahoo.ca,philgoupil@yahoo.ca,,,,default,0,0,0,open,open,2025-12-15
16796,LISA-MARIE,https://jaimelequebec.org/jmlq_lieu/lisa-marie/,,,,,lisa-marie,publish,1,philgoupil@yahoo.ca,philgoupil@yahoo.ca,,,,default,0,0,0,open,open,2025-12-15
16797,MIRADOR,https://jaimelequebec.org/jmlq_lieu/mirador/,,,,,mirador,publish,1,philgoupil@yahoo.ca,philgoupil@yahoo.ca,,,,default,0,0,0,open,open,2025-12-15
16798,"Manoir du lac William Hôtel & Spa | Centre de santé, spa | Saint-Ferdinand | Bonjour Québec",https://jaimelequebec.org/jmlq_lieu/manoir-du-lac-william-hotel-spa-centre-de-sante-spa-saint-ferdinand-bonjour-quebec/,,,,,manoir-du-lac-william-hotel-spa-centre-de-sante-spa-saint-ferdinand-bonjour-quebec,publish,1,philgoupil@yahoo.ca,philgoupil@yahoo.ca,,,,default,0,0,0,open,open,2025-12-15
16799,"LA BLUE CASA",https://jaimelequebec.org/jmlq_lieu/la-blue-casa/,,,,,la-blue-casa,publish,1,philgoupil@yahoo.ca,philgoupil@yahoo.ca,,,,default,0,0,0,open,open,2025-12-15
16800,"Casse-Croûte Le Gourmand",https://jaimelequebec.org/jmlq_lieu/casse-croute-le-gourmand/,,,,,casse-croute-le-gourmand,publish,1,philgoupil@yahoo.ca,philgoupil@yahoo.ca,,,,default,0,0,0,open,open,2025-12-15
16801,L'ESTUAIRE,https://jaimelequebec.org/jmlq_lieu/lestuaire/,,,,,lestuaire,publish,1,philgoupil@yahoo.ca,philgoupil@yahoo.ca,,,,default,0,0,0,open,open,2025-12-15
16802,"Restaurant Au St-Jacques",https://jaimelequebec.org/jmlq_lieu/restaurant-au-st-jacques/,,,,,restaurant-au-st-jacques,publish,1,philgoupil@yahoo.ca,philgoupil@yahoo.ca,,,,default,0,0,0,open,open,2025-12-15
16803,"LE GÎTE DES SOEURS",https://jaimelequebec.org/jmlq_lieu/le-gite-des-soeurs/,,,,,le-gite-des-soeurs,publish,1,philgoupil@yahoo.ca,philgoupil@yahoo.ca,,,,default,0,0,0,open,open,2025-12-15
16804,"LE NARO CABIN",https://jaimelequebec.org/jmlq_lieu/le-naro-cabin/,,,,,le-naro-cabin,publish,1,philgoupil@yahoo.ca,philgoupil@yahoo.ca,,,,default,0,0,0,open,open,2025-12-15
16805,"Lieu historique national d'Obadjiwan–Fort-Témiscamingue | Musée, site historique / archéologique | D",https://jaimelequebec.org/jmlq_lieu/lieu-historique-national-dobadjiwan-fort-temiscamingue-musee-site-historique-archeologique-d/,,,,,lieu-historique-national-dobadjiwan-fort-temiscamingue-musee-site-historique-archeologique-d,publish,1,philgoupil@yahoo.ca,philgoupil@yahoo.ca,,,,default,0,0,0,open,open,2025-12-15
16806,"AUBERGE NOUVELLE-FRANCE INC.",https://jaimelequebec.org/jmlq_lieu/auberge-nouvelle-france-inc/,,,,,auberge-nouvelle-france-inc,publish,1,philgoupil@yahoo.ca,philgoupil@yahoo.ca,,,,default,0,0,0,open,open,2025-12-15
16807,"Restaurant Au goût du large - Le Gaspésiana | Sainte-Flavie, Gaspésie",https://jaimelequebec.org/jmlq_lieu/restaurant-au-gout-du-large-le-gaspesiana-sainte-flavie-gaspesie/,,,,,restaurant-au-gout-du-large-le-gaspesiana-sainte-flavie-gaspesie,publish,1,philgoupil@yahoo.ca,philgoupil@yahoo.ca,,,,default,0,0,0,open,open,2025-12-15
16808,"Habaneros grill mexicain - Amos",https://jaimelequebec.org/jmlq_lieu/habaneros-grill-mexicain-amos/,,,,,habaneros-grill-mexicain-amos,publish,1,philgoupil@yahoo.ca,philgoupil@yahoo.ca,,,,default,0,0,0,open,open,2025-12-15
16809,"PARC DE LA CHUTE STE-AGATHE",https://jaimelequebec.org/jmlq_lieu/parc-de-la-chute-ste-agathe/,,,,,parc-de-la-chute-ste-agathe,publish,1,philgoupil@yahoo.ca,philgoupil@yahoo.ca,,,,default,0,0,0,open,open,2025-12-15
16810,"HÔTEL LOFT PLUS",https://jaimelequebec.org/jmlq_lieu/hotel-loft-plus/,,,,,hotel-loft-plus,publish,1,philgoupil@yahoo.ca,philgoupil@yahoo.ca,,,,default,0,0,0,open,open,2025-12-15
16811,"LA TERRASE SUR LE LAC",https://jaimelequebec.org/jmlq_lieu/la-terrase-sur-le-lac/,,,,,la-terrase-sur-le-lac,publish,1,philgoupil@yahoo.ca,philgoupil@yahoo.ca,,,,default,0,0,0,open,open,2025-12-15
16812,"LE GENÉVRIER INC.",https://jaimelequebec.org/jmlq_lieu/le-genevrier-inc/,,,,,le-genevrier-inc,publish,1,philgoupil@yahoo.ca,philgoupil@yahoo.ca,,,,default,0,0,0,open,open,2025-12-15
16813,"Plage municipale (Lac Bromont)",https://jaimelequebec.org/jmlq_lieu/plage-municipale-lac-bromont/,,,,,plage-municipale-lac-bromont,publish,1,philgoupil@yahoo.ca,philgoupil@yahoo.ca,,,,default,0,0,0,open,open,2025-12-15
16814,"Restaurant à la Petite-Rivière-St-François | Camp Boule Buvette de montagne",https://jaimelequebec.org/jmlq_lieu/restaurant-a-la-petite-riviere-st-francois-camp-boule-buvette-de-montagne/,,,,,restaurant-a-la-petite-riviere-st-francois-camp-boule-buvette-de-montagne,publish,1,philgoupil@yahoo.ca,philgoupil@yahoo.ca,,,,default,0,0,0,open,open,2025-12-15
16815,"ÉCOGÎTES INSPIRE",https://jaimelequebec.org/jmlq_lieu/ecogites-inspire/,,,,,ecogites-inspire,publish,1,philgoupil@yahoo.ca,philgoupil@yahoo.ca,,,,default,0,0,0,open,open,2025-12-15
16816,DACART,https://jaimelequebec.org/jmlq_lieu/dacart/,,,,,dacart,publish,1,philgoupil@yahoo.ca,philgoupil@yahoo.ca,,,,default,0,0,0,open,open,2025-12-15
16817,"HÔTEL-MOTEL DU HAVRE",https://jaimelequebec.org/jmlq_lieu/hotel-motel-du-havre/,,,,,hotel-motel-du-havre,publish,1,philgoupil@yahoo.ca,philgoupil@yahoo.ca,,,,default,0,0,0,open,open,2025-12-15
16818,"HABITATS JULIE ET DAVID",https://jaimelequebec.org/jmlq_lieu/habitats-julie-et-david/,,,,,habitats-julie-et-david,publish,1,philgoupil@yahoo.ca,philgoupil@yahoo.ca,,,,default,0,0,0,open,open,2025-12-15
16819,"Voile Mercator / Cours de voile croisière élémentaire",https://jaimelequebec.org/jmlq_lieu/voile-mercator-cours-de-voile-croisiere-elementaire/,,,,,voile-mercator-cours-de-voile-croisiere-elementaire,publish,1,philgoupil@yahoo.ca,philgoupil@yahoo.ca,,,,default,0,0,0,open,open,2025-12-15
16820,"AUBERGE LAC DU PIN ROUGE",https://jaimelequebec.org/jmlq_lieu/auberge-lac-du-pin-rouge/,,,,,auberge-lac-du-pin-rouge,publish,1,philgoupil@yahoo.ca,philgoupil@yahoo.ca,,,,default,0,0,0,open,open,2025-12-15
16821,"HAMEAU DE NOMININGUE",https://jaimelequebec.org/jmlq_lieu/hameau-de-nominingue/,,,,,hameau-de-nominingue,publish,1,philgoupil@yahoo.ca,philgoupil@yahoo.ca,,,,default,0,0,0,open,open,2025-12-15
16822,"MICROTEL INN & SUITES DE VAL-D'OR",https://jaimelequebec.org/jmlq_lieu/microtel-inn-suites-de-val-dor/,,,,,microtel-inn-suites-de-val-dor,publish,1,philgoupil@yahoo.ca,philgoupil@yahoo.ca,,,,default,0,0,0,open,open,2025-12-15
16823,"HÔTEL-MOTEL FLEUR DE LYS",https://jaimelequebec.org/jmlq_lieu/hotel-motel-fleur-de-lys/,,,,,hotel-motel-fleur-de-lys,publish,1,philgoupil@yahoo.ca,philgoupil@yahoo.ca,,,,default,0,0,0,open,open,2025-12-15
16824,"La Vagabonde",https://jaimelequebec.org/jmlq_lieu/la-vagabonde/,,,,,la-vagabonde,publish,1,philgoupil@yahoo.ca,philgoupil@yahoo.ca,,,,default,0,0,0,open,open,2025-12-15
16825,"LA CHIC TANIÈRE",https://jaimelequebec.org/jmlq_lieu/la-chic-taniere/,,,,,la-chic-taniere,publish,1,philgoupil@yahoo.ca,philgoupil@yahoo.ca,,,,default,0,0,0,open,open,2025-12-15
16826,"LE MAURICE-151",https://jaimelequebec.org/jmlq_lieu/le-maurice-151/,,,,,le-maurice-151,publish,1,philgoupil@yahoo.ca,philgoupil@yahoo.ca,,,,default,0,0,0,open,open,2025-12-15
16827,"HÔTEL RIVE GAUCHE",https://jaimelequebec.org/jmlq_lieu/hotel-rive-gauche/,,,,,hotel-rive-gauche,publish,1,philgoupil@yahoo.ca,philgoupil@yahoo.ca,,,,default,0,0,0,open,open,2025-12-15
16828,MONROCHER,https://jaimelequebec.org/jmlq_lieu/monrocher/,,,,,monrocher,publish,1,philgoupil@yahoo.ca,philgoupil@yahoo.ca,,,,default,0,0,0,open,open,2025-12-15
16829,"DOMAINE WHITE ROCKS CHALET # 2",https://jaimelequebec.org/jmlq_lieu/domaine-white-rocks-chalet-2/,,,,,domaine-white-rocks-chalet-2,publish,1,philgoupil@yahoo.ca,philgoupil@yahoo.ca,,,,default,0,0,0,open,open,2025-12-15
16830,"LA CACHE",https://jaimelequebec.org/jmlq_lieu/la-cache/,,,,,la-cache,publish,1,philgoupil@yahoo.ca,philgoupil@yahoo.ca,,,,default,0,0,0,open,open,2025-12-15
16831,"MOMENTÔM REFUGES NATURE",https://jaimelequebec.org/jmlq_lieu/momentom-refuges-nature/,,,,,momentom-refuges-nature,publish,1,philgoupil@yahoo.ca,philgoupil@yahoo.ca,,,,default,0,0,0,open,open,2025-12-15
16832,"MANOIR DES CURIOSITÉS",https://jaimelequebec.org/jmlq_lieu/manoir-des-curiosites/,,,,,manoir-des-curiosites,publish,1,philgoupil@yahoo.ca,philgoupil@yahoo.ca,,,,default,0,0,0,open,open,2025-12-15
16833,"DÔMES CHARLEVOIX",https://jaimelequebec.org/jmlq_lieu/domes-charlevoix/,,,,,domes-charlevoix,publish,1,philgoupil@yahoo.ca,philgoupil@yahoo.ca,,,,default,0,0,0,open,open,2025-12-15
16834,LAC-CALMIE,https://jaimelequebec.org/jmlq_lieu/lac-calmie/,,,,,lac-calmie,publish,1,philgoupil@yahoo.ca,philgoupil@yahoo.ca,,,,default,0,0,0,open,open,2025-12-15
16835,"MIWAPANEE CHALET & SPA S.E.N.C.",https://jaimelequebec.org/jmlq_lieu/miwapanee-chalet-spa-s-e-n-c/,,,,,miwapanee-chalet-spa-s-e-n-c,publish,1,philgoupil@yahoo.ca,philgoupil@yahoo.ca,,,,default,0,0,0,open,open,2025-12-15
16836,"VERBIER 13-203 - TREMBLANT PRESTIGE",https://jaimelequebec.org/jmlq_lieu/verbier-13-203-tremblant-prestige/,,,,,verbier-13-203-tremblant-prestige,publish,1,philgoupil@yahoo.ca,philgoupil@yahoo.ca,,,,default,0,0,0,open,open,2025-12-15
16837,"Wakai Cuisine Asiatique",https://jaimelequebec.org/jmlq_lieu/wakai-cuisine-asiatique/,,,,,wakai-cuisine-asiatique,publish,1,philgoupil@yahoo.ca,philgoupil@yahoo.ca,,,,default,0,0,0,open,open,2025-12-15
16838,mimilanuit.com,https://jaimelequebec.org/jmlq_lieu/mimilanuit-com/,,,,,mimilanuit-com,publish,1,philgoupil@yahoo.ca,philgoupil@yahoo.ca,,,,default,0,0,0,open,open,2025-12-15
16839,"HABITATIONS DU MOULIN",https://jaimelequebec.org/jmlq_lieu/habitations-du-moulin/,,,,,habitations-du-moulin,publish,1,philgoupil@yahoo.ca,philgoupil@yahoo.ca,,,,default,0,0,0,open,open,2025-12-15
16840,"LE CASSIOPÉE",https://jaimelequebec.org/jmlq_lieu/le-cassiopee/,,,,,le-cassiopee,publish,1,philgoupil@yahoo.ca,philgoupil@yahoo.ca,,,,default,0,0,0,open,open,2025-12-15
16841,"Cassis Monna & Filles",https://jaimelequebec.org/jmlq_lieu/cassis-monna-filles/,,,,,cassis-monna-filles,publish,1,philgoupil@yahoo.ca,philgoupil@yahoo.ca,,,,default,0,0,0,open,open,2025-12-15
16842,L'ÂTRE,https://jaimelequebec.org/jmlq_lieu/latre/,,,,,latre,publish,1,philgoupil@yahoo.ca,philgoupil@yahoo.ca,,,,default,0,0,0,open,open,2025-12-15
16843,L'ÉVASION,https://jaimelequebec.org/jmlq_lieu/levasion/,,,,,levasion,publish,1,philgoupil@yahoo.ca,philgoupil@yahoo.ca,,,,default,0,0,0,open,open,2025-12-15
16844,"Bleu Marine",https://jaimelequebec.org/jmlq_lieu/bleu-marine/,,,,,bleu-marine,publish,1,philgoupil@yahoo.ca,philgoupil@yahoo.ca,,,,default,0,0,0,open,open,2025-12-15
16845,"L'AUBE DU LAC",https://jaimelequebec.org/jmlq_lieu/laube-du-lac/,,,,,laube-du-lac,publish,1,philgoupil@yahoo.ca,philgoupil@yahoo.ca,,,,default,0,0,0,open,open,2025-12-15
16846,"HAMEAU 33#104",https://jaimelequebec.org/jmlq_lieu/hameau-33104/,,,,,hameau-33104,publish,1,philgoupil@yahoo.ca,philgoupil@yahoo.ca,,,,default,0,0,0,open,open,2025-12-15
16847,"HAMEAU 33-306",https://jaimelequebec.org/jmlq_lieu/hameau-33-306/,,,,,hameau-33-306,publish,1,philgoupil@yahoo.ca,philgoupil@yahoo.ca,,,,default,0,0,0,open,open,2025-12-15
16848,"HÔTEL BELLEY",https://jaimelequebec.org/jmlq_lieu/hotel-belley/,,,,,hotel-belley,publish,1,philgoupil@yahoo.ca,philgoupil@yahoo.ca,,,,default,0,0,0,open,open,2025-12-15
16849,"Galaxie Brasserie",https://jaimelequebec.org/jmlq_lieu/galaxie-brasserie/,,,,,galaxie-brasserie,publish,1,philgoupil@yahoo.ca,philgoupil@yahoo.ca,,,,default,0,0,0,open,open,2025-12-15
16850,"MINI CHALETS OASIS BLUE SEA INC.",https://jaimelequebec.org/jmlq_lieu/mini-chalets-oasis-blue-sea-inc/,,,,,mini-chalets-oasis-blue-sea-inc,publish,1,philgoupil@yahoo.ca,philgoupil@yahoo.ca,,,,default,0,0,0,open,open,2025-12-15
16851,"MICROTEL INN & SUITES - BOISBRIAND",https://jaimelequebec.org/jmlq_lieu/microtel-inn-suites-boisbriand/,,,,,microtel-inn-suites-boisbriand,publish,1,philgoupil@yahoo.ca,philgoupil@yahoo.ca,,,,default,0,0,0,open,open,2025-12-15
16852,"L'Escarpé Station de grimpe",https://jaimelequebec.org/jmlq_lieu/lescarpe-station-de-grimpe/,,,,,lescarpe-station-de-grimpe,publish,1,philgoupil@yahoo.ca,philgoupil@yahoo.ca,,,,default,0,0,0,open,open,2025-12-15
16853,"Milky Way Cocktail Bar",https://jaimelequebec.org/jmlq_lieu/milky-way-cocktail-bar/,,,,,milky-way-cocktail-bar,publish,1,philgoupil@yahoo.ca,philgoupil@yahoo.ca,,,,default,0,0,0,open,open,2025-12-15
16854,"Mont-Béchervaise / Vélo de montagne",https://jaimelequebec.org/jmlq_lieu/mont-bechervaise-velo-de-montagne/,,,,,mont-bechervaise-velo-de-montagne,publish,1,philgoupil@yahoo.ca,philgoupil@yahoo.ca,,,,default,0,0,0,open,open,2025-12-15
16855,HARFANG-213,https://jaimelequebec.org/jmlq_lieu/harfang-213/,,,,,harfang-213,publish,1,philgoupil@yahoo.ca,philgoupil@yahoo.ca,,,,default,0,0,0,open,open,2025-12-15
16856,"L'ÉTOILE DES APPALACHES",https://jaimelequebec.org/jmlq_lieu/letoile-des-appalaches/,,,,,letoile-des-appalaches,publish,1,philgoupil@yahoo.ca,philgoupil@yahoo.ca,,,,default,0,0,0,open,open,2025-12-15
16857,"Hôtel-Musée Premières Nations | Expérience Autochtone",https://jaimelequebec.org/jmlq_lieu/hotel-musee-premieres-nations-experience-autochtone/,,,,,hotel-musee-premieres-nations-experience-autochtone,publish,1,philgoupil@yahoo.ca,philgoupil@yahoo.ca,,,,default,0,0,0,open,open,2025-12-15
16858,"10 randonnées à faire avec son chien | Blogue Bonjour Québec",https://jaimelequebec.org/jmlq_lieu/10-randonnees-a-faire-avec-son-chien-blogue-bonjour-quebec/,,,,,10-randonnees-a-faire-avec-son-chien-blogue-bonjour-quebec,publish,1,philgoupil@yahoo.ca,philgoupil@yahoo.ca,,,,default,0,0,0,open,open,2025-12-15
16859,"HÔTEL DAYS INN BLAINVILLE",https://jaimelequebec.org/jmlq_lieu/hotel-days-inn-blainville/,,,,,hotel-days-inn-blainville,publish,1,philgoupil@yahoo.ca,philgoupil@yahoo.ca,,,,default,0,0,0,open,open,2025-12-15
16860,"GÎTE L'AUBERGINE",https://jaimelequebec.org/jmlq_lieu/gite-laubergine/,,,,,gite-laubergine,publish,1,philgoupil@yahoo.ca,philgoupil@yahoo.ca,,,,default,0,0,0,open,open,2025-12-15
16861,"Moment Spa Le Château Frontenac",https://jaimelequebec.org/jmlq_lieu/moment-spa-le-chateau-frontenac/,,,,,moment-spa-le-chateau-frontenac,publish,1,philgoupil@yahoo.ca,philgoupil@yahoo.ca,,,,default,0,0,0,open,open,2025-12-15
16862,"Mine d'agates du Mont Lyall",https://jaimelequebec.org/jmlq_lieu/mine-dagates-du-mont-lyall/,,,,,mine-dagates-du-mont-lyall,publish,1,philgoupil@yahoo.ca,philgoupil@yahoo.ca,,,,default,0,0,0,open,open,2025-12-15
16863,"Le Newspeak",https://jaimelequebec.org/jmlq_lieu/le-newspeak/,,,,,le-newspeak,publish,1,philgoupil@yahoo.ca,philgoupil@yahoo.ca,,,,default,0,0,0,open,open,2025-12-15
16864,LHOTEL,https://jaimelequebec.org/jmlq_lieu/lhotel/,,,,,lhotel,publish,1,philgoupil@yahoo.ca,philgoupil@yahoo.ca,,,,default,0,0,0,open,open,2025-12-15
16865,"MONT ÉDOUARD",https://jaimelequebec.org/jmlq_lieu/mont-edouard/,,,,,mont-edouard,publish,1,philgoupil@yahoo.ca,philgoupil@yahoo.ca,,,,default,0,0,0,open,open,2025-12-15
16866,"Mont Lac-Vert Aventure",https://jaimelequebec.org/jmlq_lieu/mont-lac-vert-aventure/,,,,,mont-lac-vert-aventure,publish,1,philgoupil@yahoo.ca,philgoupil@yahoo.ca,,,,default,0,0,0,open,open,2025-12-15
16867,"HÔTEL BIRKS MONTRÉAL",https://jaimelequebec.org/jmlq_lieu/hotel-birks-montreal/,,,,,hotel-birks-montreal,publish,1,philgoupil@yahoo.ca,philgoupil@yahoo.ca,,,,default,0,0,0,open,open,2025-12-15
16868,"ALTITUDE 456",https://jaimelequebec.org/jmlq_lieu/altitude-456/,,,,,altitude-456,publish,1,philgoupil@yahoo.ca,philgoupil@yahoo.ca,,,,default,0,0,0,open,open,2025-12-15
16869,"LA POURVOIRIE DE LA DORÉ",https://jaimelequebec.org/jmlq_lieu/la-pourvoirie-de-la-dore/,,,,,la-pourvoirie-de-la-dore,publish,1,philgoupil@yahoo.ca,philgoupil@yahoo.ca,,,,default,0,0,0,open,open,2025-12-15
16870,"DOMAINE WHITE ROCKS CHALET # 1",https://jaimelequebec.org/jmlq_lieu/domaine-white-rocks-chalet-1/,,,,,domaine-white-rocks-chalet-1,publish,1,philgoupil@yahoo.ca,philgoupil@yahoo.ca,,,,default,0,0,0,open,open,2025-12-15
16871,"HÔTELS GOUVERNEUR RIMOUSKI",https://jaimelequebec.org/jmlq_lieu/hotels-gouverneur-rimouski/,,,,,hotels-gouverneur-rimouski,publish,1,philgoupil@yahoo.ca,philgoupil@yahoo.ca,,,,default,0,0,0,open,open,2025-12-15
16872,"Boulangerie artisanale, Québec, Paillard, Saint-Hubert, service traiteur, Prêt-à-manger, Pâtisseries",https://jaimelequebec.org/jmlq_lieu/boulangerie-artisanale-quebec-paillard-saint-hubert-service-traiteur-pret-a-manger-patisseries/,,,,,boulangerie-artisanale-quebec-paillard-saint-hubert-service-traiteur-pret-a-manger-patisseries,publish,1,philgoupil@yahoo.ca,philgoupil@yahoo.ca,,,,default,0,0,0,open,open,2025-12-15
16873,"HÔTEL BEST WESTERN - HÔTEL UNIVERSEL DRUMMONDVILLE",https://jaimelequebec.org/jmlq_lieu/hotel-best-western-hotel-universel-drummondville/,,,,,hotel-best-western-hotel-universel-drummondville,publish,1,philgoupil@yahoo.ca,philgoupil@yahoo.ca,,,,default,0,0,0,open,open,2025-12-15
16874,"L'EXPÉRIENCE SPA & PLEIN AIR",https://jaimelequebec.org/jmlq_lieu/lexperience-spa-plein-air/,,,,,lexperience-spa-plein-air,publish,1,philgoupil@yahoo.ca,philgoupil@yahoo.ca,,,,default,0,0,0,open,open,2025-12-15
16875,"HÔTEL LE PIONNIER",https://jaimelequebec.org/jmlq_lieu/hotel-le-pionnier/,,,,,hotel-le-pionnier,publish,1,philgoupil@yahoo.ca,philgoupil@yahoo.ca,,,,default,0,0,0,open,open,2025-12-15
16876,"HÔTEL EMPIRE SUITES",https://jaimelequebec.org/jmlq_lieu/hotel-empire-suites/,,,,,hotel-empire-suites,publish,1,philgoupil@yahoo.ca,philgoupil@yahoo.ca,,,,default,0,0,0,open,open,2025-12-15
16877,"Liste des membres de l'AQS - Association québécoise des spas",https://jaimelequebec.org/jmlq_lieu/liste-des-membres-de-laqs-association-quebecoise-des-spas/,,,,,liste-des-membres-de-laqs-association-quebecoise-des-spas,publish,1,philgoupil@yahoo.ca,philgoupil@yahoo.ca,,,,default,0,0,0,open,open,2025-12-15
16878,"LIV TREMBLANT",https://jaimelequebec.org/jmlq_lieu/liv-tremblant/,,,,,liv-tremblant,publish,1,philgoupil@yahoo.ca,philgoupil@yahoo.ca,,,,default,0,0,0,open,open,2025-12-15
16879,"3 Amigos Resto-Bar Brossard",https://jaimelequebec.org/jmlq_lieu/3-amigos-resto-bar-brossard/,,,,,3-amigos-resto-bar-brossard,publish,1,philgoupil@yahoo.ca,philgoupil@yahoo.ca,,,,default,0,0,0,open,open,2025-12-15
16880,"Le Black Forest - Cuisine urbaine (Terrebonne)",https://jaimelequebec.org/jmlq_lieu/le-black-forest-cuisine-urbaine-terrebonne/,,,,,le-black-forest-cuisine-urbaine-terrebonne,publish,1,philgoupil@yahoo.ca,philgoupil@yahoo.ca,,,,default,0,0,0,open,open,2025-12-15
16881,"HEBERT HOTELS",https://jaimelequebec.org/jmlq_lieu/hebert-hotels/,,,,,hebert-hotels,publish,1,philgoupil@yahoo.ca,philgoupil@yahoo.ca,,,,default,0,0,0,open,open,2025-12-15
16882,"Tourisme, vacances et séjour aux Îles de la Madeleine | Régions du Québec | Bonjour Québec",https://jaimelequebec.org/jmlq_lieu/tourisme-vacances-et-sejour-aux-iles-de-la-madeleine-regions-du-quebec-bonjour-quebec/,,,,,tourisme-vacances-et-sejour-aux-iles-de-la-madeleine-regions-du-quebec-bonjour-quebec,publish,1,philgoupil@yahoo.ca,philgoupil@yahoo.ca,,,,default,0,0,0,open,open,2025-12-15
16883,"L'ÉVEIL DE LA NATURE",https://jaimelequebec.org/jmlq_lieu/leveil-de-la-nature/,,,,,leveil-de-la-nature,publish,1,philgoupil@yahoo.ca,philgoupil@yahoo.ca,,,,default,0,0,0,open,open,2025-12-15
16884,"Moment Spa Fairmont Tremblant",https://jaimelequebec.org/jmlq_lieu/moment-spa-fairmont-tremblant/,,,,,moment-spa-fairmont-tremblant,publish,1,philgoupil@yahoo.ca,philgoupil@yahoo.ca,,,,default,0,0,0,open,open,2025-12-15
16885,"Minigolf Victo",https://jaimelequebec.org/jmlq_lieu/minigolf-victo/,,,,,minigolf-victo,publish,1,philgoupil@yahoo.ca,philgoupil@yahoo.ca,,,,default,0,0,0,open,open,2025-12-15
16886,"DOMAINE SAINT-BERNARD",https://jaimelequebec.org/jmlq_lieu/domaine-saint-bernard/,,,,,domaine-saint-bernard,publish,1,philgoupil@yahoo.ca,philgoupil@yahoo.ca,,,,default,0,0,0,open,open,2025-12-15
16887,"Vacances au Québec : conseils et idées de voyage | Blogue Bonjour Québec",https://jaimelequebec.org/jmlq_lieu/vacances-au-quebec-conseils-et-idees-de-voyage-blogue-bonjour-quebec/,,,,,vacances-au-quebec-conseils-et-idees-de-voyage-blogue-bonjour-quebec,publish,1,philgoupil@yahoo.ca,philgoupil@yahoo.ca,,,,default,0,0,0,open,open,2025-12-15
16888,L'ENCHANTÉ,https://jaimelequebec.org/jmlq_lieu/lenchante/,,,,,lenchante,publish,1,philgoupil@yahoo.ca,philgoupil@yahoo.ca,,,,default,0,0,0,open,open,2025-12-15
16889,"HÔTEL DE LA GRAVE",https://jaimelequebec.org/jmlq_lieu/hotel-de-la-grave/,,,,,hotel-de-la-grave,publish,1,philgoupil@yahoo.ca,philgoupil@yahoo.ca,,,,default,0,0,0,open,open,2025-12-15
16890,"MANOIR DES SAPINS",https://jaimelequebec.org/jmlq_lieu/manoir-des-sapins/,,,,,manoir-des-sapins,publish,1,philgoupil@yahoo.ca,philgoupil@yahoo.ca,,,,default,0,0,0,open,open,2025-12-15
16891,"Mont Blanc",https://jaimelequebec.org/jmlq_lieu/mont-blanc/,,,,,mont-blanc,publish,1,philgoupil@yahoo.ca,philgoupil@yahoo.ca,,,,default,0,0,0,open,open,2025-12-15
16892,"La Vallée Taconique",https://jaimelequebec.org/jmlq_lieu/la-vallee-taconique/,,,,,la-vallee-taconique,publish,1,philgoupil@yahoo.ca,philgoupil@yahoo.ca,,,,default,0,0,0,open,open,2025-12-15
16893,"Oiseau Bleu Marché-Café",https://jaimelequebec.org/jmlq_lieu/oiseau-bleu-marche-cafe/,,,,,oiseau-bleu-marche-cafe,publish,1,philgoupil@yahoo.ca,philgoupil@yahoo.ca,,,,default,0,0,0,open,open,2025-12-15
16894,"L'OASIS DU LAC ROSE ET LE P'TIT PARADIS DU LAC ROSE",https://jaimelequebec.org/jmlq_lieu/loasis-du-lac-rose-et-le-ptit-paradis-du-lac-rose/,,,,,loasis-du-lac-rose-et-le-ptit-paradis-du-lac-rose,publish,1,philgoupil@yahoo.ca,philgoupil@yahoo.ca,,,,default,0,0,0,open,open,2025-12-15
16895,L'AUTRICHIEN,https://jaimelequebec.org/jmlq_lieu/lautrichien/,,,,,lautrichien,publish,1,philgoupil@yahoo.ca,philgoupil@yahoo.ca,,,,default,0,0,0,open,open,2025-12-15
16896,"DOMAINE WHITE ROCKS CHALET # 4",https://jaimelequebec.org/jmlq_lieu/domaine-white-rocks-chalet-4/,,,,,domaine-white-rocks-chalet-4,publish,1,philgoupil@yahoo.ca,philgoupil@yahoo.ca,,,,default,0,0,0,open,open,2025-12-15
16897,TAÏGA,https://jaimelequebec.org/jmlq_lieu/taiga/,,,,,taiga,publish,1,philgoupil@yahoo.ca,philgoupil@yahoo.ca,,,,default,0,0,0,open,open,2025-12-15
16898,"LE FER À CHEVAL",https://jaimelequebec.org/jmlq_lieu/le-fer-a-cheval/,,,,,le-fer-a-cheval,publish,1,philgoupil@yahoo.ca,philgoupil@yahoo.ca,,,,default,0,0,0,open,open,2025-12-15
16899,"HÔTEL TRAVELODGE",https://jaimelequebec.org/jmlq_lieu/hotel-travelodge/,,,,,hotel-travelodge,publish,1,philgoupil@yahoo.ca,philgoupil@yahoo.ca,,,,default,0,0,0,open,open,2025-12-15
16900,"Restaurant Pacini (Repentigny)",https://jaimelequebec.org/jmlq_lieu/restaurant-pacini-repentigny/,,,,,restaurant-pacini-repentigny,publish,1,philgoupil@yahoo.ca,philgoupil@yahoo.ca,,,,default,0,0,0,open,open,2025-12-15
16901,"Restaurant Beba",https://jaimelequebec.org/jmlq_lieu/restaurant-beba/,,,,,restaurant-beba,publish,1,philgoupil@yahoo.ca,philgoupil@yahoo.ca,,,,default,0,0,0,open,open,2025-12-15
16902,"HÔTEL DAYS INN LÉVIS",https://jaimelequebec.org/jmlq_lieu/hotel-days-inn-levis/,,,,,hotel-days-inn-levis,publish,1,philgoupil@yahoo.ca,philgoupil@yahoo.ca,,,,default,0,0,0,open,open,2025-12-15
16903,"Céramic Café-Studio (Laval)",https://jaimelequebec.org/jmlq_lieu/ceramic-cafe-studio-laval/,,,,,ceramic-cafe-studio-laval,publish,1,philgoupil@yahoo.ca,philgoupil@yahoo.ca,,,,default,0,0,0,open,open,2025-12-15
16904,"L'Espace Public - Brasseurs de quartier",https://jaimelequebec.org/jmlq_lieu/lespace-public-brasseurs-de-quartier/,,,,,lespace-public-brasseurs-de-quartier,publish,1,philgoupil@yahoo.ca,philgoupil@yahoo.ca,,,,default,0,0,0,open,open,2025-12-15
16905,"La Tour à Bières",https://jaimelequebec.org/jmlq_lieu/la-tour-a-bieres/,,,,,la-tour-a-bieres,publish,1,philgoupil@yahoo.ca,philgoupil@yahoo.ca,,,,default,0,0,0,open,open,2025-12-15
16906,"HÔTEL LE VOYAGEUR",https://jaimelequebec.org/jmlq_lieu/hotel-le-voyageur/,,,,,hotel-le-voyageur,publish,1,philgoupil@yahoo.ca,philgoupil@yahoo.ca,,,,default,0,0,0,open,open,2025-12-15
16907,Mix'Heure,https://jaimelequebec.org/jmlq_lieu/mixheure/,,,,,mixheure,publish,1,philgoupil@yahoo.ca,philgoupil@yahoo.ca,,,,default,0,0,0,open,open,2025-12-15
16908,"DOMAINE YAMASKA",https://jaimelequebec.org/jmlq_lieu/domaine-yamaska/,,,,,domaine-yamaska,publish,1,philgoupil@yahoo.ca,philgoupil@yahoo.ca,,,,default,0,0,0,open,open,2025-12-15
16909,"Bistro-Bar et Cafétéria — MontEdouard",https://jaimelequebec.org/jmlq_lieu/bistro-bar-et-cafeteria-montedouard/,,,,,bistro-bar-et-cafeteria-montedouard,publish,1,philgoupil@yahoo.ca,philgoupil@yahoo.ca,,,,default,0,0,0,open,open,2025-12-15
16910,"L'Éternel Spa",https://jaimelequebec.org/jmlq_lieu/leternel-spa/,,,,,leternel-spa,publish,1,philgoupil@yahoo.ca,philgoupil@yahoo.ca,,,,default,0,0,0,open,open,2025-12-15
16911,"BLOOM EXPÉRIENCES",https://jaimelequebec.org/jmlq_lieu/bloom-experiences/,,,,,bloom-experiences,publish,1,philgoupil@yahoo.ca,philgoupil@yahoo.ca,,,,default,0,0,0,open,open,2025-12-15
16912,"PLATEAU 230-3 - TREMBLANT PRESTIGE",https://jaimelequebec.org/jmlq_lieu/plateau-230-3-tremblant-prestige/,,,,,plateau-230-3-tremblant-prestige,publish,1,philgoupil@yahoo.ca,philgoupil@yahoo.ca,,,,default,0,0,0,open,open,2025-12-15
16913,"MOTEL ANF",https://jaimelequebec.org/jmlq_lieu/motel-anf/,,,,,motel-anf,publish,1,philgoupil@yahoo.ca,philgoupil@yahoo.ca,,,,default,0,0,0,open,open,2025-12-15
16914,Joccivano,https://jaimelequebec.org/jmlq_lieu/joccivano/,,,,,joccivano,publish,1,philgoupil@yahoo.ca,philgoupil@yahoo.ca,,,,default,0,0,0,open,open,2025-12-15
16915,"Mont Blanc / Ski alpin et planche à neige",https://jaimelequebec.org/jmlq_lieu/mont-blanc-ski-alpin-et-planche-a-neige/,,,,,mont-blanc-ski-alpin-et-planche-a-neige,publish,1,philgoupil@yahoo.ca,philgoupil@yahoo.ca,,,,default,0,0,0,open,open,2025-12-15
16916,"LE MUST",https://jaimelequebec.org/jmlq_lieu/le-must/,,,,,le-must,publish,1,philgoupil@yahoo.ca,philgoupil@yahoo.ca,,,,default,0,0,0,open,open,2025-12-15
16917,"Hook centre d'escalade",https://jaimelequebec.org/jmlq_lieu/hook-centre-descalade/,,,,,hook-centre-descalade,publish,1,philgoupil@yahoo.ca,philgoupil@yahoo.ca,,,,default,0,0,0,open,open,2025-12-15
16918,"CHALET MÉLI #3",https://jaimelequebec.org/jmlq_lieu/chalet-meli-3/,,,,,chalet-meli-3,publish,1,philgoupil@yahoo.ca,philgoupil@yahoo.ca,,,,default,0,0,0,open,open,2025-12-15
16919,L'ELAN,https://jaimelequebec.org/jmlq_lieu/lelan/,,,,,lelan,publish,1,philgoupil@yahoo.ca,philgoupil@yahoo.ca,,,,default,0,0,0,open,open,2025-12-15
16920,"DOMAINE VALCARTIER SUR LE LAC",https://jaimelequebec.org/jmlq_lieu/domaine-valcartier-sur-le-lac/,,,,,domaine-valcartier-sur-le-lac,publish,1,philgoupil@yahoo.ca,philgoupil@yahoo.ca,,,,default,0,0,0,open,open,2025-12-15
16921,"Pêche Aventures Saguenay",https://jaimelequebec.org/jmlq_lieu/peche-aventures-saguenay/,,,,,peche-aventures-saguenay,publish,1,philgoupil@yahoo.ca,philgoupil@yahoo.ca,,,,default,0,0,0,open,open,2025-12-15
16922,"Mont Lac-Vert / Ski alpin et planche à neige",https://jaimelequebec.org/jmlq_lieu/mont-lac-vert-ski-alpin-et-planche-a-neige/,,,,,mont-lac-vert-ski-alpin-et-planche-a-neige,publish,1,philgoupil@yahoo.ca,philgoupil@yahoo.ca,,,,default,0,0,0,open,open,2025-12-15
16923,"H2O le festival | Festival | Amos | Bonjour Québec",https://jaimelequebec.org/jmlq_lieu/h2o-le-festival-festival-amos-bonjour-quebec/,,,,,h2o-le-festival-festival-amos-bonjour-quebec,publish,1,philgoupil@yahoo.ca,philgoupil@yahoo.ca,,,,default,0,0,0,open,open,2025-12-15
16924,"CHALET LE CHARLOTTE",https://jaimelequebec.org/jmlq_lieu/chalet-le-charlotte/,,,,,chalet-le-charlotte,publish,1,philgoupil@yahoo.ca,philgoupil@yahoo.ca,,,,default,0,0,0,open,open,2025-12-15
16925,"LES LOFTS ST-VALLIER - PAR LES LOFTS VIEUX-QUÉBEC",https://jaimelequebec.org/jmlq_lieu/les-lofts-st-vallier-par-les-lofts-vieux-quebec/,,,,,les-lofts-st-vallier-par-les-lofts-vieux-quebec,publish,1,philgoupil@yahoo.ca,philgoupil@yahoo.ca,,,,default,0,0,0,open,open,2025-12-15
16926,"LA BONITA",https://jaimelequebec.org/jmlq_lieu/la-bonita/,,,,,la-bonita,publish,1,philgoupil@yahoo.ca,philgoupil@yahoo.ca,,,,default,0,0,0,open,open,2025-12-15
16927,Graziella,https://jaimelequebec.org/jmlq_lieu/graziella/,,,,,graziella,publish,1,philgoupil@yahoo.ca,philgoupil@yahoo.ca,,,,default,0,0,0,open,open,2025-12-15
16928,"BLANC 18 - LES CHALETS ALPINS",https://jaimelequebec.org/jmlq_lieu/blanc-18-les-chalets-alpins/,,,,,blanc-18-les-chalets-alpins,publish,1,philgoupil@yahoo.ca,philgoupil@yahoo.ca,,,,default,0,0,0,open,open,2025-12-15
16929,"BLANC 17 - LES CHALETS ALPINS",https://jaimelequebec.org/jmlq_lieu/blanc-17-les-chalets-alpins/,,,,,blanc-17-les-chalets-alpins,publish,1,philgoupil@yahoo.ca,philgoupil@yahoo.ca,,,,default,0,0,0,open,open,2025-12-15
16930,"CAMPING DU LAC DE LA GRANDE FOURCHE",https://jaimelequebec.org/jmlq_lieu/camping-du-lac-de-la-grande-fourche/,,,,,camping-du-lac-de-la-grande-fourche,publish,1,philgoupil@yahoo.ca,philgoupil@yahoo.ca,,,,default,0,0,0,open,open,2025-12-15
16931,"HAMEAU 26#43",https://jaimelequebec.org/jmlq_lieu/hameau-2643/,,,,,hameau-2643,publish,1,philgoupil@yahoo.ca,philgoupil@yahoo.ca,,,,default,0,0,0,open,open,2025-12-15
16932,"LE CHARMING OLD TREMBLANT TOWNHOUSE",https://jaimelequebec.org/jmlq_lieu/le-charming-old-tremblant-townhouse/,,,,,le-charming-old-tremblant-townhouse,publish,1,philgoupil@yahoo.ca,philgoupil@yahoo.ca,,,,default,0,0,0,open,open,2025-12-15
16933,"AUBERGE SOLEIL D'OR",https://jaimelequebec.org/jmlq_lieu/auberge-soleil-dor/,,,,,auberge-soleil-dor,publish,1,philgoupil@yahoo.ca,philgoupil@yahoo.ca,,,,default,0,0,0,open,open,2025-12-15
16934,"CONDOS 610 - CHÂTEAU BROMONT",https://jaimelequebec.org/jmlq_lieu/condos-610-chateau-bromont/,,,,,condos-610-chateau-bromont,publish,1,philgoupil@yahoo.ca,philgoupil@yahoo.ca,,,,default,0,0,0,open,open,2025-12-15
16935,"Alphonse Cuisine & cocktails",https://jaimelequebec.org/jmlq_lieu/alphonse-cuisine-cocktails/,,,,,alphonse-cuisine-cocktails,publish,1,philgoupil@yahoo.ca,philgoupil@yahoo.ca,,,,default,0,0,0,open,open,2025-12-15
16936,"Ferme de la Baie du Saumon",https://jaimelequebec.org/jmlq_lieu/ferme-de-la-baie-du-saumon/,,,,,ferme-de-la-baie-du-saumon,publish,1,philgoupil@yahoo.ca,philgoupil@yahoo.ca,,,,default,0,0,0,open,open,2025-12-15
16937,"Brasserie L'Inox",https://jaimelequebec.org/jmlq_lieu/brasserie-linox/,,,,,brasserie-linox,publish,1,philgoupil@yahoo.ca,philgoupil@yahoo.ca,,,,default,0,0,0,open,open,2025-12-15
16938,"DANS LES BRAS DE MORPHÉE",https://jaimelequebec.org/jmlq_lieu/dans-les-bras-de-morphee/,,,,,dans-les-bras-de-morphee,publish,1,philgoupil@yahoo.ca,philgoupil@yahoo.ca,,,,default,0,0,0,open,open,2025-12-15
16939,"DANS LES BRAS DE MEMPHRÉ",https://jaimelequebec.org/jmlq_lieu/dans-les-bras-de-memphre/,,,,,dans-les-bras-de-memphre,publish,1,philgoupil@yahoo.ca,philgoupil@yahoo.ca,,,,default,0,0,0,open,open,2025-12-15
16940,"CAMPING ÉCOLOGIQUE DE FRELIGHSBURG",https://jaimelequebec.org/jmlq_lieu/camping-ecologique-de-frelighsburg/,,,,,camping-ecologique-de-frelighsburg,publish,1,philgoupil@yahoo.ca,philgoupil@yahoo.ca,,,,default,0,0,0,open,open,2025-12-15
16941,20-301K,https://jaimelequebec.org/jmlq_lieu/20-301k/,,,,,20-301k,publish,1,philgoupil@yahoo.ca,philgoupil@yahoo.ca,,,,default,0,0,0,open,open,2025-12-15
16942,"CHALET- FORÊT JUMELÉ 25B",https://jaimelequebec.org/jmlq_lieu/chalet-foret-jumele-25b/,,,,,chalet-foret-jumele-25b,publish,1,philgoupil@yahoo.ca,philgoupil@yahoo.ca,,,,default,0,0,0,open,open,2025-12-15
16943,"Bistro de l'Auberge Île-du-Repos",https://jaimelequebec.org/jmlq_lieu/bistro-de-lauberge-ile-du-repos/,,,,,bistro-de-lauberge-ile-du-repos,publish,1,philgoupil@yahoo.ca,philgoupil@yahoo.ca,,,,default,0,0,0,open,open,2025-12-15
16944,"CHALET LA PA",https://jaimelequebec.org/jmlq_lieu/chalet-la-pa/,,,,,chalet-la-pa,publish,1,philgoupil@yahoo.ca,philgoupil@yahoo.ca,,,,default,0,0,0,open,open,2025-12-15
16945,"AUBERGE DU VIEUX MOULIN",https://jaimelequebec.org/jmlq_lieu/auberge-du-vieux-moulin/,,,,,auberge-du-vieux-moulin,publish,1,philgoupil@yahoo.ca,philgoupil@yahoo.ca,,,,default,0,0,0,open,open,2025-12-15
16946,"La Fabrique de Bagel Montréal (YUL)",https://jaimelequebec.org/jmlq_lieu/la-fabrique-de-bagel-montreal-yul/,,,,,la-fabrique-de-bagel-montreal-yul,publish,1,philgoupil@yahoo.ca,philgoupil@yahoo.ca,,,,default,0,0,0,open,open,2025-12-15
16947,"LE RUISSELET",https://jaimelequebec.org/jmlq_lieu/le-ruisselet/,,,,,le-ruisselet,publish,1,philgoupil@yahoo.ca,philgoupil@yahoo.ca,,,,default,0,0,0,open,open,2025-12-15
16948,"Cascades Golf",https://jaimelequebec.org/jmlq_lieu/cascades-golf/,,,,,cascades-golf,publish,1,philgoupil@yahoo.ca,philgoupil@yahoo.ca,,,,default,0,0,0,open,open,2025-12-15
16949,"CAMPING LIDO",https://jaimelequebec.org/jmlq_lieu/camping-lido/,,,,,camping-lido,publish,1,philgoupil@yahoo.ca,philgoupil@yahoo.ca,,,,default,0,0,0,open,open,2025-12-15
16950,"Auberge La galouine – Une auberge accueillante à Tadoussac",https://jaimelequebec.org/jmlq_lieu/auberge-la-galouine-une-auberge-accueillante-a-tadoussac/,,,,,auberge-la-galouine-une-auberge-accueillante-a-tadoussac,publish,1,philgoupil@yahoo.ca,philgoupil@yahoo.ca,,,,default,0,0,0,open,open,2025-12-15
16951,"Club de golf East Angus Inc.",https://jaimelequebec.org/jmlq_lieu/club-de-golf-east-angus-inc/,,,,,club-de-golf-east-angus-inc,publish,1,philgoupil@yahoo.ca,philgoupil@yahoo.ca,,,,default,0,0,0,open,open,2025-12-15
16952,"Club de golf Duparquet",https://jaimelequebec.org/jmlq_lieu/club-de-golf-duparquet/,,,,,club-de-golf-duparquet,publish,1,philgoupil@yahoo.ca,philgoupil@yahoo.ca,,,,default,0,0,0,open,open,2025-12-15
16953,"Club de Golf du Mont-Orford",https://jaimelequebec.org/jmlq_lieu/club-de-golf-du-mont-orford/,,,,,club-de-golf-du-mont-orford,publish,1,philgoupil@yahoo.ca,philgoupil@yahoo.ca,,,,default,0,0,0,open,open,2025-12-15
16954,"CAMPING SAINT-ALPHONSE",https://jaimelequebec.org/jmlq_lieu/camping-saint-alphonse/,,,,,camping-saint-alphonse,publish,1,philgoupil@yahoo.ca,philgoupil@yahoo.ca,,,,default,0,0,0,open,open,2025-12-15
16955,"ÉCOGÎTE DE LA VIEILLE FERME",https://jaimelequebec.org/jmlq_lieu/ecogite-de-la-vieille-ferme/,,,,,ecogite-de-la-vieille-ferme,publish,1,philgoupil@yahoo.ca,philgoupil@yahoo.ca,,,,default,0,0,0,open,open,2025-12-15
16956,"AUBERGE LA BARRIÈRE",https://jaimelequebec.org/jmlq_lieu/auberge-la-barriere/,,,,,auberge-la-barriere,publish,1,philgoupil@yahoo.ca,philgoupil@yahoo.ca,,,,default,0,0,0,open,open,2025-12-15
16957,"BOIS ROND EXPÉRIENCE",https://jaimelequebec.org/jmlq_lieu/bois-rond-experience/,,,,,bois-rond-experience,publish,1,philgoupil@yahoo.ca,philgoupil@yahoo.ca,,,,default,0,0,0,open,open,2025-12-15
16958,"CAMP D'ACTION BIBLIQUE",https://jaimelequebec.org/jmlq_lieu/camp-daction-biblique/,,,,,camp-daction-biblique,publish,1,philgoupil@yahoo.ca,philgoupil@yahoo.ca,,,,default,0,0,0,open,open,2025-12-15
16959,"CAMP CLARET DU LAC ELGIN",https://jaimelequebec.org/jmlq_lieu/camp-claret-du-lac-elgin/,,,,,camp-claret-du-lac-elgin,publish,1,philgoupil@yahoo.ca,philgoupil@yahoo.ca,,,,default,0,0,0,open,open,2025-12-15
16960,"CAMP CHANSON DE PETITE-VALLÉE",https://jaimelequebec.org/jmlq_lieu/camp-chanson-de-petite-vallee/,,,,,camp-chanson-de-petite-vallee,publish,1,philgoupil@yahoo.ca,philgoupil@yahoo.ca,,,,default,0,0,0,open,open,2025-12-15
16961,"Camp ça glisse",https://jaimelequebec.org/jmlq_lieu/camp-ca-glisse/,,,,,camp-ca-glisse,publish,1,philgoupil@yahoo.ca,philgoupil@yahoo.ca,,,,default,0,0,0,open,open,2025-12-15
16962,"CAMP BRUCHÉSI",https://jaimelequebec.org/jmlq_lieu/camp-bruchesi/,,,,,camp-bruchesi,publish,1,philgoupil@yahoo.ca,philgoupil@yahoo.ca,,,,default,0,0,0,open,open,2025-12-15
16963,"Beatrice Ristorante",https://jaimelequebec.org/jmlq_lieu/beatrice-ristorante/,,,,,beatrice-ristorante,publish,1,philgoupil@yahoo.ca,philgoupil@yahoo.ca,,,,default,0,0,0,open,open,2025-12-15
16964,"LA CASA DU LAC",https://jaimelequebec.org/jmlq_lieu/la-casa-du-lac/,,,,,la-casa-du-lac,publish,1,philgoupil@yahoo.ca,philgoupil@yahoo.ca,,,,default,0,0,0,open,open,2025-12-15
16965,"FORÊT BAERA",https://jaimelequebec.org/jmlq_lieu/foret-baera/,,,,,foret-baera,publish,1,philgoupil@yahoo.ca,philgoupil@yahoo.ca,,,,default,0,0,0,open,open,2025-12-15
16966,"Goéliche Hôtel-Resto-Terrasse",https://jaimelequebec.org/jmlq_lieu/goeliche-hotel-resto-terrasse/,,,,,goeliche-hotel-resto-terrasse,publish,1,philgoupil@yahoo.ca,philgoupil@yahoo.ca,,,,default,0,0,0,open,open,2025-12-15
16967,"SUITES-SUR-LAC UNITÉ #1105",https://jaimelequebec.org/jmlq_lieu/suites-sur-lac-unite-1105/,,,,,suites-sur-lac-unite-1105,publish,1,philgoupil@yahoo.ca,philgoupil@yahoo.ca,,,,default,0,0,0,open,open,2025-12-15
16968,"CHALET ANNEMONTOIS",https://jaimelequebec.org/jmlq_lieu/chalet-annemontois/,,,,,chalet-annemontois,publish,1,philgoupil@yahoo.ca,philgoupil@yahoo.ca,,,,default,0,0,0,open,open,2025-12-15
16969,"CHALET ANGER-POIRIER",https://jaimelequebec.org/jmlq_lieu/chalet-anger-poirier/,,,,,chalet-anger-poirier,publish,1,philgoupil@yahoo.ca,philgoupil@yahoo.ca,,,,default,0,0,0,open,open,2025-12-15
16970,"L’ÉTOILE DE CHARLEVOIX",https://jaimelequebec.org/jmlq_lieu/letoile-de-charlevoix/,,,,,letoile-de-charlevoix,publish,1,philgoupil@yahoo.ca,philgoupil@yahoo.ca,,,,default,0,0,0,open,open,2025-12-15
16971,"CAMPING KINOJÉVIS",https://jaimelequebec.org/jmlq_lieu/camping-kinojevis/,,,,,camping-kinojevis,publish,1,philgoupil@yahoo.ca,philgoupil@yahoo.ca,,,,default,0,0,0,open,open,2025-12-15
16972,Chai-Yo,https://jaimelequebec.org/jmlq_lieu/chai-yo/,,,,,chai-yo,publish,1,philgoupil@yahoo.ca,philgoupil@yahoo.ca,,,,default,0,0,0,open,open,2025-12-15
16973,"Cerise Café Buvette",https://jaimelequebec.org/jmlq_lieu/cerise-cafe-buvette/,,,,,cerise-cafe-buvette,publish,1,philgoupil@yahoo.ca,philgoupil@yahoo.ca,,,,default,0,0,0,open,open,2025-12-15
16974,"COOP CAMPING DES COLIBRIS",https://jaimelequebec.org/jmlq_lieu/coop-camping-des-colibris/,,,,,coop-camping-des-colibris,publish,1,philgoupil@yahoo.ca,philgoupil@yahoo.ca,,,,default,0,0,0,open,open,2025-12-15
16975,"HÔTEL MONTFORT",https://jaimelequebec.org/jmlq_lieu/hotel-montfort/,,,,,hotel-montfort,publish,1,philgoupil@yahoo.ca,philgoupil@yahoo.ca,,,,default,0,0,0,open,open,2025-12-15
16976,"HÔTEL GRIFFINTOWN",https://jaimelequebec.org/jmlq_lieu/hotel-griffintown/,,,,,hotel-griffintown,publish,1,philgoupil@yahoo.ca,philgoupil@yahoo.ca,,,,default,0,0,0,open,open,2025-12-15
16977,"LUEUR DU NORD",https://jaimelequebec.org/jmlq_lieu/lueur-du-nord/,,,,,lueur-du-nord,publish,1,philgoupil@yahoo.ca,philgoupil@yahoo.ca,,,,default,0,0,0,open,open,2025-12-15
16978,"CHALET 290",https://jaimelequebec.org/jmlq_lieu/chalet-290/,,,,,chalet-290,publish,1,philgoupil@yahoo.ca,philgoupil@yahoo.ca,,,,default,0,0,0,open,open,2025-12-15
16979,"AUBERGE DES BOIS-FRANCS",https://jaimelequebec.org/jmlq_lieu/auberge-des-bois-francs/,,,,,auberge-des-bois-francs,publish,1,philgoupil@yahoo.ca,philgoupil@yahoo.ca,,,,default,0,0,0,open,open,2025-12-15
16980,"Anna e Tina - Buvette italienne",https://jaimelequebec.org/jmlq_lieu/anna-e-tina-buvette-italienne/,,,,,anna-e-tina-buvette-italienne,publish,1,philgoupil@yahoo.ca,philgoupil@yahoo.ca,,,,default,0,0,0,open,open,2025-12-15
16981,"Parc de la Gorge de Coaticook / Vélo de montagne",https://jaimelequebec.org/jmlq_lieu/parc-de-la-gorge-de-coaticook-velo-de-montagne/,,,,,parc-de-la-gorge-de-coaticook-velo-de-montagne,publish,1,philgoupil@yahoo.ca,philgoupil@yahoo.ca,,,,default,0,0,0,open,open,2025-12-15
16982,"AUBERGE LES TROIS SOEURS",https://jaimelequebec.org/jmlq_lieu/auberge-les-trois-soeurs/,,,,,auberge-les-trois-soeurs,publish,1,philgoupil@yahoo.ca,philgoupil@yahoo.ca,,,,default,0,0,0,open,open,2025-12-15
16983,"Chez Mathilde",https://jaimelequebec.org/jmlq_lieu/chez-mathilde/,,,,,chez-mathilde,publish,1,philgoupil@yahoo.ca,philgoupil@yahoo.ca,,,,default,0,0,0,open,open,2025-12-15
16984,"HÔTEL-MOTEL LA DIFFÉRENCE",https://jaimelequebec.org/jmlq_lieu/hotel-motel-la-difference/,,,,,hotel-motel-la-difference,publish,1,philgoupil@yahoo.ca,philgoupil@yahoo.ca,,,,default,0,0,0,open,open,2025-12-15
16985,"DOMAINE BEAUSITE",https://jaimelequebec.org/jmlq_lieu/domaine-beausite/,,,,,domaine-beausite,publish,1,philgoupil@yahoo.ca,philgoupil@yahoo.ca,,,,default,0,0,0,open,open,2025-12-15
16986,"HÔTEL MARINEAU SHAWINIGAN",https://jaimelequebec.org/jmlq_lieu/hotel-marineau-shawinigan/,,,,,hotel-marineau-shawinigan,publish,1,philgoupil@yahoo.ca,philgoupil@yahoo.ca,,,,default,0,0,0,open,open,2025-12-15
16987,"Bar à vin Héron",https://jaimelequebec.org/jmlq_lieu/bar-a-vin-heron/,,,,,bar-a-vin-heron,publish,1,philgoupil@yahoo.ca,philgoupil@yahoo.ca,,,,default,0,0,0,open,open,2025-12-15
16988,"STEPHANIE THEORET",https://jaimelequebec.org/jmlq_lieu/stephanie-theoret/,,,,,stephanie-theoret,publish,1,philgoupil@yahoo.ca,philgoupil@yahoo.ca,,,,default,0,0,0,open,open,2025-12-15
16989,"CHALET KABANA",https://jaimelequebec.org/jmlq_lieu/chalet-kabana/,,,,,chalet-kabana,publish,1,philgoupil@yahoo.ca,philgoupil@yahoo.ca,,,,default,0,0,0,open,open,2025-12-15
16990,"Café de la Vieille Forge - Théâtre de la Vieille forge de Petite-Vallée",https://jaimelequebec.org/jmlq_lieu/cafe-de-la-vieille-forge-theatre-de-la-vieille-forge-de-petite-vallee/,,,,,cafe-de-la-vieille-forge-theatre-de-la-vieille-forge-de-petite-vallee,publish,1,philgoupil@yahoo.ca,philgoupil@yahoo.ca,,,,default,0,0,0,open,open,2025-12-15
16991,"Auberge Aux Goglus Restaurant – Table gastronomique en Mauricie",https://jaimelequebec.org/jmlq_lieu/auberge-aux-goglus-restaurant-table-gastronomique-en-mauricie/,,,,,auberge-aux-goglus-restaurant-table-gastronomique-en-mauricie,publish,1,philgoupil@yahoo.ca,philgoupil@yahoo.ca,,,,default,0,0,0,open,open,2025-12-15
16992,"Auberge aux Goglus Restaurant",https://jaimelequebec.org/jmlq_lieu/auberge-aux-goglus-restaurant/,,,,,auberge-aux-goglus-restaurant,publish,1,philgoupil@yahoo.ca,philgoupil@yahoo.ca,,,,default,0,0,0,open,open,2025-12-15
16993,"AUBERGE AUX DEUX PÈRES",https://jaimelequebec.org/jmlq_lieu/auberge-aux-deux-peres/,,,,,auberge-aux-deux-peres,publish,1,philgoupil@yahoo.ca,philgoupil@yahoo.ca,,,,default,0,0,0,open,open,2025-12-15
16994,"AUBERGE AUX DEUX LIONS",https://jaimelequebec.org/jmlq_lieu/auberge-aux-deux-lions/,,,,,auberge-aux-deux-lions,publish,1,philgoupil@yahoo.ca,philgoupil@yahoo.ca,,,,default,0,0,0,open,open,2025-12-15
16995,"AUBERGE AUX 3 LUCARNES",https://jaimelequebec.org/jmlq_lieu/auberge-aux-3-lucarnes/,,,,,auberge-aux-3-lucarnes,publish,1,philgoupil@yahoo.ca,philgoupil@yahoo.ca,,,,default,0,0,0,open,open,2025-12-15
16996,"AUBERGE AUTREMENT",https://jaimelequebec.org/jmlq_lieu/auberge-autrement/,,,,,auberge-autrement,publish,1,philgoupil@yahoo.ca,philgoupil@yahoo.ca,,,,default,0,0,0,open,open,2025-12-15
16997,"AUBERGE AU POSTE DE TRAITE",https://jaimelequebec.org/jmlq_lieu/auberge-au-poste-de-traite/,,,,,auberge-au-poste-de-traite,publish,1,philgoupil@yahoo.ca,philgoupil@yahoo.ca,,,,default,0,0,0,open,open,2025-12-15
16998,"Arbraska Rigaud",https://jaimelequebec.org/jmlq_lieu/arbraska-rigaud/,,,,,arbraska-rigaud,publish,1,philgoupil@yahoo.ca,philgoupil@yahoo.ca,,,,default,0,0,0,open,open,2025-12-15
16999,"ILAALI - PRESTIGE CHARLEVOIX",https://jaimelequebec.org/jmlq_lieu/ilaali-prestige-charlevoix/,,,,,ilaali-prestige-charlevoix,publish,1,philgoupil@yahoo.ca,philgoupil@yahoo.ca,,,,default,0,0,0,open,open,2025-12-15
17000,"CAMPING DE LA MER",https://jaimelequebec.org/jmlq_lieu/camping-de-la-mer/,,,,,camping-de-la-mer,publish,1,philgoupil@yahoo.ca,philgoupil@yahoo.ca,,,,default,0,0,0,open,open,2025-12-15
17001,"HÔTEL LE GERMAIN MONTRÉAL",https://jaimelequebec.org/jmlq_lieu/hotel-le-germain-montreal/,,,,,hotel-le-germain-montreal,publish,1,philgoupil@yahoo.ca,philgoupil@yahoo.ca,,,,default,0,0,0,open,open,2025-12-15
17002,"LES CAMPSREP",https://jaimelequebec.org/jmlq_lieu/les-campsrep/,,,,,les-campsrep,publish,1,philgoupil@yahoo.ca,philgoupil@yahoo.ca,,,,default,0,0,0,open,open,2025-12-15
17003,"Bromont, montagne d'expériences / Parc aquatique",https://jaimelequebec.org/jmlq_lieu/bromont-montagne-dexperiences-parc-aquatique/,,,,,bromont-montagne-dexperiences-parc-aquatique,publish,1,philgoupil@yahoo.ca,philgoupil@yahoo.ca,,,,default,0,0,0,open,open,2025-12-15
17004,"CLUB BASQUE",https://jaimelequebec.org/jmlq_lieu/club-basque/,,,,,club-basque,publish,1,philgoupil@yahoo.ca,philgoupil@yahoo.ca,,,,default,0,0,0,open,open,2025-12-15
17005,"Amerispa Hilton Lac-Leamy",https://jaimelequebec.org/jmlq_lieu/amerispa-hilton-lac-leamy/,,,,,amerispa-hilton-lac-leamy,publish,1,philgoupil@yahoo.ca,philgoupil@yahoo.ca,,,,default,0,0,0,open,open,2025-12-15
17006,"Z'APPARTEMENT À LA CARTE",https://jaimelequebec.org/jmlq_lieu/zappartement-a-la-carte/,,,,,zappartement-a-la-carte,publish,1,philgoupil@yahoo.ca,philgoupil@yahoo.ca,,,,default,0,0,0,open,open,2025-12-15
17007,"LE BON VINGT",https://jaimelequebec.org/jmlq_lieu/le-bon-vingt/,,,,,le-bon-vingt,publish,1,philgoupil@yahoo.ca,philgoupil@yahoo.ca,,,,default,0,0,0,open,open,2025-12-15
17008,"Le Tap Room|Relais & Châteaux",https://jaimelequebec.org/jmlq_lieu/le-tap-roomrelais-chateaux/,,,,,le-tap-roomrelais-chateaux,publish,1,philgoupil@yahoo.ca,philgoupil@yahoo.ca,,,,default,0,0,0,open,open,2025-12-15
17009,"Découvrir le Québec | Bonjour Québec",https://jaimelequebec.org/jmlq_lieu/decouvrir-le-quebec-bonjour-quebec/,,,,,decouvrir-le-quebec-bonjour-quebec,publish,1,philgoupil@yahoo.ca,philgoupil@yahoo.ca,,,,default,0,0,0,open,open,2025-12-15
17010,"EUROPA LANCASHIRE",https://jaimelequebec.org/jmlq_lieu/europa-lancashire/,,,,,europa-lancashire,publish,1,philgoupil@yahoo.ca,philgoupil@yahoo.ca,,,,default,0,0,0,open,open,2025-12-15
17011,EuroClass,https://jaimelequebec.org/jmlq_lieu/euroclass/,,,,,euroclass,publish,1,philgoupil@yahoo.ca,philgoupil@yahoo.ca,,,,default,0,0,0,open,open,2025-12-15
17012,"EURO SPA CENTRE SANTÉ AUBERGE",https://jaimelequebec.org/jmlq_lieu/euro-spa-centre-sante-auberge/,,,,,euro-spa-centre-sante-auberge,publish,1,philgoupil@yahoo.ca,philgoupil@yahoo.ca,,,,default,0,0,0,open,open,2025-12-15
17013,"ÉTOILE 1520-2 - TREMBLANT PRESTIGE",https://jaimelequebec.org/jmlq_lieu/etoile-1520-2-tremblant-prestige/,,,,,etoile-1520-2-tremblant-prestige,publish,1,philgoupil@yahoo.ca,philgoupil@yahoo.ca,,,,default,0,0,0,open,open,2025-12-15
17014,"ÉTOILE 1520-11",https://jaimelequebec.org/jmlq_lieu/etoile-1520-11/,,,,,etoile-1520-11,publish,1,philgoupil@yahoo.ca,philgoupil@yahoo.ca,,,,default,0,0,0,open,open,2025-12-15
17015,"ÉTOILE 1510-4 - TREMBLANT PRESTIGE",https://jaimelequebec.org/jmlq_lieu/etoile-1510-4-tremblant-prestige/,,,,,etoile-1510-4-tremblant-prestige,publish,1,philgoupil@yahoo.ca,philgoupil@yahoo.ca,,,,default,0,0,0,open,open,2025-12-15
17016,"CAMPING PARC DE LA PÉNINSULE",https://jaimelequebec.org/jmlq_lieu/camping-parc-de-la-peninsule/,,,,,camping-parc-de-la-peninsule,publish,1,philgoupil@yahoo.ca,philgoupil@yahoo.ca,,,,default,0,0,0,open,open,2025-12-15
17017,"Accueil Chez St-Pierre | Chez Saint-Pierre",https://jaimelequebec.org/jmlq_lieu/accueil-chez-st-pierre-chez-saint-pierre/,,,,,accueil-chez-st-pierre-chez-saint-pierre,publish,1,philgoupil@yahoo.ca,philgoupil@yahoo.ca,,,,default,0,0,0,open,open,2025-12-15
17018,"LE VÉNUS",https://jaimelequebec.org/jmlq_lieu/le-venus/,,,,,le-venus,publish,1,philgoupil@yahoo.ca,philgoupil@yahoo.ca,,,,default,0,0,0,open,open,2025-12-15
17019,"CAMPING UNION - ANNIE",https://jaimelequebec.org/jmlq_lieu/camping-union-annie/,,,,,camping-union-annie,publish,1,philgoupil@yahoo.ca,philgoupil@yahoo.ca,,,,default,0,0,0,open,open,2025-12-15
17020,"FAIRMONT LE CHÂTEAU MONTEBELLO",https://jaimelequebec.org/jmlq_lieu/fairmont-le-chateau-montebello/,,,,,fairmont-le-chateau-montebello,publish,1,philgoupil@yahoo.ca,philgoupil@yahoo.ca,,,,default,0,0,0,open,open,2025-12-15
17021,"Extéria Terrain d’aventures",https://jaimelequebec.org/jmlq_lieu/exteria-terrain-daventures/,,,,,exteria-terrain-daventures,publish,1,philgoupil@yahoo.ca,philgoupil@yahoo.ca,,,,default,0,0,0,open,open,2025-12-15
17022,"Excursions de Pêche Lac Témiscouata",https://jaimelequebec.org/jmlq_lieu/excursions-de-peche-lac-temiscouata/,,,,,excursions-de-peche-lac-temiscouata,publish,1,philgoupil@yahoo.ca,philgoupil@yahoo.ca,,,,default,0,0,0,open,open,2025-12-15
17023,"Normandin (Ste-Catherine-de-la-Jacques-Cartier)",https://jaimelequebec.org/jmlq_lieu/normandin-ste-catherine-de-la-jacques-cartier/,,,,,normandin-ste-catherine-de-la-jacques-cartier,publish,1,philgoupil@yahoo.ca,philgoupil@yahoo.ca,,,,default,0,0,0,open,open,2025-12-15
17024,"GINGO SHACK",https://jaimelequebec.org/jmlq_lieu/gingo-shack/,,,,,gingo-shack,publish,1,philgoupil@yahoo.ca,philgoupil@yahoo.ca,,,,default,0,0,0,open,open,2025-12-15
17025,"Ginger Resto-Bar",https://jaimelequebec.org/jmlq_lieu/ginger-resto-bar/,,,,,ginger-resto-bar,publish,1,philgoupil@yahoo.ca,philgoupil@yahoo.ca,,,,default,0,0,0,open,open,2025-12-15
17026,"Gibbys | Experience the Steaks & Seafood",https://jaimelequebec.org/jmlq_lieu/gibbys-experience-the-steaks-seafood/,,,,,gibbys-experience-the-steaks-seafood,publish,1,philgoupil@yahoo.ca,philgoupil@yahoo.ca,,,,default,0,0,0,open,open,2025-12-15
17027,"Giant Mascouche",https://jaimelequebec.org/jmlq_lieu/giant-mascouche/,,,,,giant-mascouche,publish,1,philgoupil@yahoo.ca,philgoupil@yahoo.ca,,,,default,0,0,0,open,open,2025-12-15
17028,"GESTION POURVOIRIE CLUB ROSSIGNOL",https://jaimelequebec.org/jmlq_lieu/gestion-pourvoirie-club-rossignol/,,,,,gestion-pourvoirie-club-rossignol,publish,1,philgoupil@yahoo.ca,philgoupil@yahoo.ca,,,,default,0,0,0,open,open,2025-12-15
17029,"GESTION MARC GAGNON INC.",https://jaimelequebec.org/jmlq_lieu/gestion-marc-gagnon-inc/,,,,,gestion-marc-gagnon-inc,publish,1,philgoupil@yahoo.ca,philgoupil@yahoo.ca,,,,default,0,0,0,open,open,2025-12-15
17030,"GESTION IMMOBILIÈRE LTL",https://jaimelequebec.org/jmlq_lieu/gestion-immobiliere-ltl/,,,,,gestion-immobiliere-ltl,publish,1,philgoupil@yahoo.ca,philgoupil@yahoo.ca,,,,default,0,0,0,open,open,2025-12-15
17031,"GESTION IMMOBILIÈRE ADSTOCK - KL90B",https://jaimelequebec.org/jmlq_lieu/gestion-immobiliere-adstock-kl90b/,,,,,gestion-immobiliere-adstock-kl90b,publish,1,philgoupil@yahoo.ca,philgoupil@yahoo.ca,,,,default,0,0,0,open,open,2025-12-15
17032,"GESTION CÔTE DE LA BOUTEILLE INC.",https://jaimelequebec.org/jmlq_lieu/gestion-cote-de-la-bouteille-inc/,,,,,gestion-cote-de-la-bouteille-inc,publish,1,philgoupil@yahoo.ca,philgoupil@yahoo.ca,,,,default,0,0,0,open,open,2025-12-15
17033,GERI,https://jaimelequebec.org/jmlq_lieu/geri/,,,,,geri,publish,1,philgoupil@yahoo.ca,philgoupil@yahoo.ca,,,,default,0,0,0,open,open,2025-12-15
17034,"CHALETS PRUNELLA",https://jaimelequebec.org/jmlq_lieu/chalets-prunella/,,,,,chalets-prunella,publish,1,philgoupil@yahoo.ca,philgoupil@yahoo.ca,,,,default,0,0,0,open,open,2025-12-15
17035,"CHALETS PRUNELLA",https://jaimelequebec.org/jmlq_lieu/chalets-prunella-2/,,,,,chalets-prunella-2,publish,1,philgoupil@yahoo.ca,philgoupil@yahoo.ca,,,,default,0,0,0,open,open,2025-12-15
17036,"CHALETS PLEIN BOIS",https://jaimelequebec.org/jmlq_lieu/chalets-plein-bois/,,,,,chalets-plein-bois,publish,1,philgoupil@yahoo.ca,philgoupil@yahoo.ca,,,,default,0,0,0,open,open,2025-12-15
17037,"CHALETS LE REFUGE SPA RIVIÈRE",https://jaimelequebec.org/jmlq_lieu/chalets-le-refuge-spa-riviere/,,,,,chalets-le-refuge-spa-riviere,publish,1,philgoupil@yahoo.ca,philgoupil@yahoo.ca,,,,default,0,0,0,open,open,2025-12-15
17038,"LA MAISON DU CAP",https://jaimelequebec.org/jmlq_lieu/la-maison-du-cap/,,,,,la-maison-du-cap,publish,1,philgoupil@yahoo.ca,philgoupil@yahoo.ca,,,,default,0,0,0,open,open,2025-12-15
17039,"Centre nautique de Notre-Dame-de-l'Île-Perrot",https://jaimelequebec.org/jmlq_lieu/centre-nautique-de-notre-dame-de-lile-perrot/,,,,,centre-nautique-de-notre-dame-de-lile-perrot,publish,1,philgoupil@yahoo.ca,philgoupil@yahoo.ca,,,,default,0,0,0,open,open,2025-12-15
17040,"Centre d'amusement Mégamaze (St-Jérôme)",https://jaimelequebec.org/jmlq_lieu/centre-damusement-megamaze-st-jerome/,,,,,centre-damusement-megamaze-st-jerome,publish,1,philgoupil@yahoo.ca,philgoupil@yahoo.ca,,,,default,0,0,0,open,open,2025-12-15
17041,"CAMPING DOMAINE DU CANYON DES PORTES DE L'ENFER",https://jaimelequebec.org/jmlq_lieu/camping-domaine-du-canyon-des-portes-de-lenfer/,,,,,camping-domaine-du-canyon-des-portes-de-lenfer,publish,1,philgoupil@yahoo.ca,philgoupil@yahoo.ca,,,,default,0,0,0,open,open,2025-12-15
17042,"DOMAINE ROMAN",https://jaimelequebec.org/jmlq_lieu/domaine-roman/,,,,,domaine-roman,publish,1,philgoupil@yahoo.ca,philgoupil@yahoo.ca,,,,default,0,0,0,open,open,2025-12-15
17043,"DOMAINE RIVIÈRE SACACOMIE",https://jaimelequebec.org/jmlq_lieu/domaine-riviere-sacacomie/,,,,,domaine-riviere-sacacomie,publish,1,philgoupil@yahoo.ca,philgoupil@yahoo.ca,,,,default,0,0,0,open,open,2025-12-15
17044,Jatoba,https://jaimelequebec.org/jmlq_lieu/jatoba/,,,,,jatoba,publish,1,philgoupil@yahoo.ca,philgoupil@yahoo.ca,,,,default,0,0,0,open,open,2025-12-15
17045,"Jardins Herbes Orford",https://jaimelequebec.org/jmlq_lieu/jardins-herbes-orford/,,,,,jardins-herbes-orford,publish,1,philgoupil@yahoo.ca,philgoupil@yahoo.ca,,,,default,0,0,0,open,open,2025-12-15
17046,"Chez Baptiste sur Masson",https://jaimelequebec.org/jmlq_lieu/chez-baptiste-sur-masson/,,,,,chez-baptiste-sur-masson,publish,1,philgoupil@yahoo.ca,philgoupil@yahoo.ca,,,,default,0,0,0,open,open,2025-12-15
17047,"CHEZ ANNIE",https://jaimelequebec.org/jmlq_lieu/chez-annie/,,,,,chez-annie,publish,1,philgoupil@yahoo.ca,philgoupil@yahoo.ca,,,,default,0,0,0,open,open,2025-12-15
17048,"HÔTEL MANOIR SUR LE CAP",https://jaimelequebec.org/jmlq_lieu/hotel-manoir-sur-le-cap/,,,,,hotel-manoir-sur-le-cap,publish,1,philgoupil@yahoo.ca,philgoupil@yahoo.ca,,,,default,0,0,0,open,open,2025-12-15
17049,"100 à B7 / Vélo",https://jaimelequebec.org/jmlq_lieu/100-a-b7-velo/,,,,,100-a-b7-velo,publish,1,philgoupil@yahoo.ca,philgoupil@yahoo.ca,,,,default,0,0,0,open,open,2025-12-15
17050,"CAMP MÈRE M.L. CLARAC",https://jaimelequebec.org/jmlq_lieu/camp-mere-m-l-clarac/,,,,,camp-mere-m-l-clarac,publish,1,philgoupil@yahoo.ca,philgoupil@yahoo.ca,,,,default,0,0,0,open,open,2025-12-15
17051,"Parc régional du Lac Taureau / Croisière sur le Lac Taureau et Lac Archambault",https://jaimelequebec.org/jmlq_lieu/parc-regional-du-lac-taureau-croisiere-sur-le-lac-taureau-et-lac-archambault/,,,,,parc-regional-du-lac-taureau-croisiere-sur-le-lac-taureau-et-lac-archambault,publish,1,philgoupil@yahoo.ca,philgoupil@yahoo.ca,,,,default,0,0,0,open,open,2025-12-15
17052,"Cristal du Lac - Économusée du prospecteur cristallier",https://jaimelequebec.org/jmlq_lieu/cristal-du-lac-economusee-du-prospecteur-cristallier/,,,,,cristal-du-lac-economusee-du-prospecteur-cristallier,publish,1,philgoupil@yahoo.ca,philgoupil@yahoo.ca,,,,default,0,0,0,open,open,2025-12-15
17053,"Au Petit Chalet (Grande-Allée)",https://jaimelequebec.org/jmlq_lieu/au-petit-chalet-grande-allee/,,,,,au-petit-chalet-grande-allee,publish,1,philgoupil@yahoo.ca,philgoupil@yahoo.ca,,,,default,0,0,0,open,open,2025-12-15
17054,"CASCADES 11",https://jaimelequebec.org/jmlq_lieu/cascades-11/,,,,,cascades-11,publish,1,philgoupil@yahoo.ca,philgoupil@yahoo.ca,,,,default,0,0,0,open,open,2025-12-15
17055,"21 CHEMIN DU HAUT LIEU",https://jaimelequebec.org/jmlq_lieu/21-chemin-du-haut-lieu/,,,,,21-chemin-du-haut-lieu,publish,1,philgoupil@yahoo.ca,philgoupil@yahoo.ca,,,,default,0,0,0,open,open,2025-12-15
17056,"CHARBONNIER - AU CHALET EN BOIS ROND",https://jaimelequebec.org/jmlq_lieu/charbonnier-au-chalet-en-bois-rond/,,,,,charbonnier-au-chalet-en-bois-rond,publish,1,philgoupil@yahoo.ca,philgoupil@yahoo.ca,,,,default,0,0,0,open,open,2025-12-15
17057,"CENTRE CASTOR - VILLAGE DE YOURTES VALCARTIER",https://jaimelequebec.org/jmlq_lieu/centre-castor-village-de-yourtes-valcartier/,,,,,centre-castor-village-de-yourtes-valcartier,publish,1,philgoupil@yahoo.ca,philgoupil@yahoo.ca,,,,default,0,0,0,open,open,2025-12-15
17058,"Centre Castor - Golf",https://jaimelequebec.org/jmlq_lieu/centre-castor-golf/,,,,,centre-castor-golf,publish,1,philgoupil@yahoo.ca,philgoupil@yahoo.ca,,,,default,0,0,0,open,open,2025-12-15
17059,"CHALET LAC TAUREAU",https://jaimelequebec.org/jmlq_lieu/chalet-lac-taureau/,,,,,chalet-lac-taureau,publish,1,philgoupil@yahoo.ca,philgoupil@yahoo.ca,,,,default,0,0,0,open,open,2025-12-15
17060,"LA BALISE",https://jaimelequebec.org/jmlq_lieu/la-balise/,,,,,la-balise,publish,1,philgoupil@yahoo.ca,philgoupil@yahoo.ca,,,,default,0,0,0,open,open,2025-12-15
17061,"Centre sportif du Collège Laval",https://jaimelequebec.org/jmlq_lieu/centre-sportif-du-college-laval/,,,,,centre-sportif-du-college-laval,publish,1,philgoupil@yahoo.ca,philgoupil@yahoo.ca,,,,default,0,0,0,open,open,2025-12-15
17062,"Brasserie Lac Brompton",https://jaimelequebec.org/jmlq_lieu/brasserie-lac-brompton/,,,,,brasserie-lac-brompton,publish,1,philgoupil@yahoo.ca,philgoupil@yahoo.ca,,,,default,0,0,0,open,open,2025-12-15
17063,"AUBERGE BEAUSÉJOUR",https://jaimelequebec.org/jmlq_lieu/auberge-beausejour/,,,,,auberge-beausejour,publish,1,philgoupil@yahoo.ca,philgoupil@yahoo.ca,,,,default,0,0,0,open,open,2025-12-15
17064,"AUBERGE BAKER",https://jaimelequebec.org/jmlq_lieu/auberge-baker/,,,,,auberge-baker,publish,1,philgoupil@yahoo.ca,philgoupil@yahoo.ca,,,,default,0,0,0,open,open,2025-12-15
17065,"AUBERGE AYER'S CLIFF",https://jaimelequebec.org/jmlq_lieu/auberge-ayers-cliff/,,,,,auberge-ayers-cliff,publish,1,philgoupil@yahoo.ca,philgoupil@yahoo.ca,,,,default,0,0,0,open,open,2025-12-15
17066,"AUBERGE LA DILIGENCE",https://jaimelequebec.org/jmlq_lieu/auberge-la-diligence/,,,,,auberge-la-diligence,publish,1,philgoupil@yahoo.ca,philgoupil@yahoo.ca,,,,default,0,0,0,open,open,2025-12-15
17067,"AUBERGE MANOIR TAYLOR MANOR",https://jaimelequebec.org/jmlq_lieu/auberge-manoir-taylor-manor/,,,,,auberge-manoir-taylor-manor,publish,1,philgoupil@yahoo.ca,philgoupil@yahoo.ca,,,,default,0,0,0,open,open,2025-12-15
17068,"CAMPING AUCLAIR",https://jaimelequebec.org/jmlq_lieu/camping-auclair/,,,,,camping-auclair,publish,1,philgoupil@yahoo.ca,philgoupil@yahoo.ca,,,,default,0,0,0,open,open,2025-12-15
17069,"CHALET TRANQUILLITÉ ORFORD",https://jaimelequebec.org/jmlq_lieu/chalet-tranquillite-orford/,,,,,chalet-tranquillite-orford,publish,1,philgoupil@yahoo.ca,philgoupil@yahoo.ca,,,,default,0,0,0,open,open,2025-12-15
17070,"CAMPING GÉMEAUX INC.",https://jaimelequebec.org/jmlq_lieu/camping-gemeaux-inc/,,,,,camping-gemeaux-inc,publish,1,philgoupil@yahoo.ca,philgoupil@yahoo.ca,,,,default,0,0,0,open,open,2025-12-15
17071,"LE PETIT GOÉMON",https://jaimelequebec.org/jmlq_lieu/le-petit-goemon/,,,,,le-petit-goemon,publish,1,philgoupil@yahoo.ca,philgoupil@yahoo.ca,,,,default,0,0,0,open,open,2025-12-15
17072,"Port de plaisance de Fitch Bay (Marina Fitch Bay)",https://jaimelequebec.org/jmlq_lieu/port-de-plaisance-de-fitch-bay-marina-fitch-bay/,,,,,port-de-plaisance-de-fitch-bay-marina-fitch-bay,publish,1,philgoupil@yahoo.ca,philgoupil@yahoo.ca,,,,default,0,0,0,open,open,2025-12-15
17073,"CLUB DE CHASSE ET PÊCHE STRAMOND",https://jaimelequebec.org/jmlq_lieu/club-de-chasse-et-peche-stramond/,,,,,club-de-chasse-et-peche-stramond,publish,1,philgoupil@yahoo.ca,philgoupil@yahoo.ca,,,,default,0,0,0,open,open,2025-12-15
17074,"CLUB DE CHASSE ET PÊCHE DU LAC LAVOIE",https://jaimelequebec.org/jmlq_lieu/club-de-chasse-et-peche-du-lac-lavoie/,,,,,club-de-chasse-et-peche-du-lac-lavoie,publish,1,philgoupil@yahoo.ca,philgoupil@yahoo.ca,,,,default,0,0,0,open,open,2025-12-15
17075,"CHALETS LA COULÉE DOUCE",https://jaimelequebec.org/jmlq_lieu/chalets-la-coulee-douce/,,,,,chalets-la-coulee-douce,publish,1,philgoupil@yahoo.ca,philgoupil@yahoo.ca,,,,default,0,0,0,open,open,2025-12-15
17076,"CHALETS LA MAISON VERTE DU PARC GASPÉSIEN",https://jaimelequebec.org/jmlq_lieu/chalets-la-maison-verte-du-parc-gaspesien/,,,,,chalets-la-maison-verte-du-parc-gaspesien,publish,1,philgoupil@yahoo.ca,philgoupil@yahoo.ca,,,,default,0,0,0,open,open,2025-12-15
17077,"Centre de ski Mont-Bélu",https://jaimelequebec.org/jmlq_lieu/centre-de-ski-mont-belu/,,,,,centre-de-ski-mont-belu,publish,1,philgoupil@yahoo.ca,philgoupil@yahoo.ca,,,,default,0,0,0,open,open,2025-12-15
17078,"CAMPING LE TIPI",https://jaimelequebec.org/jmlq_lieu/camping-le-tipi/,,,,,camping-le-tipi,publish,1,philgoupil@yahoo.ca,philgoupil@yahoo.ca,,,,default,0,0,0,open,open,2025-12-15
17079,"CAMPING MONT SCOTCH HILL",https://jaimelequebec.org/jmlq_lieu/camping-mont-scotch-hill/,,,,,camping-mont-scotch-hill,publish,1,philgoupil@yahoo.ca,philgoupil@yahoo.ca,,,,default,0,0,0,open,open,2025-12-15
17080,"FAIRMONT LE CHÂTEAU FRONTENAC",https://jaimelequebec.org/jmlq_lieu/fairmont-le-chateau-frontenac/,,,,,fairmont-le-chateau-frontenac,publish,1,philgoupil@yahoo.ca,philgoupil@yahoo.ca,,,,default,0,0,0,open,open,2025-12-15
17081,"Club de golf de Valcourt",https://jaimelequebec.org/jmlq_lieu/club-de-golf-de-valcourt/,,,,,club-de-golf-de-valcourt,publish,1,philgoupil@yahoo.ca,philgoupil@yahoo.ca,,,,default,0,0,0,open,open,2025-12-15
17082,"Arboretum Morgan",https://jaimelequebec.org/jmlq_lieu/arboretum-morgan/,,,,,arboretum-morgan,publish,1,philgoupil@yahoo.ca,philgoupil@yahoo.ca,,,,default,0,0,0,open,open,2025-12-15
17083,AQUITAINE,https://jaimelequebec.org/jmlq_lieu/aquitaine/,,,,,aquitaine,publish,1,philgoupil@yahoo.ca,philgoupil@yahoo.ca,,,,default,0,0,0,open,open,2025-12-15
17084,"Aquazilla - Parc national d'Oka",https://jaimelequebec.org/jmlq_lieu/aquazilla-parc-national-doka/,,,,,aquazilla-parc-national-doka,publish,1,philgoupil@yahoo.ca,philgoupil@yahoo.ca,,,,default,0,0,0,open,open,2025-12-15
17085,"Aquaparc H2O",https://jaimelequebec.org/jmlq_lieu/aquaparc-h2o/,,,,,aquaparc-h2o,publish,1,philgoupil@yahoo.ca,philgoupil@yahoo.ca,,,,default,0,0,0,open,open,2025-12-15
17086,"CHALET TROIS-PISTOLES",https://jaimelequebec.org/jmlq_lieu/chalet-trois-pistoles/,,,,,chalet-trois-pistoles,publish,1,philgoupil@yahoo.ca,philgoupil@yahoo.ca,,,,default,0,0,0,open,open,2025-12-15
17087,"CAMP NATURE CASCAPEDIA",https://jaimelequebec.org/jmlq_lieu/camp-nature-cascapedia/,,,,,camp-nature-cascapedia,publish,1,philgoupil@yahoo.ca,philgoupil@yahoo.ca,,,,default,0,0,0,open,open,2025-12-15
17088,"DOMAINE DE L'ARCHIPEL",https://jaimelequebec.org/jmlq_lieu/domaine-de-larchipel/,,,,,domaine-de-larchipel,publish,1,philgoupil@yahoo.ca,philgoupil@yahoo.ca,,,,default,0,0,0,open,open,2025-12-15
17089,"CAMPING ST-FÉLICIEN CHALETS",https://jaimelequebec.org/jmlq_lieu/camping-st-felicien-chalets/,,,,,camping-st-felicien-chalets,publish,1,philgoupil@yahoo.ca,philgoupil@yahoo.ca,,,,default,0,0,0,open,open,2025-12-15
17090,"CHALET RELAX DU LAC ST-TITE",https://jaimelequebec.org/jmlq_lieu/chalet-relax-du-lac-st-tite/,,,,,chalet-relax-du-lac-st-tite,publish,1,philgoupil@yahoo.ca,philgoupil@yahoo.ca,,,,default,0,0,0,open,open,2025-12-15
17091,"CHALET RELAX",https://jaimelequebec.org/jmlq_lieu/chalet-relax/,,,,,chalet-relax,publish,1,philgoupil@yahoo.ca,philgoupil@yahoo.ca,,,,default,0,0,0,open,open,2025-12-15
17092,"CHALET RED DEER",https://jaimelequebec.org/jmlq_lieu/chalet-red-deer/,,,,,chalet-red-deer,publish,1,philgoupil@yahoo.ca,philgoupil@yahoo.ca,,,,default,0,0,0,open,open,2025-12-15
17093,"CHALET RAVEN CLIFF",https://jaimelequebec.org/jmlq_lieu/chalet-raven-cliff/,,,,,chalet-raven-cliff,publish,1,philgoupil@yahoo.ca,philgoupil@yahoo.ca,,,,default,0,0,0,open,open,2025-12-15
17094,"Burger Pub",https://jaimelequebec.org/jmlq_lieu/burger-pub/,,,,,burger-pub,publish,1,philgoupil@yahoo.ca,philgoupil@yahoo.ca,,,,default,0,0,0,open,open,2025-12-15
17095,"CHALET SMALLIAN",https://jaimelequebec.org/jmlq_lieu/chalet-smallian/,,,,,chalet-smallian,publish,1,philgoupil@yahoo.ca,philgoupil@yahoo.ca,,,,default,0,0,0,open,open,2025-12-15
17096,"AUX 4 VENTS",https://jaimelequebec.org/jmlq_lieu/aux-4-vents/,,,,,aux-4-vents,publish,1,philgoupil@yahoo.ca,philgoupil@yahoo.ca,,,,default,0,0,0,open,open,2025-12-15
17097,"Aux 4 Jeudis",https://jaimelequebec.org/jmlq_lieu/aux-4-jeudis/,,,,,aux-4-jeudis,publish,1,philgoupil@yahoo.ca,philgoupil@yahoo.ca,,,,default,0,0,0,open,open,2025-12-15
17098,"Autodrome Drummondville",https://jaimelequebec.org/jmlq_lieu/autodrome-drummondville/,,,,,autodrome-drummondville,publish,1,philgoupil@yahoo.ca,philgoupil@yahoo.ca,,,,default,0,0,0,open,open,2025-12-15
17099,"Autodrome Chaudière Vallée-Jonction",https://jaimelequebec.org/jmlq_lieu/autodrome-chaudiere-vallee-jonction/,,,,,autodrome-chaudiere-vallee-jonction,publish,1,philgoupil@yahoo.ca,philgoupil@yahoo.ca,,,,default,0,0,0,open,open,2025-12-15
17100,"Authentiquement maritime | Centre culturel Le Griffon",https://jaimelequebec.org/jmlq_lieu/authentiquement-maritime-centre-culturel-le-griffon/,,,,,authentiquement-maritime-centre-culturel-le-griffon,publish,1,philgoupil@yahoo.ca,philgoupil@yahoo.ca,,,,default,0,0,0,open,open,2025-12-15
17101,"Authentique Mini Putt de Terrebonne et Crèmerie",https://jaimelequebec.org/jmlq_lieu/authentique-mini-putt-de-terrebonne-et-cremerie/,,,,,authentique-mini-putt-de-terrebonne-et-cremerie,publish,1,philgoupil@yahoo.ca,philgoupil@yahoo.ca,,,,default,0,0,0,open,open,2025-12-15
17102,"LES CHALETS LAURA & EVORA",https://jaimelequebec.org/jmlq_lieu/les-chalets-laura-evora/,,,,,les-chalets-laura-evora,publish,1,philgoupil@yahoo.ca,philgoupil@yahoo.ca,,,,default,0,0,0,open,open,2025-12-15
17103,"HÔTEL 10",https://jaimelequebec.org/jmlq_lieu/hotel-10/,,,,,hotel-10,publish,1,philgoupil@yahoo.ca,philgoupil@yahoo.ca,,,,default,0,0,0,open,open,2025-12-15
17104,"AU COEUR DE L'ÎLE",https://jaimelequebec.org/jmlq_lieu/au-coeur-de-lile/,,,,,au-coeur-de-lile,publish,1,philgoupil@yahoo.ca,philgoupil@yahoo.ca,,,,default,0,0,0,open,open,2025-12-15
17105,CLIFFNO46,https://jaimelequebec.org/jmlq_lieu/cliffno46/,,,,,cliffno46,publish,1,philgoupil@yahoo.ca,philgoupil@yahoo.ca,,,,default,0,0,0,open,open,2025-12-15
17106,"ALPAGES 90-17 - LES CHALETS ALPINS",https://jaimelequebec.org/jmlq_lieu/alpages-90-17-les-chalets-alpins/,,,,,alpages-90-17-les-chalets-alpins,publish,1,philgoupil@yahoo.ca,philgoupil@yahoo.ca,,,,default,0,0,0,open,open,2025-12-15
17107,"CHALET LE PANACHE",https://jaimelequebec.org/jmlq_lieu/chalet-le-panache/,,,,,chalet-le-panache,publish,1,philgoupil@yahoo.ca,philgoupil@yahoo.ca,,,,default,0,0,0,open,open,2025-12-15
17108,"LA HALTE 266 CAMPING ET RESORT",https://jaimelequebec.org/jmlq_lieu/la-halte-266-camping-et-resort/,,,,,la-halte-266-camping-et-resort,publish,1,philgoupil@yahoo.ca,philgoupil@yahoo.ca,,,,default,0,0,0,open,open,2025-12-15
17109,"Accueil - Cochon Dingue",https://jaimelequebec.org/jmlq_lieu/accueil-cochon-dingue/,,,,,accueil-cochon-dingue,publish,1,philgoupil@yahoo.ca,philgoupil@yahoo.ca,,,,default,0,0,0,open,open,2025-12-15
17110,"Amerispa Sheraton Laval",https://jaimelequebec.org/jmlq_lieu/amerispa-sheraton-laval/,,,,,amerispa-sheraton-laval,publish,1,philgoupil@yahoo.ca,philgoupil@yahoo.ca,,,,default,0,0,0,open,open,2025-12-15
17111,"CHALET 2 RUE JOHN - LA CACHE À MAXIME",https://jaimelequebec.org/jmlq_lieu/chalet-2-rue-john-la-cache-a-maxime/,,,,,chalet-2-rue-john-la-cache-a-maxime,publish,1,philgoupil@yahoo.ca,philgoupil@yahoo.ca,,,,default,0,0,0,open,open,2025-12-15
17112,"LA CHAUMIÈRE-SUR-LE-LAC",https://jaimelequebec.org/jmlq_lieu/la-chaumiere-sur-le-lac/,,,,,la-chaumiere-sur-le-lac,publish,1,philgoupil@yahoo.ca,philgoupil@yahoo.ca,,,,default,0,0,0,open,open,2025-12-15
17113,"CAMPING LA DESCENTE DES FEMMES",https://jaimelequebec.org/jmlq_lieu/camping-la-descente-des-femmes/,,,,,camping-la-descente-des-femmes,publish,1,philgoupil@yahoo.ca,philgoupil@yahoo.ca,,,,default,0,0,0,open,open,2025-12-15
17114,"Circuits Frontières / Ski de montagne",https://jaimelequebec.org/jmlq_lieu/circuits-frontieres-ski-de-montagne/,,,,,circuits-frontieres-ski-de-montagne,publish,1,philgoupil@yahoo.ca,philgoupil@yahoo.ca,,,,default,0,0,0,open,open,2025-12-15
17115,"CAMPING D'EAU CLAIRE",https://jaimelequebec.org/jmlq_lieu/camping-deau-claire/,,,,,camping-deau-claire,publish,1,philgoupil@yahoo.ca,philgoupil@yahoo.ca,,,,default,0,0,0,open,open,2025-12-15
17116,"Auberge la Fascine - Bistro Culturel",https://jaimelequebec.org/jmlq_lieu/auberge-la-fascine-bistro-culturel/,,,,,auberge-la-fascine-bistro-culturel,publish,1,philgoupil@yahoo.ca,philgoupil@yahoo.ca,,,,default,0,0,0,open,open,2025-12-15
17117,"LA SAINTE PAIX",https://jaimelequebec.org/jmlq_lieu/la-sainte-paix-2/,,,,,la-sainte-paix-2,publish,1,philgoupil@yahoo.ca,philgoupil@yahoo.ca,,,,default,0,0,0,open,open,2025-12-15
17118,"District 1 Lasertag",https://jaimelequebec.org/jmlq_lieu/district-1-lasertag/,,,,,district-1-lasertag,publish,1,philgoupil@yahoo.ca,philgoupil@yahoo.ca,,,,default,0,0,0,open,open,2025-12-15
17119,"La Grange de l'île",https://jaimelequebec.org/jmlq_lieu/la-grange-de-lile/,,,,,la-grange-de-lile,publish,1,philgoupil@yahoo.ca,philgoupil@yahoo.ca,,,,default,0,0,0,open,open,2025-12-15
17120,"AUBERGE DES BERGES",https://jaimelequebec.org/jmlq_lieu/auberge-des-berges/,,,,,auberge-des-berges,publish,1,philgoupil@yahoo.ca,philgoupil@yahoo.ca,,,,default,0,0,0,open,open,2025-12-15
17121,"L'Exode Café",https://jaimelequebec.org/jmlq_lieu/lexode-cafe/,,,,,lexode-cafe,publish,1,philgoupil@yahoo.ca,philgoupil@yahoo.ca,,,,default,0,0,0,open,open,2025-12-15
17122,"CHALET LA LIBERTÉ AUX ABORDS DU FLEUVE",https://jaimelequebec.org/jmlq_lieu/chalet-la-liberte-aux-abords-du-fleuve/,,,,,chalet-la-liberte-aux-abords-du-fleuve,publish,1,philgoupil@yahoo.ca,philgoupil@yahoo.ca,,,,default,0,0,0,open,open,2025-12-15
17123,"CHALET LA FUGUE",https://jaimelequebec.org/jmlq_lieu/chalet-la-fugue/,,,,,chalet-la-fugue,publish,1,philgoupil@yahoo.ca,philgoupil@yahoo.ca,,,,default,0,0,0,open,open,2025-12-15
17124,"CHALET LA DESTINÉE 2",https://jaimelequebec.org/jmlq_lieu/chalet-la-destinee-2/,,,,,chalet-la-destinee-2,publish,1,philgoupil@yahoo.ca,philgoupil@yahoo.ca,,,,default,0,0,0,open,open,2025-12-15
17125,"CHALET LA DÉCOUVERTE",https://jaimelequebec.org/jmlq_lieu/chalet-la-decouverte/,,,,,chalet-la-decouverte,publish,1,philgoupil@yahoo.ca,philgoupil@yahoo.ca,,,,default,0,0,0,open,open,2025-12-15
17126,"CHALET LA COURONNE BORÉALE",https://jaimelequebec.org/jmlq_lieu/chalet-la-couronne-boreale/,,,,,chalet-la-couronne-boreale,publish,1,philgoupil@yahoo.ca,philgoupil@yahoo.ca,,,,default,0,0,0,open,open,2025-12-15
17127,"CHALET LA CÔTERIE",https://jaimelequebec.org/jmlq_lieu/chalet-la-coterie/,,,,,chalet-la-coterie,publish,1,philgoupil@yahoo.ca,philgoupil@yahoo.ca,,,,default,0,0,0,open,open,2025-12-15
17128,"CHALET LA CHUTE",https://jaimelequebec.org/jmlq_lieu/chalet-la-chute/,,,,,chalet-la-chute,publish,1,philgoupil@yahoo.ca,philgoupil@yahoo.ca,,,,default,0,0,0,open,open,2025-12-15
17129,"CHALET LA CHARLEBOIS",https://jaimelequebec.org/jmlq_lieu/chalet-la-charlebois/,,,,,chalet-la-charlebois,publish,1,philgoupil@yahoo.ca,philgoupil@yahoo.ca,,,,default,0,0,0,open,open,2025-12-15
17130,"CHALET LA BELLE QUÉBÉCOISE",https://jaimelequebec.org/jmlq_lieu/chalet-la-belle-quebecoise/,,,,,chalet-la-belle-quebecoise,publish,1,philgoupil@yahoo.ca,philgoupil@yahoo.ca,,,,default,0,0,0,open,open,2025-12-15
17131,"CHALET LA BELETTE",https://jaimelequebec.org/jmlq_lieu/chalet-la-belette/,,,,,chalet-la-belette,publish,1,philgoupil@yahoo.ca,philgoupil@yahoo.ca,,,,default,0,0,0,open,open,2025-12-15
17132,"CHALET L'OISEAU DU PARADIS",https://jaimelequebec.org/jmlq_lieu/chalet-loiseau-du-paradis/,,,,,chalet-loiseau-du-paradis,publish,1,philgoupil@yahoo.ca,philgoupil@yahoo.ca,,,,default,0,0,0,open,open,2025-12-15
17133,"CHALET L'OASIS",https://jaimelequebec.org/jmlq_lieu/chalet-loasis/,,,,,chalet-loasis,publish,1,philgoupil@yahoo.ca,philgoupil@yahoo.ca,,,,default,0,0,0,open,open,2025-12-15
17134,"Chez Mag Fine Cantine",https://jaimelequebec.org/jmlq_lieu/chez-mag-fine-cantine/,,,,,chez-mag-fine-cantine,publish,1,philgoupil@yahoo.ca,philgoupil@yahoo.ca,,,,default,0,0,0,open,open,2025-12-15
17135,"Camping Ferme Pégasus",https://jaimelequebec.org/jmlq_lieu/camping-ferme-pegasus/,,,,,camping-ferme-pegasus,publish,1,philgoupil@yahoo.ca,philgoupil@yahoo.ca,,,,default,0,0,0,open,open,2025-12-15
17136,"CAMP LIVINGSTONE",https://jaimelequebec.org/jmlq_lieu/camp-livingstone/,,,,,camp-livingstone,publish,1,philgoupil@yahoo.ca,philgoupil@yahoo.ca,,,,default,0,0,0,open,open,2025-12-15
17137,"Brit & Chips",https://jaimelequebec.org/jmlq_lieu/brit-chips/,,,,,brit-chips,publish,1,philgoupil@yahoo.ca,philgoupil@yahoo.ca,,,,default,0,0,0,open,open,2025-12-15
17138,"CAMPING DU LAC FLAMAND",https://jaimelequebec.org/jmlq_lieu/camping-du-lac-flamand/,,,,,camping-du-lac-flamand,publish,1,philgoupil@yahoo.ca,philgoupil@yahoo.ca,,,,default,0,0,0,open,open,2025-12-15
17139,"DOMAINE DU LAC CACHÉ, Hébergement ET ÉCO-CAMPING",https://jaimelequebec.org/jmlq_lieu/domaine-du-lac-cache-hebergement-et-eco-camping/,,,,,domaine-du-lac-cache-hebergement-et-eco-camping,publish,1,philgoupil@yahoo.ca,philgoupil@yahoo.ca,,,,default,0,0,0,open,open,2025-12-15
17140,"CAMPING DEAUVILLE",https://jaimelequebec.org/jmlq_lieu/camping-deauville/,,,,,camping-deauville,publish,1,philgoupil@yahoo.ca,philgoupil@yahoo.ca,,,,default,0,0,0,open,open,2025-12-15
17141,"Le Château Maneki",https://jaimelequebec.org/jmlq_lieu/le-chateau-maneki/,,,,,le-chateau-maneki,publish,1,philgoupil@yahoo.ca,philgoupil@yahoo.ca,,,,default,0,0,0,open,open,2025-12-15
17142,"CAMPING DE LA BATTURE",https://jaimelequebec.org/jmlq_lieu/camping-de-la-batture/,,,,,camping-de-la-batture,publish,1,philgoupil@yahoo.ca,philgoupil@yahoo.ca,,,,default,0,0,0,open,open,2025-12-15
17143,"RÉSIDENCE BERTRAND",https://jaimelequebec.org/jmlq_lieu/residence-bertrand/,,,,,residence-bertrand,publish,1,philgoupil@yahoo.ca,philgoupil@yahoo.ca,,,,default,0,0,0,open,open,2025-12-15
17144,"CHALETS & STUDIOS LE VENT DU NORD",https://jaimelequebec.org/jmlq_lieu/chalets-studios-le-vent-du-nord/,,,,,chalets-studios-le-vent-du-nord,publish,1,philgoupil@yahoo.ca,philgoupil@yahoo.ca,,,,default,0,0,0,open,open,2025-12-15
17145,"CAMPING LEVESQUE",https://jaimelequebec.org/jmlq_lieu/camping-levesque/,,,,,camping-levesque,publish,1,philgoupil@yahoo.ca,philgoupil@yahoo.ca,,,,default,0,0,0,open,open,2025-12-15
17146,"CHALET LAKEHOUSEKRAYA",https://jaimelequebec.org/jmlq_lieu/chalet-lakehousekraya/,,,,,chalet-lakehousekraya,publish,1,philgoupil@yahoo.ca,philgoupil@yahoo.ca,,,,default,0,0,0,open,open,2025-12-15
17147,"AUX MURMURES DE LA CHOUETTE",https://jaimelequebec.org/jmlq_lieu/aux-murmures-de-la-chouette/,,,,,aux-murmures-de-la-chouette,publish,1,philgoupil@yahoo.ca,philgoupil@yahoo.ca,,,,default,0,0,0,open,open,2025-12-15
17148,"AUX JARDINS CHAMPÊTRES",https://jaimelequebec.org/jmlq_lieu/aux-jardins-champetres/,,,,,aux-jardins-champetres,publish,1,philgoupil@yahoo.ca,philgoupil@yahoo.ca,,,,default,0,0,0,open,open,2025-12-15
17149,"AUX HAVRES URBAINS - LE PENTHOUSE DE LA 3E AVENUE",https://jaimelequebec.org/jmlq_lieu/aux-havres-urbains-le-penthouse-de-la-3e-avenue/,,,,,aux-havres-urbains-le-penthouse-de-la-3e-avenue,publish,1,philgoupil@yahoo.ca,philgoupil@yahoo.ca,,,,default,0,0,0,open,open,2025-12-15
17150,"Jardin Nelson Restaurant - Best Terrace in Old Montreal",https://jaimelequebec.org/jmlq_lieu/jardin-nelson-restaurant-best-terrace-in-old-montreal/,,,,,jardin-nelson-restaurant-best-terrace-in-old-montreal,publish,1,philgoupil@yahoo.ca,philgoupil@yahoo.ca,,,,default,0,0,0,open,open,2025-12-15
17151,"DOMAINE ANNIE-SUR-MER",https://jaimelequebec.org/jmlq_lieu/domaine-annie-sur-mer/,,,,,domaine-annie-sur-mer,publish,1,philgoupil@yahoo.ca,philgoupil@yahoo.ca,,,,default,0,0,0,open,open,2025-12-15
17152,"CAMPING EAU GILLIES",https://jaimelequebec.org/jmlq_lieu/camping-eau-gillies/,,,,,camping-eau-gillies,publish,1,philgoupil@yahoo.ca,philgoupil@yahoo.ca,,,,default,0,0,0,open,open,2025-12-15
17153,"Brûlerie Virgin Hill",https://jaimelequebec.org/jmlq_lieu/brulerie-virgin-hill/,,,,,brulerie-virgin-hill,publish,1,philgoupil@yahoo.ca,philgoupil@yahoo.ca,,,,default,0,0,0,open,open,2025-12-15
17154,"CHALET DE L'ANTIQUAIRE",https://jaimelequebec.org/jmlq_lieu/chalet-de-lantiquaire/,,,,,chalet-de-lantiquaire,publish,1,philgoupil@yahoo.ca,philgoupil@yahoo.ca,,,,default,0,0,0,open,open,2025-12-15
17155,"CAMPING LES AMIS DE LA NATURE",https://jaimelequebec.org/jmlq_lieu/camping-les-amis-de-la-nature/,,,,,camping-les-amis-de-la-nature,publish,1,philgoupil@yahoo.ca,philgoupil@yahoo.ca,,,,default,0,0,0,open,open,2025-12-15
17156,"CACHETTE SUR LE LAC",https://jaimelequebec.org/jmlq_lieu/cachette-sur-le-lac/,,,,,cachette-sur-le-lac,publish,1,philgoupil@yahoo.ca,philgoupil@yahoo.ca,,,,default,0,0,0,open,open,2025-12-15
17157,"Boulangerie Merci la vie",https://jaimelequebec.org/jmlq_lieu/boulangerie-merci-la-vie/,,,,,boulangerie-merci-la-vie,publish,1,philgoupil@yahoo.ca,philgoupil@yahoo.ca,,,,default,0,0,0,open,open,2025-12-15
17158,"TERFA - Canyon des Portes de l'Enfer",https://jaimelequebec.org/jmlq_lieu/terfa-canyon-des-portes-de-lenfer/,,,,,terfa-canyon-des-portes-de-lenfer,publish,1,philgoupil@yahoo.ca,philgoupil@yahoo.ca,,,,default,0,0,0,open,open,2025-12-15
17159,"CAMPING BEAU-LIEU",https://jaimelequebec.org/jmlq_lieu/camping-beau-lieu/,,,,,camping-beau-lieu,publish,1,philgoupil@yahoo.ca,philgoupil@yahoo.ca,,,,default,0,0,0,open,open,2025-12-15
17160,"CAMPING BAIE PÉNICOUANE",https://jaimelequebec.org/jmlq_lieu/camping-baie-penicouane/,,,,,camping-baie-penicouane,publish,1,philgoupil@yahoo.ca,philgoupil@yahoo.ca,,,,default,0,0,0,open,open,2025-12-15
17161,"EXP Artisan Brasseur",https://jaimelequebec.org/jmlq_lieu/exp-artisan-brasseur/,,,,,exp-artisan-brasseur,publish,1,philgoupil@yahoo.ca,philgoupil@yahoo.ca,,,,default,0,0,0,open,open,2025-12-15
17162,"AU BORDEAUX",https://jaimelequebec.org/jmlq_lieu/au-bordeaux/,,,,,au-bordeaux,publish,1,philgoupil@yahoo.ca,philgoupil@yahoo.ca,,,,default,0,0,0,open,open,2025-12-15
17163,Hang,https://jaimelequebec.org/jmlq_lieu/hang/,,,,,hang,publish,1,philgoupil@yahoo.ca,philgoupil@yahoo.ca,,,,default,0,0,0,open,open,2025-12-15
17164,"Bistro - Chocolaterie Le Divin Tandem",https://jaimelequebec.org/jmlq_lieu/bistro-chocolaterie-le-divin-tandem/,,,,,bistro-chocolaterie-le-divin-tandem,publish,1,philgoupil@yahoo.ca,philgoupil@yahoo.ca,,,,default,0,0,0,open,open,2025-12-15
17165,"Bistr'eau Pub Péribonka | Restaurant | Péribonka | Bonjour Québec",https://jaimelequebec.org/jmlq_lieu/bistreau-pub-peribonka-restaurant-peribonka-bonjour-quebec/,,,,,bistreau-pub-peribonka-restaurant-peribonka-bonjour-quebec,publish,1,philgoupil@yahoo.ca,philgoupil@yahoo.ca,,,,default,0,0,0,open,open,2025-12-15
17166,"Bistr'eau Pub Péribonka",https://jaimelequebec.org/jmlq_lieu/bistreau-pub-peribonka/,,,,,bistreau-pub-peribonka,publish,1,philgoupil@yahoo.ca,philgoupil@yahoo.ca,,,,default,0,0,0,open,open,2025-12-15
17167,"Bistango | Restaurant de cuisine française et italienne à saveur locale",https://jaimelequebec.org/jmlq_lieu/bistango-restaurant-de-cuisine-francaise-et-italienne-a-saveur-locale/,,,,,bistango-restaurant-de-cuisine-francaise-et-italienne-a-saveur-locale,publish,1,philgoupil@yahoo.ca,philgoupil@yahoo.ca,,,,default,0,0,0,open,open,2025-12-15
17168,"1045 ALLEE DE VERBIER, APP.201",https://jaimelequebec.org/jmlq_lieu/1045-allee-de-verbier-app-201/,,,,,1045-allee-de-verbier-app-201,publish,1,philgoupil@yahoo.ca,philgoupil@yahoo.ca,,,,default,0,0,0,open,open,2025-12-15
17169,"103-610 AU PIED DES PENTES",https://jaimelequebec.org/jmlq_lieu/103-610-au-pied-des-pentes/,,,,,103-610-au-pied-des-pentes,publish,1,philgoupil@yahoo.ca,philgoupil@yahoo.ca,,,,default,0,0,0,open,open,2025-12-15
17170,"CAMPING RÉGIONAL DE MALARTIC",https://jaimelequebec.org/jmlq_lieu/camping-regional-de-malartic/,,,,,camping-regional-de-malartic,publish,1,philgoupil@yahoo.ca,philgoupil@yahoo.ca,,,,default,0,0,0,open,open,2025-12-15
17171,"CAMPING RAFTING MOMENTUM",https://jaimelequebec.org/jmlq_lieu/camping-rafting-momentum/,,,,,camping-rafting-momentum,publish,1,philgoupil@yahoo.ca,philgoupil@yahoo.ca,,,,default,0,0,0,open,open,2025-12-15
17172,"CHALET OASIS 1 - CHALETSETSPA.CA",https://jaimelequebec.org/jmlq_lieu/chalet-oasis-1-chaletsetspa-ca/,,,,,chalet-oasis-1-chaletsetspa-ca,publish,1,philgoupil@yahoo.ca,philgoupil@yahoo.ca,,,,default,0,0,0,open,open,2025-12-15
17173,"La Fabrique de Bagel Montréal (Atrium)",https://jaimelequebec.org/jmlq_lieu/la-fabrique-de-bagel-montreal-atrium/,,,,,la-fabrique-de-bagel-montreal-atrium,publish,1,philgoupil@yahoo.ca,philgoupil@yahoo.ca,,,,default,0,0,0,open,open,2025-12-15
17174,"AU CLOCHARD CÉLESTE",https://jaimelequebec.org/jmlq_lieu/au-clochard-celeste/,,,,,au-clochard-celeste,publish,1,philgoupil@yahoo.ca,philgoupil@yahoo.ca,,,,default,0,0,0,open,open,2025-12-15
17175,"AU CLAIR DE LUNE – 593",https://jaimelequebec.org/jmlq_lieu/au-clair-de-lune-593/,,,,,au-clair-de-lune-593,publish,1,philgoupil@yahoo.ca,philgoupil@yahoo.ca,,,,default,0,0,0,open,open,2025-12-15
17176,"AU CHIC CHALET DES CHUTES",https://jaimelequebec.org/jmlq_lieu/au-chic-chalet-des-chutes/,,,,,au-chic-chalet-des-chutes,publish,1,philgoupil@yahoo.ca,philgoupil@yahoo.ca,,,,default,0,0,0,open,open,2025-12-15
17177,"ESPACE 4 SAISONS",https://jaimelequebec.org/jmlq_lieu/espace-4-saisons/,,,,,espace-4-saisons,publish,1,philgoupil@yahoo.ca,philgoupil@yahoo.ca,,,,default,0,0,0,open,open,2025-12-15
17178,"ESKER NATURE CHALETS ET VILLÉGIATURE",https://jaimelequebec.org/jmlq_lieu/esker-nature-chalets-et-villegiature/,,,,,esker-nature-chalets-et-villegiature,publish,1,philgoupil@yahoo.ca,philgoupil@yahoo.ca,,,,default,0,0,0,open,open,2025-12-15
17179,"Eskamer Aventure",https://jaimelequebec.org/jmlq_lieu/eskamer-aventure/,,,,,eskamer-aventure,publish,1,philgoupil@yahoo.ca,philgoupil@yahoo.ca,,,,default,0,0,0,open,open,2025-12-15
17180,"ESKAL CHARLEVOIX",https://jaimelequebec.org/jmlq_lieu/eskal-charlevoix/,,,,,eskal-charlevoix,publish,1,philgoupil@yahoo.ca,philgoupil@yahoo.ca,,,,default,0,0,0,open,open,2025-12-15
17181,"737 RENDEZ-VOUS",https://jaimelequebec.org/jmlq_lieu/737-rendez-vous/,,,,,737-rendez-vous,publish,1,philgoupil@yahoo.ca,philgoupil@yahoo.ca,,,,default,0,0,0,open,open,2025-12-15
17182,"CENTRE EQUESTRE ROBIDAS",https://jaimelequebec.org/jmlq_lieu/centre-equestre-robidas/,,,,,centre-equestre-robidas,publish,1,philgoupil@yahoo.ca,philgoupil@yahoo.ca,,,,default,0,0,0,open,open,2025-12-15
17183,"CENTRE ÉQUESTRE NATURE",https://jaimelequebec.org/jmlq_lieu/centre-equestre-nature/,,,,,centre-equestre-nature,publish,1,philgoupil@yahoo.ca,philgoupil@yahoo.ca,,,,default,0,0,0,open,open,2025-12-15
17184,"LE WIDOR",https://jaimelequebec.org/jmlq_lieu/le-widor/,,,,,le-widor,publish,1,philgoupil@yahoo.ca,philgoupil@yahoo.ca,,,,default,0,0,0,open,open,2025-12-15
17185,"Aventures Plein Air",https://jaimelequebec.org/jmlq_lieu/aventures-plein-air/,,,,,aventures-plein-air,publish,1,philgoupil@yahoo.ca,philgoupil@yahoo.ca,,,,default,0,0,0,open,open,2025-12-15
17186,"AVENTURES JACK HUME",https://jaimelequebec.org/jmlq_lieu/aventures-jack-hume/,,,,,aventures-jack-hume,publish,1,philgoupil@yahoo.ca,philgoupil@yahoo.ca,,,,default,0,0,0,open,open,2025-12-15
17187,"Aventures H2O",https://jaimelequebec.org/jmlq_lieu/aventures-h2o/,,,,,aventures-h2o,publish,1,philgoupil@yahoo.ca,philgoupil@yahoo.ca,,,,default,0,0,0,open,open,2025-12-15
17188,"Aventure Rose-des-Vents | Sport d'aventure et de plein-air | Sainte-Rose-du-Nord | Bonjour Québec",https://jaimelequebec.org/jmlq_lieu/aventure-rose-des-vents-sport-daventure-et-de-plein-air-sainte-rose-du-nord-bonjour-quebec/,,,,,aventure-rose-des-vents-sport-daventure-et-de-plein-air-sainte-rose-du-nord-bonjour-quebec,publish,1,philgoupil@yahoo.ca,philgoupil@yahoo.ca,,,,default,0,0,0,open,open,2025-12-15
17189,"Aventure Rose-des-Vents",https://jaimelequebec.org/jmlq_lieu/aventure-rose-des-vents/,,,,,aventure-rose-des-vents,publish,1,philgoupil@yahoo.ca,philgoupil@yahoo.ca,,,,default,0,0,0,open,open,2025-12-15
17190,"AVENTURE ROSE DES VENTS",https://jaimelequebec.org/jmlq_lieu/aventure-rose-des-vents-2/,,,,,aventure-rose-des-vents-2,publish,1,philgoupil@yahoo.ca,philgoupil@yahoo.ca,,,,default,0,0,0,open,open,2025-12-15
17191,"AVENTURE RIVIÈRE SAUVAGE",https://jaimelequebec.org/jmlq_lieu/aventure-riviere-sauvage/,,,,,aventure-riviere-sauvage,publish,1,philgoupil@yahoo.ca,philgoupil@yahoo.ca,,,,default,0,0,0,open,open,2025-12-15
17192,"Aventure Quatre Saisons",https://jaimelequebec.org/jmlq_lieu/aventure-quatre-saisons/,,,,,aventure-quatre-saisons,publish,1,philgoupil@yahoo.ca,philgoupil@yahoo.ca,,,,default,0,0,0,open,open,2025-12-15
17193,"AVENTURE PLUME BLANCHE",https://jaimelequebec.org/jmlq_lieu/aventure-plume-blanche/,,,,,aventure-plume-blanche,publish,1,philgoupil@yahoo.ca,philgoupil@yahoo.ca,,,,default,0,0,0,open,open,2025-12-15
17194,"Aventure Pattes blanches",https://jaimelequebec.org/jmlq_lieu/aventure-pattes-blanches/,,,,,aventure-pattes-blanches,publish,1,philgoupil@yahoo.ca,philgoupil@yahoo.ca,,,,default,0,0,0,open,open,2025-12-15
17195,"AVENTURE NATURE OKANE",https://jaimelequebec.org/jmlq_lieu/aventure-nature-okane/,,,,,aventure-nature-okane,publish,1,philgoupil@yahoo.ca,philgoupil@yahoo.ca,,,,default,0,0,0,open,open,2025-12-15
17196,"Aventure Mille-Îles",https://jaimelequebec.org/jmlq_lieu/aventure-mille-iles/,,,,,aventure-mille-iles,publish,1,philgoupil@yahoo.ca,philgoupil@yahoo.ca,,,,default,0,0,0,open,open,2025-12-15
17197,"Aventure Mekoos",https://jaimelequebec.org/jmlq_lieu/aventure-mekoos/,,,,,aventure-mekoos,publish,1,philgoupil@yahoo.ca,philgoupil@yahoo.ca,,,,default,0,0,0,open,open,2025-12-15
17198,"Aventure Lac-Saint-Jean",https://jaimelequebec.org/jmlq_lieu/aventure-lac-saint-jean/,,,,,aventure-lac-saint-jean,publish,1,philgoupil@yahoo.ca,philgoupil@yahoo.ca,,,,default,0,0,0,open,open,2025-12-15
17199,"Aventure Hélianthe",https://jaimelequebec.org/jmlq_lieu/aventure-helianthe/,,,,,aventure-helianthe,publish,1,philgoupil@yahoo.ca,philgoupil@yahoo.ca,,,,default,0,0,0,open,open,2025-12-15
17200,"AVENTURE ÉVASION ESTRIE",https://jaimelequebec.org/jmlq_lieu/aventure-evasion-estrie/,,,,,aventure-evasion-estrie,publish,1,philgoupil@yahoo.ca,philgoupil@yahoo.ca,,,,default,0,0,0,open,open,2025-12-15
17201,"Aventure corporative canadienne",https://jaimelequebec.org/jmlq_lieu/aventure-corporative-canadienne/,,,,,aventure-corporative-canadienne,publish,1,philgoupil@yahoo.ca,philgoupil@yahoo.ca,,,,default,0,0,0,open,open,2025-12-15
17202,"AVENTURAID, BASE ÉCOAVENTURE 4 SAISONS",https://jaimelequebec.org/jmlq_lieu/aventuraid-base-ecoaventure-4-saisons/,,,,,aventuraid-base-ecoaventure-4-saisons,publish,1,philgoupil@yahoo.ca,philgoupil@yahoo.ca,,,,default,0,0,0,open,open,2025-12-15
17203,Aventuraid,https://jaimelequebec.org/jmlq_lieu/aventuraid/,,,,,aventuraid,publish,1,philgoupil@yahoo.ca,philgoupil@yahoo.ca,,,,default,0,0,0,open,open,2025-12-15
17204,"Avalanche Culture Plein Air / Ski alpin et planche à neige",https://jaimelequebec.org/jmlq_lieu/avalanche-culture-plein-air-ski-alpin-et-planche-a-neige/,,,,,avalanche-culture-plein-air-ski-alpin-et-planche-a-neige,publish,1,philgoupil@yahoo.ca,philgoupil@yahoo.ca,,,,default,0,0,0,open,open,2025-12-15
17205,"CAMPING PLAGE KIRKLAND",https://jaimelequebec.org/jmlq_lieu/camping-plage-kirkland/,,,,,camping-plage-kirkland,publish,1,philgoupil@yahoo.ca,philgoupil@yahoo.ca,,,,default,0,0,0,open,open,2025-12-15
17206,"CAMPING PLAGE DES SABLES",https://jaimelequebec.org/jmlq_lieu/camping-plage-des-sables/,,,,,camping-plage-des-sables,publish,1,philgoupil@yahoo.ca,philgoupil@yahoo.ca,,,,default,0,0,0,open,open,2025-12-15
17207,"HÔTEL QUÉBEC INN",https://jaimelequebec.org/jmlq_lieu/hotel-quebec-inn/,,,,,hotel-quebec-inn,publish,1,philgoupil@yahoo.ca,philgoupil@yahoo.ca,,,,default,0,0,0,open,open,2025-12-15
17208,"Amerispa Spa Nordique Morin-Heights",https://jaimelequebec.org/jmlq_lieu/amerispa-spa-nordique-morin-heights/,,,,,amerispa-spa-nordique-morin-heights,publish,1,philgoupil@yahoo.ca,philgoupil@yahoo.ca,,,,default,0,0,0,open,open,2025-12-15
17209,"CAMP URBAIN INC.",https://jaimelequebec.org/jmlq_lieu/camp-urbain-inc/,,,,,camp-urbain-inc,publish,1,philgoupil@yahoo.ca,philgoupil@yahoo.ca,,,,default,0,0,0,open,open,2025-12-15
17210,"CAMPING LA RIVIÈRE DU PASSANT",https://jaimelequebec.org/jmlq_lieu/camping-la-riviere-du-passant/,,,,,camping-la-riviere-du-passant,publish,1,philgoupil@yahoo.ca,philgoupil@yahoo.ca,,,,default,0,0,0,open,open,2025-12-15
17211,"ÉTANG BOISVERT",https://jaimelequebec.org/jmlq_lieu/etang-boisvert/,,,,,etang-boisvert,publish,1,philgoupil@yahoo.ca,philgoupil@yahoo.ca,,,,default,0,0,0,open,open,2025-12-15
17212,KOM,https://jaimelequebec.org/jmlq_lieu/kom/,,,,,kom,publish,1,philgoupil@yahoo.ca,philgoupil@yahoo.ca,,,,default,0,0,0,open,open,2025-12-15
17213,"Fat bike - Forêt Ô Cascades",https://jaimelequebec.org/jmlq_lieu/fat-bike-foret-o-cascades/,,"Sports et loisirs",,,fat-bike-foret-o-cascades,publish,1,philgoupil@yahoo.ca,philgoupil@yahoo.ca,,,,default,0,0,0,closed,closed,2025-12-15
17214,"CAMP MUSICAL SAINT-ALEXANDRE",https://jaimelequebec.org/jmlq_lieu/camp-musical-saint-alexandre/,,,,,camp-musical-saint-alexandre,publish,1,philgoupil@yahoo.ca,philgoupil@yahoo.ca,,,,default,0,0,0,open,open,2025-12-15
17215,"Jeux d'eau",https://jaimelequebec.org/jmlq_lieu/jeux-deau/,,,,,jeux-deau,publish,1,philgoupil@yahoo.ca,philgoupil@yahoo.ca,,,,default,0,0,0,open,open,2025-12-15
17216,"ALPIN 8 - LES CHALETS ALPINS",https://jaimelequebec.org/jmlq_lieu/alpin-8-les-chalets-alpins/,,,,,alpin-8-les-chalets-alpins,publish,1,philgoupil@yahoo.ca,philgoupil@yahoo.ca,,,,default,0,0,0,open,open,2025-12-15
17217,"ALPIN 5 - LES CHALETS ALPINS",https://jaimelequebec.org/jmlq_lieu/alpin-5-les-chalets-alpins/,,,,,alpin-5-les-chalets-alpins,publish,1,philgoupil@yahoo.ca,philgoupil@yahoo.ca,,,,default,0,0,0,open,open,2025-12-15
17218,"Festival Parasol | Festival | Gatineau | Bonjour Québec",https://jaimelequebec.org/jmlq_lieu/festival-parasol-festival-gatineau-bonjour-quebec/,,,,,festival-parasol-festival-gatineau-bonjour-quebec,publish,1,philgoupil@yahoo.ca,philgoupil@yahoo.ca,,,,default,0,0,0,open,open,2025-12-15
17219,"FESTIVAL DU GROS GRAS",https://jaimelequebec.org/jmlq_lieu/festival-du-gros-gras/,,,,,festival-du-gros-gras,publish,1,philgoupil@yahoo.ca,philgoupil@yahoo.ca,,,,default,0,0,0,open,open,2025-12-15
17220,"CAMPING DU LAC BLANC",https://jaimelequebec.org/jmlq_lieu/camping-du-lac-blanc/,,,,,camping-du-lac-blanc,publish,1,philgoupil@yahoo.ca,philgoupil@yahoo.ca,,,,default,0,0,0,open,open,2025-12-15
17221,"CAMPING DU LAC BLAIS",https://jaimelequebec.org/jmlq_lieu/camping-du-lac-blais/,,,,,camping-du-lac-blais,publish,1,philgoupil@yahoo.ca,philgoupil@yahoo.ca,,,,default,0,0,0,open,open,2025-12-15
17222,"CAMPING DU LAC CROCHE",https://jaimelequebec.org/jmlq_lieu/camping-du-lac-croche/,,,,,camping-du-lac-croche,publish,1,philgoupil@yahoo.ca,philgoupil@yahoo.ca,,,,default,0,0,0,open,open,2025-12-15
17223,"CAMPING DU DOMAINE DU LAC PARÉ",https://jaimelequebec.org/jmlq_lieu/camping-du-domaine-du-lac-pare/,,,,,camping-du-domaine-du-lac-pare,publish,1,philgoupil@yahoo.ca,philgoupil@yahoo.ca,,,,default,0,0,0,open,open,2025-12-15
17224,"Boréal Univers Gourmand",https://jaimelequebec.org/jmlq_lieu/boreal-univers-gourmand/,,,,,boreal-univers-gourmand,publish,1,philgoupil@yahoo.ca,philgoupil@yahoo.ca,,,,default,0,0,0,open,open,2025-12-15
17225,"Chez Rioux & Pettigrew",https://jaimelequebec.org/jmlq_lieu/chez-rioux-pettigrew/,,,,,chez-rioux-pettigrew,publish,1,philgoupil@yahoo.ca,philgoupil@yahoo.ca,,,,default,0,0,0,open,open,2025-12-15
17226,"CHALET BRUNANTE",https://jaimelequebec.org/jmlq_lieu/chalet-brunante/,,,,,chalet-brunante,publish,1,philgoupil@yahoo.ca,philgoupil@yahoo.ca,,,,default,0,0,0,open,open,2025-12-15
17227,"CHALET CHAPERON ROUGE",https://jaimelequebec.org/jmlq_lieu/chalet-chaperon-rouge/,,,,,chalet-chaperon-rouge,publish,1,philgoupil@yahoo.ca,philgoupil@yahoo.ca,,,,default,0,0,0,open,open,2025-12-15
17228,"CAMPING GRÉGOIRE",https://jaimelequebec.org/jmlq_lieu/camping-gregoire/,,,,,camping-gregoire,publish,1,philgoupil@yahoo.ca,philgoupil@yahoo.ca,,,,default,0,0,0,open,open,2025-12-15
17229,"Le Parcours d'hébertisme aérien du Domaine Vert (Mirabel)",https://jaimelequebec.org/jmlq_lieu/le-parcours-dhebertisme-aerien-du-domaine-vert-mirabel/,,,,,le-parcours-dhebertisme-aerien-du-domaine-vert-mirabel,publish,1,philgoupil@yahoo.ca,philgoupil@yahoo.ca,,,,default,0,0,0,open,open,2025-12-15
17230,"CHALET EAU BERGE",https://jaimelequebec.org/jmlq_lieu/chalet-eau-berge/,,,,,chalet-eau-berge,publish,1,philgoupil@yahoo.ca,philgoupil@yahoo.ca,,,,default,0,0,0,open,open,2025-12-15
17231,"CHALET DU VALLON",https://jaimelequebec.org/jmlq_lieu/chalet-du-vallon/,,,,,chalet-du-vallon,publish,1,philgoupil@yahoo.ca,philgoupil@yahoo.ca,,,,default,0,0,0,open,open,2025-12-15
17232,"PLATEAU 228-3 - TREMBLANT PRESTIGE",https://jaimelequebec.org/jmlq_lieu/plateau-228-3-tremblant-prestige/,,,,,plateau-228-3-tremblant-prestige,publish,1,philgoupil@yahoo.ca,philgoupil@yahoo.ca,,,,default,0,0,0,open,open,2025-12-15
17233,"Normandin (Sainte-Julie)",https://jaimelequebec.org/jmlq_lieu/normandin-sainte-julie/,,,,,normandin-sainte-julie,publish,1,philgoupil@yahoo.ca,philgoupil@yahoo.ca,,,,default,0,0,0,open,open,2025-12-15
17234,"CHALET NORDIQUE",https://jaimelequebec.org/jmlq_lieu/chalet-nordique/,,,,,chalet-nordique,publish,1,philgoupil@yahoo.ca,philgoupil@yahoo.ca,,,,default,0,0,0,open,open,2025-12-15
17235,BOHEM,https://jaimelequebec.org/jmlq_lieu/bohem/,,,,,bohem,publish,1,philgoupil@yahoo.ca,philgoupil@yahoo.ca,,,,default,0,0,0,open,open,2025-12-15
17236,"TRAVELODGE ST-LIBOIRE",https://jaimelequebec.org/jmlq_lieu/travelodge-st-liboire/,,,,,travelodge-st-liboire,publish,1,philgoupil@yahoo.ca,philgoupil@yahoo.ca,,,,default,0,0,0,open,open,2025-12-15
17237,"LE MANOIR BELLE PLAGE",https://jaimelequebec.org/jmlq_lieu/le-manoir-belle-plage/,,,,,le-manoir-belle-plage,publish,1,philgoupil@yahoo.ca,philgoupil@yahoo.ca,,,,default,0,0,0,open,open,2025-12-15
17238,"Accueil - Pizzeria du Boulevard",https://jaimelequebec.org/jmlq_lieu/accueil-pizzeria-du-boulevard/,,,,,accueil-pizzeria-du-boulevard,publish,1,philgoupil@yahoo.ca,philgoupil@yahoo.ca,,,,default,0,0,0,open,open,2025-12-15
17239,"CHALET 13: LE GRANNY SMITH / CHALET 15: LE PAULARED",https://jaimelequebec.org/jmlq_lieu/chalet-13-le-granny-smith-chalet-15-le-paulared/,,,,,chalet-13-le-granny-smith-chalet-15-le-paulared,publish,1,philgoupil@yahoo.ca,philgoupil@yahoo.ca,,,,default,0,0,0,open,open,2025-12-15
17240,"Brasserie Dunham Table Fermière",https://jaimelequebec.org/jmlq_lieu/brasserie-dunham-table-fermiere/,,,,,brasserie-dunham-table-fermiere,publish,1,philgoupil@yahoo.ca,philgoupil@yahoo.ca,,,,default,0,0,0,open,open,2025-12-15
17241,"LES LUCARNES DU VERSANT",https://jaimelequebec.org/jmlq_lieu/les-lucarnes-du-versant/,,,,,les-lucarnes-du-versant,publish,1,philgoupil@yahoo.ca,philgoupil@yahoo.ca,,,,default,0,0,0,open,open,2025-12-15
17242,"Épi, buvette de quartier",https://jaimelequebec.org/jmlq_lieu/epi-buvette-de-quartier/,,,,,epi-buvette-de-quartier,publish,1,philgoupil@yahoo.ca,philgoupil@yahoo.ca,,,,default,0,0,0,open,open,2025-12-15
17243,"ENVOLÉE - AU CHALET EN BOIS ROND",https://jaimelequebec.org/jmlq_lieu/envolee-au-chalet-en-bois-rond/,,,,,envolee-au-chalet-en-bois-rond,publish,1,philgoupil@yahoo.ca,philgoupil@yahoo.ca,,,,default,0,0,0,open,open,2025-12-15
17244,"CONDO-TERRASSE ATATEKEN",https://jaimelequebec.org/jmlq_lieu/condo-terrasse-atateken/,,,,,condo-terrasse-atateken,publish,1,philgoupil@yahoo.ca,philgoupil@yahoo.ca,,,,default,0,0,0,open,open,2025-12-15
17245,Coteau,https://jaimelequebec.org/jmlq_lieu/coteau/,,,,,coteau,publish,1,philgoupil@yahoo.ca,philgoupil@yahoo.ca,,,,default,0,0,0,open,open,2025-12-15
17246,"EDM 1510-22 - TREMBLANT PRESTIGE",https://jaimelequebec.org/jmlq_lieu/edm-1510-22-tremblant-prestige/,,,,,edm-1510-22-tremblant-prestige,publish,1,philgoupil@yahoo.ca,philgoupil@yahoo.ca,,,,default,0,0,0,open,open,2025-12-15
17247,"Canyon Escalade",https://jaimelequebec.org/jmlq_lieu/canyon-escalade/,,,,,canyon-escalade,publish,1,philgoupil@yahoo.ca,philgoupil@yahoo.ca,,,,default,0,0,0,open,open,2025-12-15
17248,"MANOIR CHAMBERLAND",https://jaimelequebec.org/jmlq_lieu/manoir-chamberland/,,,,,manoir-chamberland,publish,1,philgoupil@yahoo.ca,philgoupil@yahoo.ca,,,,default,0,0,0,open,open,2025-12-15
17249,"DUHAMEL CAMPING & CHALETS",https://jaimelequebec.org/jmlq_lieu/duhamel-camping-chalets/,,,,,duhamel-camping-chalets,publish,1,philgoupil@yahoo.ca,philgoupil@yahoo.ca,,,,default,0,0,0,open,open,2025-12-15
17250,"LES NIDS DES MONTS-VALIN - PHASE 1",https://jaimelequebec.org/jmlq_lieu/les-nids-des-monts-valin-phase-1/,,,,,les-nids-des-monts-valin-phase-1,publish,1,philgoupil@yahoo.ca,philgoupil@yahoo.ca,,,,default,0,0,0,open,open,2025-12-15
17251,"ÖBOIS CHARLEVOIX",https://jaimelequebec.org/jmlq_lieu/obois-charlevoix/,,,,,obois-charlevoix,publish,1,philgoupil@yahoo.ca,philgoupil@yahoo.ca,,,,default,0,0,0,open,open,2025-12-15
17252,"Corporation Nibiischii - Réserve faunique des lacs Albanel-Mistassini-Waconichi",https://jaimelequebec.org/jmlq_lieu/corporation-nibiischii-reserve-faunique-des-lacs-albanel-mistassini-waconichi/,,,,,corporation-nibiischii-reserve-faunique-des-lacs-albanel-mistassini-waconichi,publish,1,philgoupil@yahoo.ca,philgoupil@yahoo.ca,,,,default,0,0,0,open,open,2025-12-15
17253,"BEL-AIR TREMBLANT",https://jaimelequebec.org/jmlq_lieu/bel-air-tremblant/,,,,,bel-air-tremblant,publish,1,philgoupil@yahoo.ca,philgoupil@yahoo.ca,,,,default,0,0,0,open,open,2025-12-15
17254,"MANOIR DE BLOIS",https://jaimelequebec.org/jmlq_lieu/manoir-de-blois/,,,,,manoir-de-blois,publish,1,philgoupil@yahoo.ca,philgoupil@yahoo.ca,,,,default,0,0,0,open,open,2025-12-15
17255,"HÔTEL ACADIA",https://jaimelequebec.org/jmlq_lieu/hotel-acadia/,,,,,hotel-acadia,publish,1,philgoupil@yahoo.ca,philgoupil@yahoo.ca,,,,default,0,0,0,open,open,2025-12-15
17256,"HÔTEL 2170 LINCOLN",https://jaimelequebec.org/jmlq_lieu/hotel-2170-lincoln/,,,,,hotel-2170-lincoln,publish,1,philgoupil@yahoo.ca,philgoupil@yahoo.ca,,,,default,0,0,0,open,open,2025-12-15
17257,"OBERGEINN VAL-DAVID",https://jaimelequebec.org/jmlq_lieu/obergeinn-val-david/,,,,,obergeinn-val-david,publish,1,philgoupil@yahoo.ca,philgoupil@yahoo.ca,,,,default,0,0,0,open,open,2025-12-15
17258,"HÔTEL-MOTEL ST-RÉGIS",https://jaimelequebec.org/jmlq_lieu/hotel-motel-st-regis/,,,,,hotel-motel-st-regis,publish,1,philgoupil@yahoo.ca,philgoupil@yahoo.ca,,,,default,0,0,0,open,open,2025-12-15
17259,"LITTORAL - HÔTEL & SPA",https://jaimelequebec.org/jmlq_lieu/littoral-hotel-spa/,,,,,littoral-hotel-spa,publish,1,philgoupil@yahoo.ca,philgoupil@yahoo.ca,,,,default,0,0,0,open,open,2025-12-15
17260,"Perché Gourmand",https://jaimelequebec.org/jmlq_lieu/perche-gourmand/,,,,,perche-gourmand,publish,1,philgoupil@yahoo.ca,philgoupil@yahoo.ca,,,,default,0,0,0,open,open,2025-12-15
17261,"BFLY Brossard",https://jaimelequebec.org/jmlq_lieu/bfly-brossard/,,,,,bfly-brossard,publish,1,philgoupil@yahoo.ca,philgoupil@yahoo.ca,,,,default,0,0,0,open,open,2025-12-15
17262,"LE CHALET DU MONARQUE",https://jaimelequebec.org/jmlq_lieu/le-chalet-du-monarque/,,,,,le-chalet-du-monarque,publish,1,philgoupil@yahoo.ca,philgoupil@yahoo.ca,,,,default,0,0,0,open,open,2025-12-15
17263,"Restaurant bar le Kube",https://jaimelequebec.org/jmlq_lieu/restaurant-bar-le-kube/,,,,,restaurant-bar-le-kube,publish,1,philgoupil@yahoo.ca,philgoupil@yahoo.ca,,,,default,0,0,0,open,open,2025-12-15
17264,"Bottega Pizzeria (Laval)",https://jaimelequebec.org/jmlq_lieu/bottega-pizzeria-laval/,,,,,bottega-pizzeria-laval,publish,1,philgoupil@yahoo.ca,philgoupil@yahoo.ca,,,,default,0,0,0,open,open,2025-12-15
17265,"ELYSIUM @ ALTITUDE 168-2",https://jaimelequebec.org/jmlq_lieu/elysium-altitude-168-2/,,,,,elysium-altitude-168-2,publish,1,philgoupil@yahoo.ca,philgoupil@yahoo.ca,,,,default,0,0,0,open,open,2025-12-15
17266,"LE MANOIR DES FORGES",https://jaimelequebec.org/jmlq_lieu/le-manoir-des-forges/,,,,,le-manoir-des-forges,publish,1,philgoupil@yahoo.ca,philgoupil@yahoo.ca,,,,default,0,0,0,open,open,2025-12-15
17267,"MANOIR D'ORSENNENS",https://jaimelequebec.org/jmlq_lieu/manoir-dorsennens/,,,,,manoir-dorsennens,publish,1,philgoupil@yahoo.ca,philgoupil@yahoo.ca,,,,default,0,0,0,open,open,2025-12-15
17268,"Broue Shop Brasserie Artisanale",https://jaimelequebec.org/jmlq_lieu/broue-shop-brasserie-artisanale/,,,,,broue-shop-brasserie-artisanale,publish,1,philgoupil@yahoo.ca,philgoupil@yahoo.ca,,,,default,0,0,0,open,open,2025-12-15
17269,"AU GOGLU DES PRÉS",https://jaimelequebec.org/jmlq_lieu/au-goglu-des-pres/,,,,,au-goglu-des-pres,publish,1,philgoupil@yahoo.ca,philgoupil@yahoo.ca,,,,default,0,0,0,open,open,2025-12-15
17270,"Station touristique Baie-des-Sables / Ski alpin",https://jaimelequebec.org/jmlq_lieu/station-touristique-baie-des-sables-ski-alpin/,,,,,station-touristique-baie-des-sables-ski-alpin,publish,1,philgoupil@yahoo.ca,philgoupil@yahoo.ca,,,,default,0,0,0,open,open,2025-12-15
17271,Pavillon,https://jaimelequebec.org/jmlq_lieu/pavillon/,,,,,pavillon,publish,1,philgoupil@yahoo.ca,philgoupil@yahoo.ca,,,,default,0,0,0,open,open,2025-12-15
17272,"Best Diner in Montreal | American-inspired Food | Deville",https://jaimelequebec.org/jmlq_lieu/best-diner-in-montreal-american-inspired-food-deville/,,,,,best-diner-in-montreal-american-inspired-food-deville,publish,1,philgoupil@yahoo.ca,philgoupil@yahoo.ca,,,,default,0,0,0,open,open,2025-12-15
17273,"MAISON DU FORT",https://jaimelequebec.org/jmlq_lieu/maison-du-fort/,,,,,maison-du-fort,publish,1,philgoupil@yahoo.ca,philgoupil@yahoo.ca,,,,default,0,0,0,open,open,2025-12-15
17274,"Côté Est",https://jaimelequebec.org/jmlq_lieu/cote-est/,,,,,cote-est,publish,1,philgoupil@yahoo.ca,philgoupil@yahoo.ca,,,,default,0,0,0,open,open,2025-12-15
17275,"LA ROSE DES VENTS",https://jaimelequebec.org/jmlq_lieu/la-rose-des-vents/,,,,,la-rose-des-vents,publish,1,philgoupil@yahoo.ca,philgoupil@yahoo.ca,,,,default,0,0,0,open,open,2025-12-15
17276,"MONT RADAR",https://jaimelequebec.org/jmlq_lieu/mont-radar/,,,,,mont-radar,publish,1,philgoupil@yahoo.ca,philgoupil@yahoo.ca,,,,default,0,0,0,open,open,2025-12-15
17277,"CAMPING À LA PLAGE BERNARD",https://jaimelequebec.org/jmlq_lieu/camping-a-la-plage-bernard/,,,,,camping-a-la-plage-bernard,publish,1,philgoupil@yahoo.ca,philgoupil@yahoo.ca,,,,default,0,0,0,open,open,2025-12-15
17278,"ELYSIUM @ BOISÉS 154-7",https://jaimelequebec.org/jmlq_lieu/elysium-boises-154-7/,,,,,elysium-boises-154-7,publish,1,philgoupil@yahoo.ca,philgoupil@yahoo.ca,,,,default,0,0,0,open,open,2025-12-15
17279,"282 ISAAC - LE REFUGE COZY COUNTRY PLACE",https://jaimelequebec.org/jmlq_lieu/282-isaac-le-refuge-cozy-country-place/,,,,,282-isaac-le-refuge-cozy-country-place,publish,1,philgoupil@yahoo.ca,philgoupil@yahoo.ca,,,,default,0,0,0,open,open,2025-12-15
17280,"Ben & Florentine (Centre-ville)",https://jaimelequebec.org/jmlq_lieu/ben-florentine-centre-ville/,,,,,ben-florentine-centre-ville,publish,1,philgoupil@yahoo.ca,philgoupil@yahoo.ca,,,,default,0,0,0,open,open,2025-12-15
17281,"HOTEL LE MUST",https://jaimelequebec.org/jmlq_lieu/hotel-le-must/,,,,,hotel-le-must,publish,1,philgoupil@yahoo.ca,philgoupil@yahoo.ca,,,,default,0,0,0,open,open,2025-12-15
17282,"CONDO VILLAGE MONT-TREMBLANT",https://jaimelequebec.org/jmlq_lieu/condo-village-mont-tremblant/,,,,,condo-village-mont-tremblant,publish,1,philgoupil@yahoo.ca,philgoupil@yahoo.ca,,,,default,0,0,0,open,open,2025-12-15
17283,"LE CHALET DU GRAND HÉRON",https://jaimelequebec.org/jmlq_lieu/le-chalet-du-grand-heron/,,,,,le-chalet-du-grand-heron,publish,1,philgoupil@yahoo.ca,philgoupil@yahoo.ca,,,,default,0,0,0,open,open,2025-12-15
17284,"HOTEL MANOIR MORGAN",https://jaimelequebec.org/jmlq_lieu/hotel-manoir-morgan/,,,,,hotel-manoir-morgan,publish,1,philgoupil@yahoo.ca,philgoupil@yahoo.ca,,,,default,0,0,0,open,open,2025-12-15
17285,"HÔTEL MANOIR D'YOUVILLE",https://jaimelequebec.org/jmlq_lieu/hotel-manoir-dyouville/,,,,,hotel-manoir-dyouville,publish,1,philgoupil@yahoo.ca,philgoupil@yahoo.ca,,,,default,0,0,0,open,open,2025-12-15
17286,"La route bleue",https://jaimelequebec.org/jmlq_lieu/la-route-bleue/,,,,,la-route-bleue,publish,1,philgoupil@yahoo.ca,philgoupil@yahoo.ca,,,,default,0,0,0,open,open,2025-12-15
17287,"BEL-AIR TREMBLANT ANDORRA",https://jaimelequebec.org/jmlq_lieu/bel-air-tremblant-andorra/,,,,,bel-air-tremblant-andorra,publish,1,philgoupil@yahoo.ca,philgoupil@yahoo.ca,,,,default,0,0,0,open,open,2025-12-15
17288,"Crèmerie Aux P'tites Gâteries",https://jaimelequebec.org/jmlq_lieu/cremerie-aux-ptites-gateries/,,,,,cremerie-aux-ptites-gateries,publish,1,philgoupil@yahoo.ca,philgoupil@yahoo.ca,,,,default,0,0,0,open,open,2025-12-15
17289,"CHALETS MONTMORENCY DU MONT-SAINTE-ANNE - 26 CAP TOURMENTE",https://jaimelequebec.org/jmlq_lieu/chalets-montmorency-du-mont-sainte-anne-26-cap-tourmente/,,,,,chalets-montmorency-du-mont-sainte-anne-26-cap-tourmente,publish,1,philgoupil@yahoo.ca,philgoupil@yahoo.ca,,,,default,0,0,0,open,open,2025-12-15
17290,"Canot à glace expérience - Initiation au canot à glace à Québec",https://jaimelequebec.org/jmlq_lieu/canot-a-glace-experience-initiation-au-canot-a-glace-a-quebec/,,,,,canot-a-glace-experience-initiation-au-canot-a-glace-a-quebec,publish,1,philgoupil@yahoo.ca,philgoupil@yahoo.ca,,,,default,0,0,0,open,open,2025-12-15
17291,"ILE DE GARDE",https://jaimelequebec.org/jmlq_lieu/ile-de-garde/,,,,,ile-de-garde,publish,1,philgoupil@yahoo.ca,philgoupil@yahoo.ca,,,,default,0,0,0,open,open,2025-12-15
17292,"Jukebox Burgers & Bar laitier",https://jaimelequebec.org/jmlq_lieu/jukebox-burgers-bar-laitier/,,,,,jukebox-burgers-bar-laitier,publish,1,philgoupil@yahoo.ca,philgoupil@yahoo.ca,,,,default,0,0,0,open,open,2025-12-15
17293,"CHALET MONTANA",https://jaimelequebec.org/jmlq_lieu/chalet-montana/,,,,,chalet-montana,publish,1,philgoupil@yahoo.ca,philgoupil@yahoo.ca,,,,default,0,0,0,open,open,2025-12-15
17294,"BALBUZARD - AU CHALET EN BOIS ROND",https://jaimelequebec.org/jmlq_lieu/balbuzard-au-chalet-en-bois-rond/,,,,,balbuzard-au-chalet-en-bois-rond,publish,1,philgoupil@yahoo.ca,philgoupil@yahoo.ca,,,,default,0,0,0,open,open,2025-12-15
17295,"Aventures Archipel",https://jaimelequebec.org/jmlq_lieu/aventures-archipel/,,,,,aventures-archipel,publish,1,philgoupil@yahoo.ca,philgoupil@yahoo.ca,,,,default,0,0,0,open,open,2025-12-15
17296,"LES LOGES, RESSOURCEMENT THERMAL EN FORÊT",https://jaimelequebec.org/jmlq_lieu/les-loges-ressourcement-thermal-en-foret/,,,,,les-loges-ressourcement-thermal-en-foret,publish,1,philgoupil@yahoo.ca,philgoupil@yahoo.ca,,,,default,0,0,0,open,open,2025-12-15
17297,"Plage municipale de Brébeuf",https://jaimelequebec.org/jmlq_lieu/plage-municipale-de-brebeuf/,,,,,plage-municipale-de-brebeuf,publish,1,philgoupil@yahoo.ca,philgoupil@yahoo.ca,,,,default,0,0,0,open,open,2025-12-15
17298,"Mont Lac-Vert / Glissade sur neige",https://jaimelequebec.org/jmlq_lieu/mont-lac-vert-glissade-sur-neige/,,,,,mont-lac-vert-glissade-sur-neige,publish,1,philgoupil@yahoo.ca,philgoupil@yahoo.ca,,,,default,0,0,0,open,open,2025-12-15
17299,"BLANC 22",https://jaimelequebec.org/jmlq_lieu/blanc-22/,,,,,blanc-22,publish,1,philgoupil@yahoo.ca,philgoupil@yahoo.ca,,,,default,0,0,0,open,open,2025-12-15
17300,"BLANC 19 - LES CHALETS ALPINS",https://jaimelequebec.org/jmlq_lieu/blanc-19-les-chalets-alpins/,,,,,blanc-19-les-chalets-alpins,publish,1,philgoupil@yahoo.ca,philgoupil@yahoo.ca,,,,default,0,0,0,open,open,2025-12-15
17301,"Hippodrome 3R",https://jaimelequebec.org/jmlq_lieu/hippodrome-3r/,,,,,hippodrome-3r,publish,1,philgoupil@yahoo.ca,philgoupil@yahoo.ca,,,,default,0,0,0,open,open,2025-12-15
17302,"Éco-Parc des Etchemins",https://jaimelequebec.org/jmlq_lieu/eco-parc-des-etchemins/,,,,,eco-parc-des-etchemins,publish,1,philgoupil@yahoo.ca,philgoupil@yahoo.ca,,,,default,0,0,0,open,open,2025-12-15
17303,"Jardin Scullion",https://jaimelequebec.org/jmlq_lieu/jardin-scullion/,,,,,jardin-scullion,publish,1,philgoupil@yahoo.ca,philgoupil@yahoo.ca,,,,default,0,0,0,open,open,2025-12-15
17304,"Forillon National Park",https://jaimelequebec.org/jmlq_lieu/forillon-national-park/,,,,,forillon-national-park,publish,1,philgoupil@yahoo.ca,philgoupil@yahoo.ca,,,,default,0,0,0,open,open,2025-12-15
17305,"MANGATA 3",https://jaimelequebec.org/jmlq_lieu/mangata-3/,,,,,mangata-3,publish,1,philgoupil@yahoo.ca,philgoupil@yahoo.ca,,,,default,0,0,0,open,open,2025-12-15
17306,"HÔTEL LE SAINT-PAUL",https://jaimelequebec.org/jmlq_lieu/hotel-le-saint-paul/,,,,,hotel-le-saint-paul,publish,1,philgoupil@yahoo.ca,philgoupil@yahoo.ca,,,,default,0,0,0,open,open,2025-12-15
17307,"CENTRE NATIONAL DE CYCLISME BROMONT",https://jaimelequebec.org/jmlq_lieu/centre-national-de-cyclisme-bromont/,,,,,centre-national-de-cyclisme-bromont,publish,1,philgoupil@yahoo.ca,philgoupil@yahoo.ca,,,,default,0,0,0,open,open,2025-12-15
17308,Monopole,https://jaimelequebec.org/jmlq_lieu/monopole/,,,,,monopole,publish,1,philgoupil@yahoo.ca,philgoupil@yahoo.ca,,,,default,0,0,0,open,open,2025-12-15
17309,"Plage Major",https://jaimelequebec.org/jmlq_lieu/plage-major/,,,,,plage-major,publish,1,philgoupil@yahoo.ca,philgoupil@yahoo.ca,,,,default,0,0,0,open,open,2025-12-15
17310,"Station touristique Baie-des-Sables",https://jaimelequebec.org/jmlq_lieu/station-touristique-baie-des-sables/,,,,,station-touristique-baie-des-sables,publish,1,philgoupil@yahoo.ca,philgoupil@yahoo.ca,,,,default,0,0,0,open,open,2025-12-15
17311,"CHALETS OURS BLEU",https://jaimelequebec.org/jmlq_lieu/chalets-ours-bleu/,,,,,chalets-ours-bleu,publish,1,philgoupil@yahoo.ca,philgoupil@yahoo.ca,,,,default,0,0,0,open,open,2025-12-15
17312,"PATRIOTE - AU CHALET EN BOIS ROND",https://jaimelequebec.org/jmlq_lieu/patriote-au-chalet-en-bois-rond/,,,,,patriote-au-chalet-en-bois-rond,publish,1,philgoupil@yahoo.ca,philgoupil@yahoo.ca,,,,default,0,0,0,open,open,2025-12-15
17313,"HÔTEL ESCAD QUARTIER DIX30",https://jaimelequebec.org/jmlq_lieu/hotel-escad-quartier-dix30/,,,,,hotel-escad-quartier-dix30,publish,1,philgoupil@yahoo.ca,philgoupil@yahoo.ca,,,,default,0,0,0,open,open,2025-12-15
17314,"Jukebox Burgers et Bar Laitiers",https://jaimelequebec.org/jmlq_lieu/jukebox-burgers-et-bar-laitiers/,,,,,jukebox-burgers-et-bar-laitiers,publish,1,philgoupil@yahoo.ca,philgoupil@yahoo.ca,,,,default,0,0,0,open,open,2025-12-15
17315,"MA YOURTE AU COEUR DES COLLINES",https://jaimelequebec.org/jmlq_lieu/ma-yourte-au-coeur-des-collines/,,,,,ma-yourte-au-coeur-des-collines,publish,1,philgoupil@yahoo.ca,philgoupil@yahoo.ca,,,,default,0,0,0,open,open,2025-12-15
17316,"LE PHARE",https://jaimelequebec.org/jmlq_lieu/le-phare/,,,,,le-phare,publish,1,philgoupil@yahoo.ca,philgoupil@yahoo.ca,,,,default,0,0,0,open,open,2025-12-15
17317,"CHALET BONITA - LOCATION 4 SAISONS",https://jaimelequebec.org/jmlq_lieu/chalet-bonita-location-4-saisons/,,,,,chalet-bonita-location-4-saisons,publish,1,philgoupil@yahoo.ca,philgoupil@yahoo.ca,,,,default,0,0,0,open,open,2025-12-15
17318,"CAMPING SAINT-ADOLPHE-D'HOWARD",https://jaimelequebec.org/jmlq_lieu/camping-saint-adolphe-dhoward/,,,,,camping-saint-adolphe-dhoward,publish,1,philgoupil@yahoo.ca,philgoupil@yahoo.ca,,,,default,0,0,0,open,open,2025-12-15
17319,"LE DEN STAYS",https://jaimelequebec.org/jmlq_lieu/le-den-stays/,,,,,le-den-stays,publish,1,philgoupil@yahoo.ca,philgoupil@yahoo.ca,,,,default,0,0,0,open,open,2025-12-15
17320,"Les amis de la Réserve nationale de faune du Lac-Saint-François",https://jaimelequebec.org/jmlq_lieu/les-amis-de-la-reserve-nationale-de-faune-du-lac-saint-francois/,,,,,les-amis-de-la-reserve-nationale-de-faune-du-lac-saint-francois,publish,1,philgoupil@yahoo.ca,philgoupil@yahoo.ca,,,,default,0,0,0,open,open,2025-12-15
17321,"POURVOIRIE 3B",https://jaimelequebec.org/jmlq_lieu/pourvoirie-3b/,,,,,pourvoirie-3b,publish,1,philgoupil@yahoo.ca,philgoupil@yahoo.ca,,,,default,0,0,0,open,open,2025-12-15
17322,"STUDIOTEL BROMONT",https://jaimelequebec.org/jmlq_lieu/studiotel-bromont/,,,,,studiotel-bromont,publish,1,philgoupil@yahoo.ca,philgoupil@yahoo.ca,,,,default,0,0,0,open,open,2025-12-15
17323,"Brasserie Locomotiv",https://jaimelequebec.org/jmlq_lieu/brasserie-locomotiv/,,,,,brasserie-locomotiv,publish,1,philgoupil@yahoo.ca,philgoupil@yahoo.ca,,,,default,0,0,0,open,open,2025-12-15
17324,"LES RÉSIDENCES DE L'UNIVERSITÉ DU QUÉBEC",https://jaimelequebec.org/jmlq_lieu/les-residences-de-luniversite-du-quebec/,,,,,les-residences-de-luniversite-du-quebec,publish,1,philgoupil@yahoo.ca,philgoupil@yahoo.ca,,,,default,0,0,0,open,open,2025-12-15
17325,"HAVRE DE LA ROUGE",https://jaimelequebec.org/jmlq_lieu/havre-de-la-rouge/,,,,,havre-de-la-rouge,publish,1,philgoupil@yahoo.ca,philgoupil@yahoo.ca,,,,default,0,0,0,open,open,2025-12-15
17326,"CAMPING VALCARTIER",https://jaimelequebec.org/jmlq_lieu/camping-valcartier/,,,,,camping-valcartier,publish,1,philgoupil@yahoo.ca,philgoupil@yahoo.ca,,,,default,0,0,0,open,open,2025-12-15
17327,"MAISON DE VÉBRON",https://jaimelequebec.org/jmlq_lieu/maison-de-vebron/,,,,,maison-de-vebron,publish,1,philgoupil@yahoo.ca,philgoupil@yahoo.ca,,,,default,0,0,0,open,open,2025-12-15
17328,"Club Beattie Inc",https://jaimelequebec.org/jmlq_lieu/club-beattie-inc/,,,,,club-beattie-inc,publish,1,philgoupil@yahoo.ca,philgoupil@yahoo.ca,,,,default,0,0,0,open,open,2025-12-15
17329,"CHASSE-GALERIE BASE PLEIN-AIR",https://jaimelequebec.org/jmlq_lieu/chasse-galerie-base-plein-air/,,,,,chasse-galerie-base-plein-air,publish,1,philgoupil@yahoo.ca,philgoupil@yahoo.ca,,,,default,0,0,0,open,open,2025-12-15
17330,"HÔTEL MAISON OTIS",https://jaimelequebec.org/jmlq_lieu/hotel-maison-otis/,,,,,hotel-maison-otis,publish,1,philgoupil@yahoo.ca,philgoupil@yahoo.ca,,,,default,0,0,0,open,open,2025-12-15
17331,"VILLA - LE PÔLE NORD",https://jaimelequebec.org/jmlq_lieu/villa-le-pole-nord/,,,,,villa-le-pole-nord,publish,1,philgoupil@yahoo.ca,philgoupil@yahoo.ca,,,,default,0,0,0,open,open,2025-12-15
17332,"CHALET CARDINAL",https://jaimelequebec.org/jmlq_lieu/chalet-cardinal/,,,,,chalet-cardinal,publish,1,philgoupil@yahoo.ca,philgoupil@yahoo.ca,,,,default,0,0,0,open,open,2025-12-15
17333,"CHALET CALME AU SOMMET",https://jaimelequebec.org/jmlq_lieu/chalet-calme-au-sommet/,,,,,chalet-calme-au-sommet,publish,1,philgoupil@yahoo.ca,philgoupil@yahoo.ca,,,,default,0,0,0,open,open,2025-12-15
17334,L'EAURIZON,https://jaimelequebec.org/jmlq_lieu/leaurizon/,,,,,leaurizon,publish,1,philgoupil@yahoo.ca,philgoupil@yahoo.ca,,,,default,0,0,0,open,open,2025-12-15
17335,"CAMP SYLVESTRE",https://jaimelequebec.org/jmlq_lieu/camp-sylvestre/,,,,,camp-sylvestre,publish,1,philgoupil@yahoo.ca,philgoupil@yahoo.ca,,,,default,0,0,0,open,open,2025-12-15
17336,"CAMP ST-PAUL",https://jaimelequebec.org/jmlq_lieu/camp-st-paul/,,,,,camp-st-paul,publish,1,philgoupil@yahoo.ca,philgoupil@yahoo.ca,,,,default,0,0,0,open,open,2025-12-15
17337,"CAMP SANTOSH",https://jaimelequebec.org/jmlq_lieu/camp-santosh/,,,,,camp-santosh,publish,1,philgoupil@yahoo.ca,philgoupil@yahoo.ca,,,,default,0,0,0,open,open,2025-12-15
17338,"CAMP SAINT-FRANÇOIS - ÎLE D'ORLÉANS",https://jaimelequebec.org/jmlq_lieu/camp-saint-francois-ile-dorleans/,,,,,camp-saint-francois-ile-dorleans,publish,1,philgoupil@yahoo.ca,philgoupil@yahoo.ca,,,,default,0,0,0,open,open,2025-12-15
17339,"CAMP RICHELIEU VIVE LA JOIE",https://jaimelequebec.org/jmlq_lieu/camp-richelieu-vive-la-joie/,,,,,camp-richelieu-vive-la-joie,publish,1,philgoupil@yahoo.ca,philgoupil@yahoo.ca,,,,default,0,0,0,open,open,2025-12-15
17340,"LE TIMOOSE & LE KANAWATA",https://jaimelequebec.org/jmlq_lieu/le-timoose-le-kanawata/,,,,,le-timoose-le-kanawata,publish,1,philgoupil@yahoo.ca,philgoupil@yahoo.ca,,,,default,0,0,0,open,open,2025-12-15
17341,"CLUB DE CHASSE ET PÊCHE WAPOOS SIBI",https://jaimelequebec.org/jmlq_lieu/club-de-chasse-et-peche-wapoos-sibi/,,,,,club-de-chasse-et-peche-wapoos-sibi,publish,1,philgoupil@yahoo.ca,philgoupil@yahoo.ca,,,,default,0,0,0,open,open,2025-12-15
17342,"SALLE COMMUNAUTAIRE",https://jaimelequebec.org/jmlq_lieu/salle-communautaire/,,,,,salle-communautaire,publish,1,philgoupil@yahoo.ca,philgoupil@yahoo.ca,,,,default,0,0,0,open,open,2025-12-15
17343,"CAMP DU LAC VERT",https://jaimelequebec.org/jmlq_lieu/camp-du-lac-vert/,,,,,camp-du-lac-vert,publish,1,philgoupil@yahoo.ca,philgoupil@yahoo.ca,,,,default,0,0,0,open,open,2025-12-15
17344,"CAMP DES ÎLES",https://jaimelequebec.org/jmlq_lieu/camp-des-iles/,,,,,camp-des-iles,publish,1,philgoupil@yahoo.ca,philgoupil@yahoo.ca,,,,default,0,0,0,open,open,2025-12-15
17345,"HAVRE DE PAIX SUR LE LAC NOIR",https://jaimelequebec.org/jmlq_lieu/havre-de-paix-sur-le-lac-noir/,,,,,havre-de-paix-sur-le-lac-noir,publish,1,philgoupil@yahoo.ca,philgoupil@yahoo.ca,,,,default,0,0,0,open,open,2025-12-15
17346,802CAIMAN,https://jaimelequebec.org/jmlq_lieu/802caiman/,,,,,802caiman,publish,1,philgoupil@yahoo.ca,philgoupil@yahoo.ca,,,,default,0,0,0,open,open,2025-12-15
17347,"CAMPING LA CONCEPTION",https://jaimelequebec.org/jmlq_lieu/camping-la-conception/,,,,,camping-la-conception,publish,1,philgoupil@yahoo.ca,philgoupil@yahoo.ca,,,,default,0,0,0,open,open,2025-12-15
17348,"Salon de quilles Grande-Allée",https://jaimelequebec.org/jmlq_lieu/salon-de-quilles-grande-allee/,,,,,salon-de-quilles-grande-allee,publish,1,philgoupil@yahoo.ca,philgoupil@yahoo.ca,,,,default,0,0,0,open,open,2025-12-15
17349,"Camping Ô Fleuve | Camping et prêt-à-camper | Notre-Dame-des-Sept-Douleurs | Bonjour Québec",https://jaimelequebec.org/jmlq_lieu/camping-o-fleuve-camping-et-pret-a-camper-notre-dame-des-sept-douleurs-bonjour-quebec/,,,,,camping-o-fleuve-camping-et-pret-a-camper-notre-dame-des-sept-douleurs-bonjour-quebec,publish,1,philgoupil@yahoo.ca,philgoupil@yahoo.ca,,,,default,0,0,0,open,open,2025-12-15
17350,"ELYSIUM @ ÉTOILE DU MATIN 1510-01",https://jaimelequebec.org/jmlq_lieu/elysium-etoile-du-matin-1510-01/,,,,,elysium-etoile-du-matin-1510-01,publish,1,philgoupil@yahoo.ca,philgoupil@yahoo.ca,,,,default,0,0,0,open,open,2025-12-15
17351,"DOMAINE KAALOO - LA SITTELLE",https://jaimelequebec.org/jmlq_lieu/domaine-kaaloo-la-sittelle/,,,,,domaine-kaaloo-la-sittelle,publish,1,philgoupil@yahoo.ca,philgoupil@yahoo.ca,,,,default,0,0,0,open,open,2025-12-15
17352,"C'est Belge (Granby / rue Principale)",https://jaimelequebec.org/jmlq_lieu/cest-belge-granby-rue-principale/,,,,,cest-belge-granby-rue-principale,publish,1,philgoupil@yahoo.ca,philgoupil@yahoo.ca,,,,default,0,0,0,open,open,2025-12-15
17353,"CABIN SUTTON 268",https://jaimelequebec.org/jmlq_lieu/cabin-sutton-268/,,,,,cabin-sutton-268,publish,1,philgoupil@yahoo.ca,philgoupil@yahoo.ca,,,,default,0,0,0,open,open,2025-12-15
17354,"CHALET AU BORD DU LAC À ORFORD",https://jaimelequebec.org/jmlq_lieu/chalet-au-bord-du-lac-a-orford/,,,,,chalet-au-bord-du-lac-a-orford,publish,1,philgoupil@yahoo.ca,philgoupil@yahoo.ca,,,,default,0,0,0,open,open,2025-12-15
17355,"Club de golf Le Ricochet (Chicoutimi) Inc",https://jaimelequebec.org/jmlq_lieu/club-de-golf-le-ricochet-chicoutimi-inc/,,,,,club-de-golf-le-ricochet-chicoutimi-inc,publish,1,philgoupil@yahoo.ca,philgoupil@yahoo.ca,,,,default,0,0,0,open,open,2025-12-15
17356,"HÔTEL-MOTEL PORTE DE LA MAURICIE",https://jaimelequebec.org/jmlq_lieu/hotel-motel-porte-de-la-mauricie/,,,,,hotel-motel-porte-de-la-mauricie,publish,1,philgoupil@yahoo.ca,philgoupil@yahoo.ca,,,,default,0,0,0,open,open,2025-12-15
17357,"Boswell Brasserie Artisanale",https://jaimelequebec.org/jmlq_lieu/boswell-brasserie-artisanale/,,,,,boswell-brasserie-artisanale,publish,1,philgoupil@yahoo.ca,philgoupil@yahoo.ca,,,,default,0,0,0,open,open,2025-12-15
17358,"MTB Belle Neige",https://jaimelequebec.org/jmlq_lieu/mtb-belle-neige/,,,,,mtb-belle-neige,publish,1,philgoupil@yahoo.ca,philgoupil@yahoo.ca,,,,default,0,0,0,open,open,2025-12-15
17359,"Brasserie coopérative la Chasse-Pinte",https://jaimelequebec.org/jmlq_lieu/brasserie-cooperative-la-chasse-pinte/,,,,,brasserie-cooperative-la-chasse-pinte,publish,1,philgoupil@yahoo.ca,philgoupil@yahoo.ca,,,,default,0,0,0,open,open,2025-12-15
17360,"POURVOIRIE DOMAINE LA SORBIÈRE",https://jaimelequebec.org/jmlq_lieu/pourvoirie-domaine-la-sorbiere/,,,,,pourvoirie-domaine-la-sorbiere,publish,1,philgoupil@yahoo.ca,philgoupil@yahoo.ca,,,,default,0,0,0,open,open,2025-12-15
17361,"TRH-Bar Montréal",https://jaimelequebec.org/jmlq_lieu/trh-bar-montreal/,,,,,trh-bar-montreal,publish,1,philgoupil@yahoo.ca,philgoupil@yahoo.ca,,,,default,0,0,0,open,open,2025-12-15
17362,"Hôtel La Camarine",https://jaimelequebec.org/jmlq_lieu/hotel-la-camarine/,,,,,hotel-la-camarine,publish,1,philgoupil@yahoo.ca,philgoupil@yahoo.ca,,,,default,0,0,0,open,open,2025-12-15
17363,"DOMAINE DES PRÉS D'OR",https://jaimelequebec.org/jmlq_lieu/domaine-des-pres-dor/,,,,,domaine-des-pres-dor,publish,1,philgoupil@yahoo.ca,philgoupil@yahoo.ca,,,,default,0,0,0,open,open,2025-12-15
17364,"CHALET FORET 17 A",https://jaimelequebec.org/jmlq_lieu/chalet-foret-17-a/,,,,,chalet-foret-17-a,publish,1,philgoupil@yahoo.ca,philgoupil@yahoo.ca,,,,default,0,0,0,open,open,2025-12-15
17365,L'ACCALMIE,https://jaimelequebec.org/jmlq_lieu/laccalmie/,,,,,laccalmie,publish,1,philgoupil@yahoo.ca,philgoupil@yahoo.ca,,,,default,0,0,0,open,open,2025-12-15
17366,"CHALET LES BUISONNETS",https://jaimelequebec.org/jmlq_lieu/chalet-les-buisonnets/,,,,,chalet-les-buisonnets,publish,1,philgoupil@yahoo.ca,philgoupil@yahoo.ca,,,,default,0,0,0,open,open,2025-12-15
17367,"CHALET LEMIRE",https://jaimelequebec.org/jmlq_lieu/chalet-lemire/,,,,,chalet-lemire,publish,1,philgoupil@yahoo.ca,philgoupil@yahoo.ca,,,,default,0,0,0,open,open,2025-12-15
17368,"Brasserie Les Mordus",https://jaimelequebec.org/jmlq_lieu/brasserie-les-mordus/,,,,,brasserie-les-mordus,publish,1,philgoupil@yahoo.ca,philgoupil@yahoo.ca,,,,default,0,0,0,open,open,2025-12-15
17369,"LA LOGE",https://jaimelequebec.org/jmlq_lieu/la-loge/,,,,,la-loge,publish,1,philgoupil@yahoo.ca,philgoupil@yahoo.ca,,,,default,0,0,0,open,open,2025-12-15
17370,"Bfly Québec",https://jaimelequebec.org/jmlq_lieu/bfly-quebec/,,,,,bfly-quebec,publish,1,philgoupil@yahoo.ca,philgoupil@yahoo.ca,,,,default,0,0,0,open,open,2025-12-15
17371,"HÔTEL LE FRANCIS",https://jaimelequebec.org/jmlq_lieu/hotel-le-francis/,,,,,hotel-le-francis,publish,1,philgoupil@yahoo.ca,philgoupil@yahoo.ca,,,,default,0,0,0,open,open,2025-12-15
17372,"Restaurant La Chronique",https://jaimelequebec.org/jmlq_lieu/restaurant-la-chronique/,,,,,restaurant-la-chronique,publish,1,philgoupil@yahoo.ca,philgoupil@yahoo.ca,,,,default,0,0,0,open,open,2025-12-15
17373,"Fromagerie Gourmande de Bromont",https://jaimelequebec.org/jmlq_lieu/fromagerie-gourmande-de-bromont/,,,,,fromagerie-gourmande-de-bromont,publish,1,philgoupil@yahoo.ca,philgoupil@yahoo.ca,,,,default,0,0,0,open,open,2025-12-15
17374,"Fromagerie Victoria - Shawinigan",https://jaimelequebec.org/jmlq_lieu/fromagerie-victoria-shawinigan/,,,,,fromagerie-victoria-shawinigan,publish,1,philgoupil@yahoo.ca,philgoupil@yahoo.ca,,,,default,0,0,0,open,open,2025-12-15
17375,FRIGG,https://jaimelequebec.org/jmlq_lieu/frigg/,,,,,frigg,publish,1,philgoupil@yahoo.ca,philgoupil@yahoo.ca,,,,default,0,0,0,open,open,2025-12-15
17376,"Fun Show Amusement",https://jaimelequebec.org/jmlq_lieu/fun-show-amusement/,,,,,fun-show-amusement,publish,1,philgoupil@yahoo.ca,philgoupil@yahoo.ca,,,,default,0,0,0,open,open,2025-12-15
17377,"Fumoir SmoQue Shack",https://jaimelequebec.org/jmlq_lieu/fumoir-smoque-shack/,,,,,fumoir-smoque-shack,publish,1,philgoupil@yahoo.ca,philgoupil@yahoo.ca,,,,default,0,0,0,open,open,2025-12-15
17378,"French Cuisine in Montréal | Leméac",https://jaimelequebec.org/jmlq_lieu/french-cuisine-in-montreal-lemeac/,,,,,french-cuisine-in-montreal-lemeac,publish,1,philgoupil@yahoo.ca,philgoupil@yahoo.ca,,,,default,0,0,0,open,open,2025-12-15
17379,"Freddo & Gelato",https://jaimelequebec.org/jmlq_lieu/freddo-gelato/,,,,,freddo-gelato,publish,1,philgoupil@yahoo.ca,philgoupil@yahoo.ca,,,,default,0,0,0,open,open,2025-12-15
17380,"Foxy Restaurant",https://jaimelequebec.org/jmlq_lieu/foxy-restaurant/,,,,,foxy-restaurant,publish,1,philgoupil@yahoo.ca,philgoupil@yahoo.ca,,,,default,0,0,0,open,open,2025-12-15
17381,FSL212,https://jaimelequebec.org/jmlq_lieu/fsl212/,,,,,fsl212,publish,1,philgoupil@yahoo.ca,philgoupil@yahoo.ca,,,,default,0,0,0,open,open,2025-12-15
17382,"BORA BORÉAL",https://jaimelequebec.org/jmlq_lieu/bora-boreal-2/,,,,,bora-boreal-2,publish,1,philgoupil@yahoo.ca,philgoupil@yahoo.ca,,,,default,0,0,0,open,open,2025-12-15
17383,"LA GRANGE",https://jaimelequebec.org/jmlq_lieu/la-grange-2/,,,,,la-grange-2,publish,1,philgoupil@yahoo.ca,philgoupil@yahoo.ca,,,,default,0,0,0,open,open,2025-12-15
17384,"HÔTEL-MOTEL RESTAURANT CORONET",https://jaimelequebec.org/jmlq_lieu/hotel-motel-restaurant-coronet/,,,,,hotel-motel-restaurant-coronet,publish,1,philgoupil@yahoo.ca,philgoupil@yahoo.ca,,,,default,0,0,0,open,open,2025-12-15
17385,"Casse-Croûte du Roy",https://jaimelequebec.org/jmlq_lieu/casse-croute-du-roy/,,,,,casse-croute-du-roy,publish,1,philgoupil@yahoo.ca,philgoupil@yahoo.ca,,,,default,0,0,0,open,open,2025-12-15
17386,"HOTEL OISELIÈRE INC.",https://jaimelequebec.org/jmlq_lieu/hotel-oiseliere-inc/,,,,,hotel-oiseliere-inc,publish,1,philgoupil@yahoo.ca,philgoupil@yahoo.ca,,,,default,0,0,0,open,open,2025-12-15
17387,"Hébergement SÔ INC.",https://jaimelequebec.org/jmlq_lieu/hebergement-so-inc/,,,,,hebergement-so-inc,publish,1,philgoupil@yahoo.ca,philgoupil@yahoo.ca,,,,default,0,0,0,open,open,2025-12-15
17388,"Ski de fond Saint-François",https://jaimelequebec.org/jmlq_lieu/ski-de-fond-saint-francois/,,,,,ski-de-fond-saint-francois,publish,1,philgoupil@yahoo.ca,philgoupil@yahoo.ca,,,,default,0,0,0,open,open,2025-12-15
17389,"CAMPING DU VIEUX MOULIN",https://jaimelequebec.org/jmlq_lieu/camping-du-vieux-moulin/,,,,,camping-du-vieux-moulin,publish,1,philgoupil@yahoo.ca,philgoupil@yahoo.ca,,,,default,0,0,0,open,open,2025-12-15
17390,"Camping du Pont Couvert / Randonnée pédestre, réseau",https://jaimelequebec.org/jmlq_lieu/camping-du-pont-couvert-randonnee-pedestre-reseau/,,,,,camping-du-pont-couvert-randonnee-pedestre-reseau,publish,1,philgoupil@yahoo.ca,philgoupil@yahoo.ca,,,,default,0,0,0,open,open,2025-12-15
17391,"O Manoir - Resto & Spectacles",https://jaimelequebec.org/jmlq_lieu/o-manoir-resto-spectacles/,,,,,o-manoir-resto-spectacles,publish,1,philgoupil@yahoo.ca,philgoupil@yahoo.ca,,,,default,0,0,0,open,open,2025-12-15
17392,"ALPAGES 90-28 - LES CHALETS ALPINS",https://jaimelequebec.org/jmlq_lieu/alpages-90-28-les-chalets-alpins/,,,,,alpages-90-28-les-chalets-alpins,publish,1,philgoupil@yahoo.ca,philgoupil@yahoo.ca,,,,default,0,0,0,open,open,2025-12-15
17393,"CAMPING AMQUI",https://jaimelequebec.org/jmlq_lieu/camping-amqui/,,,,,camping-amqui,publish,1,philgoupil@yahoo.ca,philgoupil@yahoo.ca,,,,default,0,0,0,open,open,2025-12-15
17394,"CHALET DU LAC BELLEMARE",https://jaimelequebec.org/jmlq_lieu/chalet-du-lac-bellemare/,,,,,chalet-du-lac-bellemare,publish,1,philgoupil@yahoo.ca,philgoupil@yahoo.ca,,,,default,0,0,0,open,open,2025-12-15
17395,"CHALET DU LAC BEAULIEU",https://jaimelequebec.org/jmlq_lieu/chalet-du-lac-beaulieu/,,,,,chalet-du-lac-beaulieu,publish,1,philgoupil@yahoo.ca,philgoupil@yahoo.ca,,,,default,0,0,0,open,open,2025-12-15
17396,"CHALET DU HUARD",https://jaimelequebec.org/jmlq_lieu/chalet-du-huard/,,,,,chalet-du-huard,publish,1,philgoupil@yahoo.ca,philgoupil@yahoo.ca,,,,default,0,0,0,open,open,2025-12-15
17397,"CHALET DU GRAND PIN",https://jaimelequebec.org/jmlq_lieu/chalet-du-grand-pin/,,,,,chalet-du-grand-pin,publish,1,philgoupil@yahoo.ca,philgoupil@yahoo.ca,,,,default,0,0,0,open,open,2025-12-15
17398,"CHALET DU GARDIEN",https://jaimelequebec.org/jmlq_lieu/chalet-du-gardien/,,,,,chalet-du-gardien,publish,1,philgoupil@yahoo.ca,philgoupil@yahoo.ca,,,,default,0,0,0,open,open,2025-12-15
17399,"CHALET DU FORGERON",https://jaimelequebec.org/jmlq_lieu/chalet-du-forgeron/,,,,,chalet-du-forgeron,publish,1,philgoupil@yahoo.ca,philgoupil@yahoo.ca,,,,default,0,0,0,open,open,2025-12-15
17400,"Circuit patrimonial à vélo",https://jaimelequebec.org/jmlq_lieu/circuit-patrimonial-a-velo/,,,,,circuit-patrimonial-a-velo,publish,1,philgoupil@yahoo.ca,philgoupil@yahoo.ca,,,,default,0,0,0,open,open,2025-12-15
17401,"Circuit Mécaglisse",https://jaimelequebec.org/jmlq_lieu/circuit-mecaglisse/,,,,,circuit-mecaglisse,publish,1,philgoupil@yahoo.ca,philgoupil@yahoo.ca,,,,default,0,0,0,open,open,2025-12-15
17402,"Le Chenil du Chien-Loup",https://jaimelequebec.org/jmlq_lieu/le-chenil-du-chien-loup/,,,,,le-chenil-du-chien-loup,publish,1,philgoupil@yahoo.ca,philgoupil@yahoo.ca,,,,default,0,0,0,open,open,2025-12-15
17403,"Aventures plein air Saint-Hippolyte / Randonnée guidée en quad",https://jaimelequebec.org/jmlq_lieu/aventures-plein-air-saint-hippolyte-randonnee-guidee-en-quad/,,,,,aventures-plein-air-saint-hippolyte-randonnee-guidee-en-quad,publish,1,philgoupil@yahoo.ca,philgoupil@yahoo.ca,,,,default,0,0,0,open,open,2025-12-15
17404,"Aventures plein air Saint-Hippolyte / Randonnée de chiens de traîneau",https://jaimelequebec.org/jmlq_lieu/aventures-plein-air-saint-hippolyte-randonnee-de-chiens-de-traineau/,,,,,aventures-plein-air-saint-hippolyte-randonnee-de-chiens-de-traineau,publish,1,philgoupil@yahoo.ca,philgoupil@yahoo.ca,,,,default,0,0,0,open,open,2025-12-15
17405,"Sentier du Lièvre",https://jaimelequebec.org/jmlq_lieu/sentier-du-lievre/,,,,,sentier-du-lievre,publish,1,philgoupil@yahoo.ca,philgoupil@yahoo.ca,,,,default,0,0,0,open,open,2025-12-15
17406,"Sentier du marais",https://jaimelequebec.org/jmlq_lieu/sentier-du-marais/,,,,,sentier-du-marais,publish,1,philgoupil@yahoo.ca,philgoupil@yahoo.ca,,,,default,0,0,0,open,open,2025-12-15
17407,"Le Chenapan",https://jaimelequebec.org/jmlq_lieu/le-chenapan/,,,,,le-chenapan,publish,1,philgoupil@yahoo.ca,philgoupil@yahoo.ca,,,,default,0,0,0,open,open,2025-12-15
17408,"JAUNE HÔTEL-BOUTIQUE",https://jaimelequebec.org/jmlq_lieu/jaune-hotel-boutique/,,,,,jaune-hotel-boutique,publish,1,philgoupil@yahoo.ca,philgoupil@yahoo.ca,,,,default,0,0,0,open,open,2025-12-15
17409,"Sentier du monde enchanté de mon enfance",https://jaimelequebec.org/jmlq_lieu/sentier-du-monde-enchante-de-mon-enfance/,,,,,sentier-du-monde-enchante-de-mon-enfance,publish,1,philgoupil@yahoo.ca,philgoupil@yahoo.ca,,,,default,0,0,0,open,open,2025-12-15
17410,"CAMPING DAOUST",https://jaimelequebec.org/jmlq_lieu/camping-daoust/,,,,,camping-daoust,publish,1,philgoupil@yahoo.ca,philgoupil@yahoo.ca,,,,default,0,0,0,open,open,2025-12-15
17411,"202 PIGNORONDE",https://jaimelequebec.org/jmlq_lieu/202-pignoronde/,,,,,202-pignoronde,publish,1,philgoupil@yahoo.ca,philgoupil@yahoo.ca,,,,default,0,0,0,open,open,2025-12-15
17412,"CONDO 131-10 MONT-BLANC SKI-IN SKI-OUT",https://jaimelequebec.org/jmlq_lieu/condo-131-10-mont-blanc-ski-in-ski-out/,,,,,condo-131-10-mont-blanc-ski-in-ski-out,publish,1,philgoupil@yahoo.ca,philgoupil@yahoo.ca,,,,default,0,0,0,open,open,2025-12-15
17413,"CAMPING DE L'ÎLE SAINT-QUENTIN",https://jaimelequebec.org/jmlq_lieu/camping-de-lile-saint-quentin/,,,,,camping-de-lile-saint-quentin,publish,1,philgoupil@yahoo.ca,philgoupil@yahoo.ca,,,,default,0,0,0,open,open,2025-12-15
17414,"Archibald (Petit Champlain)",https://jaimelequebec.org/jmlq_lieu/archibald-petit-champlain/,,,,,archibald-petit-champlain,publish,1,philgoupil@yahoo.ca,philgoupil@yahoo.ca,,,,default,0,0,0,open,open,2025-12-15
17415,"Normandin (Chicoutimi)",https://jaimelequebec.org/jmlq_lieu/normandin-chicoutimi/,,,,,normandin-chicoutimi,publish,1,philgoupil@yahoo.ca,philgoupil@yahoo.ca,,,,default,0,0,0,open,open,2025-12-15
17416,"ACTN3 - Ninja Warrior et Parkour à Montréal",https://jaimelequebec.org/jmlq_lieu/actn3-ninja-warrior-et-parkour-a-montreal/,,,,,actn3-ninja-warrior-et-parkour-a-montreal,publish,1,philgoupil@yahoo.ca,philgoupil@yahoo.ca,,,,default,0,0,0,open,open,2025-12-15
17417,"KUB 61",https://jaimelequebec.org/jmlq_lieu/kub-61/,,,,,kub-61,publish,1,philgoupil@yahoo.ca,philgoupil@yahoo.ca,,,,default,0,0,0,open,open,2025-12-15
17418,"Club de golf Saint-Pacôme",https://jaimelequebec.org/jmlq_lieu/club-de-golf-saint-pacome/,,,,,club-de-golf-saint-pacome,publish,1,philgoupil@yahoo.ca,philgoupil@yahoo.ca,,,,default,0,0,0,open,open,2025-12-15
17419,317-CELESTE,https://jaimelequebec.org/jmlq_lieu/317-celeste/,,,,,317-celeste,publish,1,philgoupil@yahoo.ca,philgoupil@yahoo.ca,,,,default,0,0,0,open,open,2025-12-15
17420,"LE DOMAINE DE JOSEPH ROSS",https://jaimelequebec.org/jmlq_lieu/le-domaine-de-joseph-ross/,,,,,le-domaine-de-joseph-ross,publish,1,philgoupil@yahoo.ca,philgoupil@yahoo.ca,,,,default,0,0,0,open,open,2025-12-15
17421,"A/Maze Jeu d'Évasion (Ouest de l’Île)",https://jaimelequebec.org/jmlq_lieu/a-maze-jeu-devasion-ouest-de-lile/,,,,,a-maze-jeu-devasion-ouest-de-lile,publish,1,philgoupil@yahoo.ca,philgoupil@yahoo.ca,,,,default,0,0,0,open,open,2025-12-15
17422,"CHALET LAC-FRONTIÈRE DE LYNE ET J-F",https://jaimelequebec.org/jmlq_lieu/chalet-lac-frontiere-de-lyne-et-j-f/,,,,,chalet-lac-frontiere-de-lyne-et-j-f,publish,1,philgoupil@yahoo.ca,philgoupil@yahoo.ca,,,,default,0,0,0,open,open,2025-12-15
17423,"Chemin de Saint-Jacques-Appalaches",https://jaimelequebec.org/jmlq_lieu/chemin-de-saint-jacques-appalaches/,,,,,chemin-de-saint-jacques-appalaches,publish,1,philgoupil@yahoo.ca,philgoupil@yahoo.ca,,,,default,0,0,0,open,open,2025-12-15
17424,"Bistro La Réserve",https://jaimelequebec.org/jmlq_lieu/bistro-la-reserve/,,,,,bistro-la-reserve,publish,1,philgoupil@yahoo.ca,philgoupil@yahoo.ca,,,,default,0,0,0,open,open,2025-12-15
17425,"Spa Fairmont Le Château Montebello",https://jaimelequebec.org/jmlq_lieu/spa-fairmont-le-chateau-montebello/,,,,,spa-fairmont-le-chateau-montebello,publish,1,philgoupil@yahoo.ca,philgoupil@yahoo.ca,,,,default,0,0,0,open,open,2025-12-15
17426,"SOUVENIRS DU LAC",https://jaimelequebec.org/jmlq_lieu/souvenirs-du-lac/,,,,,souvenirs-du-lac,publish,1,philgoupil@yahoo.ca,philgoupil@yahoo.ca,,,,default,0,0,0,open,open,2025-12-15
17427,"Club de canotage OBC",https://jaimelequebec.org/jmlq_lieu/club-de-canotage-obc/,,,,,club-de-canotage-obc,publish,1,philgoupil@yahoo.ca,philgoupil@yahoo.ca,,,,default,0,0,0,open,open,2025-12-15
17428,"HébergementS et RESTAURANT à Ste-Rose du Nord",https://jaimelequebec.org/jmlq_lieu/hebergements-et-restaurant-a-ste-rose-du-nord/,,,,,hebergements-et-restaurant-a-ste-rose-du-nord,publish,1,philgoupil@yahoo.ca,philgoupil@yahoo.ca,,,,default,0,0,0,open,open,2025-12-15
17429,"HOTEL DANUBE BLEU",https://jaimelequebec.org/jmlq_lieu/hotel-danube-bleu/,,,,,hotel-danube-bleu,publish,1,philgoupil@yahoo.ca,philgoupil@yahoo.ca,,,,default,0,0,0,open,open,2025-12-15
17430,"HÔTEL COWANSVILLE",https://jaimelequebec.org/jmlq_lieu/hotel-cowansville/,,,,,hotel-cowansville,publish,1,philgoupil@yahoo.ca,philgoupil@yahoo.ca,,,,default,0,0,0,open,open,2025-12-15
17431,"Vélo de montagne et fatbike - Municipalité de Saint-Côme",https://jaimelequebec.org/jmlq_lieu/velo-de-montagne-et-fatbike-municipalite-de-saint-come/,,,,,velo-de-montagne-et-fatbike-municipalite-de-saint-come,publish,1,philgoupil@yahoo.ca,philgoupil@yahoo.ca,,,,default,0,0,0,open,open,2025-12-15
17432,"Camping sauvage | La Société Duvetnor Ltée",https://jaimelequebec.org/jmlq_lieu/camping-sauvage-la-societe-duvetnor-ltee/,,,,,camping-sauvage-la-societe-duvetnor-ltee,publish,1,philgoupil@yahoo.ca,philgoupil@yahoo.ca,,,,default,0,0,0,open,open,2025-12-15
17433,"CAMPING SAINTE-MADELEINE",https://jaimelequebec.org/jmlq_lieu/camping-sainte-madeleine/,,,,,camping-sainte-madeleine,publish,1,philgoupil@yahoo.ca,philgoupil@yahoo.ca,,,,default,0,0,0,open,open,2025-12-15
17434,"CAMPING SAUVAGE KALINA",https://jaimelequebec.org/jmlq_lieu/camping-sauvage-kalina/,,,,,camping-sauvage-kalina,publish,1,philgoupil@yahoo.ca,philgoupil@yahoo.ca,,,,default,0,0,0,open,open,2025-12-15
17435,"CAMPING SENTIER DES CAPS DE CHARLEVOIX",https://jaimelequebec.org/jmlq_lieu/camping-sentier-des-caps-de-charlevoix/,,,,,camping-sentier-des-caps-de-charlevoix,publish,1,philgoupil@yahoo.ca,philgoupil@yahoo.ca,,,,default,0,0,0,open,open,2025-12-15
17436,"Montréal Bowling",https://jaimelequebec.org/jmlq_lieu/montreal-bowling/,,,,,montreal-bowling,publish,1,philgoupil@yahoo.ca,philgoupil@yahoo.ca,,,,default,0,0,0,open,open,2025-12-15
17437,"DOMAINE DE LA SEIGNEURIE",https://jaimelequebec.org/jmlq_lieu/domaine-de-la-seigneurie/,,,,,domaine-de-la-seigneurie,publish,1,philgoupil@yahoo.ca,philgoupil@yahoo.ca,,,,default,0,0,0,open,open,2025-12-15
17438,"DOMAINE DE LA RIVIÈRE PERDUE",https://jaimelequebec.org/jmlq_lieu/domaine-de-la-riviere-perdue/,,,,,domaine-de-la-riviere-perdue,publish,1,philgoupil@yahoo.ca,philgoupil@yahoo.ca,,,,default,0,0,0,open,open,2025-12-15
17439,"DOMAINE DE LA RIVIÈRE",https://jaimelequebec.org/jmlq_lieu/domaine-de-la-riviere/,,,,,domaine-de-la-riviere,publish,1,philgoupil@yahoo.ca,philgoupil@yahoo.ca,,,,default,0,0,0,open,open,2025-12-15
17440,"Café Ruban Bleu",https://jaimelequebec.org/jmlq_lieu/cafe-ruban-bleu/,,,,,cafe-ruban-bleu,publish,1,philgoupil@yahoo.ca,philgoupil@yahoo.ca,,,,default,0,0,0,open,open,2025-12-15
17441,"SSP AMOUR DU NORD",https://jaimelequebec.org/jmlq_lieu/ssp-amour-du-nord/,,,,,ssp-amour-du-nord,publish,1,philgoupil@yahoo.ca,philgoupil@yahoo.ca,,,,default,0,0,0,open,open,2025-12-15
17442,"CAMPING MUNICIPAL DE SEPT-ÎLES",https://jaimelequebec.org/jmlq_lieu/camping-municipal-de-sept-iles/,,,,,camping-municipal-de-sept-iles,publish,1,philgoupil@yahoo.ca,philgoupil@yahoo.ca,,,,default,0,0,0,open,open,2025-12-15
17443,"CAMPING MUNICIPAL DE ROQUEMAURE",https://jaimelequebec.org/jmlq_lieu/camping-municipal-de-roquemaure/,,,,,camping-municipal-de-roquemaure,publish,1,philgoupil@yahoo.ca,philgoupil@yahoo.ca,,,,default,0,0,0,open,open,2025-12-15
17444,"Plage municipale de la Sablière",https://jaimelequebec.org/jmlq_lieu/plage-municipale-de-la-sabliere/,,,,,plage-municipale-de-la-sabliere,publish,1,philgoupil@yahoo.ca,philgoupil@yahoo.ca,,,,default,0,0,0,open,open,2025-12-15
17445,"Plage municipale de Notre-Dame-du-Lac",https://jaimelequebec.org/jmlq_lieu/plage-municipale-de-notre-dame-du-lac/,,,,,plage-municipale-de-notre-dame-du-lac,publish,1,philgoupil@yahoo.ca,philgoupil@yahoo.ca,,,,default,0,0,0,open,open,2025-12-15
17446,"3 Pierres 1 Feu",https://jaimelequebec.org/jmlq_lieu/3-pierres-1-feu/,,,,,3-pierres-1-feu,publish,1,philgoupil@yahoo.ca,philgoupil@yahoo.ca,,,,default,0,0,0,open,open,2025-12-15
17447,"CHALET HALO",https://jaimelequebec.org/jmlq_lieu/chalet-halo/,,,,,chalet-halo,publish,1,philgoupil@yahoo.ca,philgoupil@yahoo.ca,,,,default,0,0,0,open,open,2025-12-15
17448,"B46 Aventures",https://jaimelequebec.org/jmlq_lieu/b46-aventures/,,,,,b46-aventures,publish,1,philgoupil@yahoo.ca,philgoupil@yahoo.ca,,,,default,0,0,0,open,open,2025-12-15
17449,"B&B PANORAMA",https://jaimelequebec.org/jmlq_lieu/bb-panorama/,,,,,bb-panorama,publish,1,philgoupil@yahoo.ca,philgoupil@yahoo.ca,,,,default,0,0,0,open,open,2025-12-15
17450,"B&B MAISON CLAUPHI",https://jaimelequebec.org/jmlq_lieu/bb-maison-clauphi/,,,,,bb-maison-clauphi,publish,1,philgoupil@yahoo.ca,philgoupil@yahoo.ca,,,,default,0,0,0,open,open,2025-12-15
17451,"B&B LE CANADIEN",https://jaimelequebec.org/jmlq_lieu/bb-le-canadien/,,,,,bb-le-canadien,publish,1,philgoupil@yahoo.ca,philgoupil@yahoo.ca,,,,default,0,0,0,open,open,2025-12-15
17452,"B&B LA VIEILLE ÉCOLE",https://jaimelequebec.org/jmlq_lieu/bb-la-vieille-ecole/,,,,,bb-la-vieille-ecole,publish,1,philgoupil@yahoo.ca,philgoupil@yahoo.ca,,,,default,0,0,0,open,open,2025-12-15
17453,"B&B HAYDEN'S WEXFORD HOUSE",https://jaimelequebec.org/jmlq_lieu/bb-haydens-wexford-house/,,,,,bb-haydens-wexford-house,publish,1,philgoupil@yahoo.ca,philgoupil@yahoo.ca,,,,default,0,0,0,open,open,2025-12-15
17454,B.B.V.,https://jaimelequebec.org/jmlq_lieu/b-b-v/,,,,,b-b-v,publish,1,philgoupil@yahoo.ca,philgoupil@yahoo.ca,,,,default,0,0,0,open,open,2025-12-15
17455,"Azur groupe santé beauté",https://jaimelequebec.org/jmlq_lieu/azur-groupe-sante-beaute/,,,,,azur-groupe-sante-beaute,publish,1,philgoupil@yahoo.ca,philgoupil@yahoo.ca,,,,default,0,0,0,open,open,2025-12-15
17456,"AZTEC CAMPING",https://jaimelequebec.org/jmlq_lieu/aztec-camping/,,,,,aztec-camping,publish,1,philgoupil@yahoo.ca,philgoupil@yahoo.ca,,,,default,0,0,0,open,open,2025-12-15
17457,"Azta Taqueria",https://jaimelequebec.org/jmlq_lieu/azta-taqueria/,,,,,azta-taqueria,publish,1,philgoupil@yahoo.ca,philgoupil@yahoo.ca,,,,default,0,0,0,open,open,2025-12-15
17458,"Azalea restaurant",https://jaimelequebec.org/jmlq_lieu/azalea-restaurant/,,,,,azalea-restaurant,publish,1,philgoupil@yahoo.ca,philgoupil@yahoo.ca,,,,default,0,0,0,open,open,2025-12-15
17459,"Axe Lounge Bar",https://jaimelequebec.org/jmlq_lieu/axe-lounge-bar/,,,,,axe-lounge-bar,publish,1,philgoupil@yahoo.ca,philgoupil@yahoo.ca,,,,default,0,0,0,open,open,2025-12-15
17460,"Axe Bromont-Sutton-Vermont / Vélo",https://jaimelequebec.org/jmlq_lieu/axe-bromont-sutton-vermont-velo/,,,,,axe-bromont-sutton-vermont-velo,publish,1,philgoupil@yahoo.ca,philgoupil@yahoo.ca,,,,default,0,0,0,open,open,2025-12-15
17461,"HÔTEL INTERPROVINCIAL",https://jaimelequebec.org/jmlq_lieu/hotel-interprovincial/,,,,,hotel-interprovincial,publish,1,philgoupil@yahoo.ca,philgoupil@yahoo.ca,,,,default,0,0,0,open,open,2025-12-15
17462,"HÔTEL ALT-MONTRÉAL GRIFFINTOWN",https://jaimelequebec.org/jmlq_lieu/hotel-alt-montreal-griffintown/,,,,,hotel-alt-montreal-griffintown,publish,1,philgoupil@yahoo.ca,philgoupil@yahoo.ca,,,,default,0,0,0,open,open,2025-12-15
17463,Halta,https://jaimelequebec.org/jmlq_lieu/halta/,,,,,halta,publish,1,philgoupil@yahoo.ca,philgoupil@yahoo.ca,,,,default,0,0,0,open,open,2025-12-15
17464,"LE LUNA",https://jaimelequebec.org/jmlq_lieu/le-luna/,,,,,le-luna,publish,1,philgoupil@yahoo.ca,philgoupil@yahoo.ca,,,,default,0,0,0,open,open,2025-12-15
17465,"AUBERGE DU TRÉSOR",https://jaimelequebec.org/jmlq_lieu/auberge-du-tresor/,,,,,auberge-du-tresor,publish,1,philgoupil@yahoo.ca,philgoupil@yahoo.ca,,,,default,0,0,0,open,open,2025-12-15
17466,"AUBERGE DU SPORTIF",https://jaimelequebec.org/jmlq_lieu/auberge-du-sportif/,,,,,auberge-du-sportif,publish,1,philgoupil@yahoo.ca,philgoupil@yahoo.ca,,,,default,0,0,0,open,open,2025-12-15
17467,"AUBERGE DU QG",https://jaimelequebec.org/jmlq_lieu/auberge-du-qg/,,,,,auberge-du-qg,publish,1,philgoupil@yahoo.ca,philgoupil@yahoo.ca,,,,default,0,0,0,open,open,2025-12-15
17468,"AUBERGE DU PORTAGE - CENTRE DE VILLÉGIATURE ET DE SANTÉ",https://jaimelequebec.org/jmlq_lieu/auberge-du-portage-centre-de-villegiature-et-de-sante/,,,,,auberge-du-portage-centre-de-villegiature-et-de-sante,publish,1,philgoupil@yahoo.ca,philgoupil@yahoo.ca,,,,default,0,0,0,open,open,2025-12-15
17469,"Auberge du Portage",https://jaimelequebec.org/jmlq_lieu/auberge-du-portage/,,,,,auberge-du-portage,publish,1,philgoupil@yahoo.ca,philgoupil@yahoo.ca,,,,default,0,0,0,open,open,2025-12-15
17470,"GÎTE VITA BELLA B&B",https://jaimelequebec.org/jmlq_lieu/gite-vita-bella-bb/,,,,,gite-vita-bella-bb,publish,1,philgoupil@yahoo.ca,philgoupil@yahoo.ca,,,,default,0,0,0,open,open,2025-12-15
17471,"CLUB DES HAUTEURS DE CHARLEVOIX",https://jaimelequebec.org/jmlq_lieu/club-des-hauteurs-de-charlevoix/,,,,,club-des-hauteurs-de-charlevoix,publish,1,philgoupil@yahoo.ca,philgoupil@yahoo.ca,,,,default,0,0,0,open,open,2025-12-15
17472,"Club de voile et plage municipale de Drummondville",https://jaimelequebec.org/jmlq_lieu/club-de-voile-et-plage-municipale-de-drummondville/,,,,,club-de-voile-et-plage-municipale-de-drummondville,publish,1,philgoupil@yahoo.ca,philgoupil@yahoo.ca,,,,default,0,0,0,open,open,2025-12-15
17473,"Club de vélo Norcycle",https://jaimelequebec.org/jmlq_lieu/club-de-velo-norcycle/,,,,,club-de-velo-norcycle,publish,1,philgoupil@yahoo.ca,philgoupil@yahoo.ca,,,,default,0,0,0,open,open,2025-12-15
17474,"Club de Vélo Éolien de Matane",https://jaimelequebec.org/jmlq_lieu/club-de-velo-eolien-de-matane/,,,,,club-de-velo-eolien-de-matane,publish,1,philgoupil@yahoo.ca,philgoupil@yahoo.ca,,,,default,0,0,0,open,open,2025-12-15
17475,"Club de tir Ruisseau Noir",https://jaimelequebec.org/jmlq_lieu/club-de-tir-ruisseau-noir/,,,,,club-de-tir-ruisseau-noir,publish,1,philgoupil@yahoo.ca,philgoupil@yahoo.ca,,,,default,0,0,0,open,open,2025-12-15
17476,"Club de ski Mont Biencourt / Ski alpin et planche à neige",https://jaimelequebec.org/jmlq_lieu/club-de-ski-mont-biencourt-ski-alpin-et-planche-a-neige/,,,,,club-de-ski-mont-biencourt-ski-alpin-et-planche-a-neige,publish,1,philgoupil@yahoo.ca,philgoupil@yahoo.ca,,,,default,0,0,0,open,open,2025-12-15
17477,"Club de ski de fond Rapido de Sept-Îles",https://jaimelequebec.org/jmlq_lieu/club-de-ski-de-fond-rapido-de-sept-iles/,,,,,club-de-ski-de-fond-rapido-de-sept-iles,publish,1,philgoupil@yahoo.ca,philgoupil@yahoo.ca,,,,default,0,0,0,open,open,2025-12-15
17478,"Club de ski de fond Granada",https://jaimelequebec.org/jmlq_lieu/club-de-ski-de-fond-granada/,,,,,club-de-ski-de-fond-granada,publish,1,philgoupil@yahoo.ca,philgoupil@yahoo.ca,,,,default,0,0,0,open,open,2025-12-15
17479,"Club de ski de fond Évain",https://jaimelequebec.org/jmlq_lieu/club-de-ski-de-fond-evain/,,,,,club-de-ski-de-fond-evain,publish,1,philgoupil@yahoo.ca,philgoupil@yahoo.ca,,,,default,0,0,0,open,open,2025-12-15
17480,"CONDO - LES RIVES DU LAC ARCHAMBAULT 314",https://jaimelequebec.org/jmlq_lieu/condo-les-rives-du-lac-archambault-314/,,,,,condo-les-rives-du-lac-archambault-314,publish,1,philgoupil@yahoo.ca,philgoupil@yahoo.ca,,,,default,0,0,0,open,open,2025-12-15
17481,CONDO,https://jaimelequebec.org/jmlq_lieu/condo/,,,,,condo,publish,1,philgoupil@yahoo.ca,philgoupil@yahoo.ca,,,,default,0,0,0,open,open,2025-12-15
17482,"Complexes sportifs Terrebonne",https://jaimelequebec.org/jmlq_lieu/complexes-sportifs-terrebonne/,,,,,complexes-sportifs-terrebonne,publish,1,philgoupil@yahoo.ca,philgoupil@yahoo.ca,,,,default,0,0,0,open,open,2025-12-15
17483,"Club de Golf Ville-Marie",https://jaimelequebec.org/jmlq_lieu/club-de-golf-ville-marie/,,,,,club-de-golf-ville-marie,publish,1,philgoupil@yahoo.ca,philgoupil@yahoo.ca,,,,default,0,0,0,open,open,2025-12-15
17484,"Club de golf Trout River",https://jaimelequebec.org/jmlq_lieu/club-de-golf-trout-river/,,,,,club-de-golf-trout-river,publish,1,philgoupil@yahoo.ca,philgoupil@yahoo.ca,,,,default,0,0,0,open,open,2025-12-15
17485,"Club de golf Valleyfield",https://jaimelequebec.org/jmlq_lieu/club-de-golf-valleyfield/,,,,,club-de-golf-valleyfield,publish,1,philgoupil@yahoo.ca,philgoupil@yahoo.ca,,,,default,0,0,0,open,open,2025-12-15
17486,"LA LUCIOLE",https://jaimelequebec.org/jmlq_lieu/la-luciole/,,,,,la-luciole,publish,1,philgoupil@yahoo.ca,philgoupil@yahoo.ca,,,,default,0,0,0,open,open,2025-12-15
17487,"Vélo MSM",https://jaimelequebec.org/jmlq_lieu/velo-msm/,,,,,velo-msm,publish,1,philgoupil@yahoo.ca,philgoupil@yahoo.ca,,,,default,0,0,0,open,open,2025-12-15
17488,"JOSE RODRIGUEZ",https://jaimelequebec.org/jmlq_lieu/jose-rodriguez/,,,,,jose-rodriguez,publish,1,philgoupil@yahoo.ca,philgoupil@yahoo.ca,,,,default,0,0,0,open,open,2025-12-15
17489,"RIVERAIN - AU CHALET EN BOIS ROND",https://jaimelequebec.org/jmlq_lieu/riverain-au-chalet-en-bois-rond/,,,,,riverain-au-chalet-en-bois-rond,publish,1,philgoupil@yahoo.ca,philgoupil@yahoo.ca,,,,default,0,0,0,open,open,2025-12-15
17490,"Centre d'interprétation des marais salés",https://jaimelequebec.org/jmlq_lieu/centre-dinterpretation-des-marais-sales/,,,,,centre-dinterpretation-des-marais-sales,publish,1,philgoupil@yahoo.ca,philgoupil@yahoo.ca,,,,default,0,0,0,open,open,2025-12-15
17491,"HÔTEL LINDBERGH",https://jaimelequebec.org/jmlq_lieu/hotel-lindbergh/,,,,,hotel-lindbergh,publish,1,philgoupil@yahoo.ca,philgoupil@yahoo.ca,,,,default,0,0,0,open,open,2025-12-15
17492,"HÔTEL FLORIEL",https://jaimelequebec.org/jmlq_lieu/hotel-floriel/,,,,,hotel-floriel,publish,1,philgoupil@yahoo.ca,philgoupil@yahoo.ca,,,,default,0,0,0,open,open,2025-12-15
17493,AMAROK,https://jaimelequebec.org/jmlq_lieu/amarok/,,,,,amarok,publish,1,philgoupil@yahoo.ca,philgoupil@yahoo.ca,,,,default,0,0,0,open,open,2025-12-15
17494,"CAMP MUSICAL DES LAURENTIDES",https://jaimelequebec.org/jmlq_lieu/camp-musical-des-laurentides/,,,,,camp-musical-des-laurentides,publish,1,philgoupil@yahoo.ca,philgoupil@yahoo.ca,,,,default,0,0,0,open,open,2025-12-15
17495,"Club de Golf Les Vieilles Forges",https://jaimelequebec.org/jmlq_lieu/club-de-golf-les-vieilles-forges/,,,,,club-de-golf-les-vieilles-forges,publish,1,philgoupil@yahoo.ca,philgoupil@yahoo.ca,,,,default,0,0,0,open,open,2025-12-15
17496,"Club de golf Les Patriotes",https://jaimelequebec.org/jmlq_lieu/club-de-golf-les-patriotes/,,,,,club-de-golf-les-patriotes,publish,1,philgoupil@yahoo.ca,philgoupil@yahoo.ca,,,,default,0,0,0,open,open,2025-12-15
17497,"CAMPING BIVOUAK",https://jaimelequebec.org/jmlq_lieu/camping-bivouak/,,,,,camping-bivouak,publish,1,philgoupil@yahoo.ca,philgoupil@yahoo.ca,,,,default,0,0,0,open,open,2025-12-15
17498,"CAMPING BELLEY",https://jaimelequebec.org/jmlq_lieu/camping-belley/,,,,,camping-belley,publish,1,philgoupil@yahoo.ca,philgoupil@yahoo.ca,,,,default,0,0,0,open,open,2025-12-15
17499,"Écosurf Canada",https://jaimelequebec.org/jmlq_lieu/ecosurf-canada/,,,,,ecosurf-canada,publish,1,philgoupil@yahoo.ca,philgoupil@yahoo.ca,,,,default,0,0,0,open,open,2025-12-15
17500,"ECONO LODGE INN & SUITES",https://jaimelequebec.org/jmlq_lieu/econo-lodge-inn-suites/,,,,,econo-lodge-inn-suites,publish,1,philgoupil@yahoo.ca,philgoupil@yahoo.ca,,,,default,0,0,0,open,open,2025-12-15
17501,EcoMaris,https://jaimelequebec.org/jmlq_lieu/ecomaris/,,,,,ecomaris,publish,1,philgoupil@yahoo.ca,philgoupil@yahoo.ca,,,,default,0,0,0,open,open,2025-12-15
17502,"École internationale d'étude de la terre",https://jaimelequebec.org/jmlq_lieu/ecole-internationale-detude-de-la-terre/,,,,,ecole-internationale-detude-de-la-terre,publish,1,philgoupil@yahoo.ca,philgoupil@yahoo.ca,,,,default,0,0,0,open,open,2025-12-15
17503,"Chic alors !",https://jaimelequebec.org/jmlq_lieu/chic-alors/,,,,,chic-alors,publish,1,philgoupil@yahoo.ca,philgoupil@yahoo.ca,,,,default,0,0,0,open,open,2025-12-15
17504,"CHEZ-VOUS AU VILLAGE",https://jaimelequebec.org/jmlq_lieu/chez-vous-au-village/,,,,,chez-vous-au-village,publish,1,philgoupil@yahoo.ca,philgoupil@yahoo.ca,,,,default,0,0,0,open,open,2025-12-15
17505,"CHALET ALLARD RICHARD",https://jaimelequebec.org/jmlq_lieu/chalet-allard-richard/,,,,,chalet-allard-richard,publish,1,philgoupil@yahoo.ca,philgoupil@yahoo.ca,,,,default,0,0,0,open,open,2025-12-15
17506,"Expé Aventures",https://jaimelequebec.org/jmlq_lieu/expe-aventures/,,,,,expe-aventures,publish,1,philgoupil@yahoo.ca,philgoupil@yahoo.ca,,,,default,0,0,0,open,open,2025-12-15
17507,"1520 CHEMIN DU VERSANT-SOLEIL",https://jaimelequebec.org/jmlq_lieu/1520-chemin-du-versant-soleil/,,,,,1520-chemin-du-versant-soleil,publish,1,philgoupil@yahoo.ca,philgoupil@yahoo.ca,,,,default,0,0,0,open,open,2025-12-15
17508,"15 CHEMIN DES QUARANTE",https://jaimelequebec.org/jmlq_lieu/15-chemin-des-quarante/,,,,,15-chemin-des-quarante,publish,1,philgoupil@yahoo.ca,philgoupil@yahoo.ca,,,,default,0,0,0,open,open,2025-12-15
17509,"146 BOREALIS",https://jaimelequebec.org/jmlq_lieu/146-borealis/,,,,,146-borealis,publish,1,philgoupil@yahoo.ca,philgoupil@yahoo.ca,,,,default,0,0,0,open,open,2025-12-15
17510,"1404 LAC BEAUDOIN",https://jaimelequebec.org/jmlq_lieu/1404-lac-beaudoin/,,,,,1404-lac-beaudoin,publish,1,philgoupil@yahoo.ca,philgoupil@yahoo.ca,,,,default,0,0,0,open,open,2025-12-15
17511,"14 CHEMIN RUECKWALD",https://jaimelequebec.org/jmlq_lieu/14-chemin-rueckwald/,,,,,14-chemin-rueckwald,publish,1,philgoupil@yahoo.ca,philgoupil@yahoo.ca,,,,default,0,0,0,open,open,2025-12-15
17512,"ÉVASION TÉMIS-CAMPING",https://jaimelequebec.org/jmlq_lieu/evasion-temis-camping/,,,,,evasion-temis-camping,publish,1,philgoupil@yahoo.ca,philgoupil@yahoo.ca,,,,default,0,0,0,open,open,2025-12-15
17513,"CAMPING GASPÉ",https://jaimelequebec.org/jmlq_lieu/camping-gaspe/,,,,,camping-gaspe,publish,1,philgoupil@yahoo.ca,philgoupil@yahoo.ca,,,,default,0,0,0,open,open,2025-12-15
17514,"MAISON DU VILLAGE",https://jaimelequebec.org/jmlq_lieu/maison-du-village/,,,,,maison-du-village,publish,1,philgoupil@yahoo.ca,philgoupil@yahoo.ca,,,,default,0,0,0,open,open,2025-12-15
17515,"DE LA MONTAGNE",https://jaimelequebec.org/jmlq_lieu/de-la-montagne/,,,,,de-la-montagne,publish,1,philgoupil@yahoo.ca,philgoupil@yahoo.ca,,,,default,0,0,0,open,open,2025-12-15
17516,"Au Coin Pub Gastronomique",https://jaimelequebec.org/jmlq_lieu/au-coin-pub-gastronomique/,,,,,au-coin-pub-gastronomique,publish,1,philgoupil@yahoo.ca,philgoupil@yahoo.ca,,,,default,0,0,0,open,open,2025-12-15
17517,"AUBERGE ET CAMPAGNE",https://jaimelequebec.org/jmlq_lieu/auberge-et-campagne/,,,,,auberge-et-campagne,publish,1,philgoupil@yahoo.ca,philgoupil@yahoo.ca,,,,default,0,0,0,open,open,2025-12-15
17518,"Le Brasseur Noir",https://jaimelequebec.org/jmlq_lieu/le-brasseur-noir/,,,,,le-brasseur-noir,publish,1,philgoupil@yahoo.ca,philgoupil@yahoo.ca,,,,default,0,0,0,open,open,2025-12-15
17519,"Microbrasserie Ruisseau Noir inc",https://jaimelequebec.org/jmlq_lieu/microbrasserie-ruisseau-noir-inc/,,,,,microbrasserie-ruisseau-noir-inc,publish,1,philgoupil@yahoo.ca,philgoupil@yahoo.ca,,,,default,0,0,0,open,open,2025-12-15
17520,"Ranch Winslow",https://jaimelequebec.org/jmlq_lieu/ranch-winslow/,,,,,ranch-winslow,publish,1,philgoupil@yahoo.ca,philgoupil@yahoo.ca,,,,default,0,0,0,open,open,2025-12-15
17521,"Céramic Café-Studio (Terrebonne)",https://jaimelequebec.org/jmlq_lieu/ceramic-cafe-studio-terrebonne/,,,,,ceramic-cafe-studio-terrebonne,publish,1,philgoupil@yahoo.ca,philgoupil@yahoo.ca,,,,default,0,0,0,open,open,2025-12-15
17522,"Golf et Chalets Royal Laurentien",https://jaimelequebec.org/jmlq_lieu/golf-et-chalets-royal-laurentien/,,,,,golf-et-chalets-royal-laurentien,publish,1,philgoupil@yahoo.ca,philgoupil@yahoo.ca,,,,default,0,0,0,open,open,2025-12-15
17523,"Golf et Académie Longchamp",https://jaimelequebec.org/jmlq_lieu/golf-et-academie-longchamp/,,,,,golf-et-academie-longchamp,publish,1,philgoupil@yahoo.ca,philgoupil@yahoo.ca,,,,default,0,0,0,open,open,2025-12-15
17524,"Golf du Parc du Mont St-Mathieu",https://jaimelequebec.org/jmlq_lieu/golf-du-parc-du-mont-st-mathieu/,,,,,golf-du-parc-du-mont-st-mathieu,publish,1,philgoupil@yahoo.ca,philgoupil@yahoo.ca,,,,default,0,0,0,open,open,2025-12-15
17525,"Golf des Îles de Boucherville",https://jaimelequebec.org/jmlq_lieu/golf-des-iles-de-boucherville/,,,,,golf-des-iles-de-boucherville,publish,1,philgoupil@yahoo.ca,philgoupil@yahoo.ca,,,,default,0,0,0,open,open,2025-12-15
17526,"Golf Château-Bromont / Golf",https://jaimelequebec.org/jmlq_lieu/golf-chateau-bromont-golf/,,,,,golf-chateau-bromont-golf,publish,1,philgoupil@yahoo.ca,philgoupil@yahoo.ca,,,,default,0,0,0,open,open,2025-12-15
17527,"CHALETS DIDOCHE",https://jaimelequebec.org/jmlq_lieu/chalets-didoche/,,,,,chalets-didoche,publish,1,philgoupil@yahoo.ca,philgoupil@yahoo.ca,,,,default,0,0,0,open,open,2025-12-15
17528,"DOMAINE APPALOOSA",https://jaimelequebec.org/jmlq_lieu/domaine-appaloosa/,,,,,domaine-appaloosa,publish,1,philgoupil@yahoo.ca,philgoupil@yahoo.ca,,,,default,0,0,0,open,open,2025-12-15
17529,"LA MAISON DE L'ÎLE D'ORLÉANS",https://jaimelequebec.org/jmlq_lieu/la-maison-de-lile-dorleans/,,,,,la-maison-de-lile-dorleans,publish,1,philgoupil@yahoo.ca,philgoupil@yahoo.ca,,,,default,0,0,0,open,open,2025-12-15
17530,"VILLA ÉVASION",https://jaimelequebec.org/jmlq_lieu/villa-evasion/,,,,,villa-evasion,publish,1,philgoupil@yahoo.ca,philgoupil@yahoo.ca,,,,default,0,0,0,open,open,2025-12-15
17531,"Domaine Enchanteur (au Domaine de la forêt perdue)",https://jaimelequebec.org/jmlq_lieu/domaine-enchanteur-au-domaine-de-la-foret-perdue/,,,,,domaine-enchanteur-au-domaine-de-la-foret-perdue,publish,1,philgoupil@yahoo.ca,philgoupil@yahoo.ca,,,,default,0,0,0,open,open,2025-12-15
17532,"Club de golf de Victoriaville",https://jaimelequebec.org/jmlq_lieu/club-de-golf-de-victoriaville/,,,,,club-de-golf-de-victoriaville,publish,1,philgoupil@yahoo.ca,philgoupil@yahoo.ca,,,,default,0,0,0,open,open,2025-12-15
17533,"Chocolato|Second Cup",https://jaimelequebec.org/jmlq_lieu/chocolatosecond-cup/,,,,,chocolatosecond-cup,publish,1,philgoupil@yahoo.ca,philgoupil@yahoo.ca,,,,default,0,0,0,open,open,2025-12-15
17534,"Sentier International des Appalaches - Québec GR A1 (SIA-QC) | Piste / sentier | Matane | Bonjour Qu",https://jaimelequebec.org/jmlq_lieu/sentier-international-des-appalaches-quebec-gr-a1-sia-qc-piste-sentier-matane-bonjour-qu/,,,,,sentier-international-des-appalaches-quebec-gr-a1-sia-qc-piste-sentier-matane-bonjour-qu,publish,1,philgoupil@yahoo.ca,philgoupil@yahoo.ca,,,,default,0,0,0,open,open,2025-12-15
17535,"CAMP KINKORA",https://jaimelequebec.org/jmlq_lieu/camp-kinkora/,,,,,camp-kinkora,publish,1,philgoupil@yahoo.ca,philgoupil@yahoo.ca,,,,default,0,0,0,open,open,2025-12-15
17536,"GÎTE LA CACHE",https://jaimelequebec.org/jmlq_lieu/gite-la-cache/,,,,,gite-la-cache,publish,1,philgoupil@yahoo.ca,philgoupil@yahoo.ca,,,,default,0,0,0,open,open,2025-12-15
17537,"DÔMES NORDIK 4 SAISONS",https://jaimelequebec.org/jmlq_lieu/domes-nordik-4-saisons/,,,,,domes-nordik-4-saisons,publish,1,philgoupil@yahoo.ca,philgoupil@yahoo.ca,,,,default,0,0,0,open,open,2025-12-15
17538,"Chiens de traîneau Gatineau",https://jaimelequebec.org/jmlq_lieu/chiens-de-traineau-gatineau/,,,,,chiens-de-traineau-gatineau,publish,1,philgoupil@yahoo.ca,philgoupil@yahoo.ca,,,,default,0,0,0,open,open,2025-12-15
17539,"CAMP OLIER",https://jaimelequebec.org/jmlq_lieu/camp-olier/,,,,,camp-olier,publish,1,philgoupil@yahoo.ca,philgoupil@yahoo.ca,,,,default,0,0,0,open,open,2025-12-15
17540,"Club de golf Saint-Jérôme",https://jaimelequebec.org/jmlq_lieu/club-de-golf-saint-jerome/,,,,,club-de-golf-saint-jerome,publish,1,philgoupil@yahoo.ca,philgoupil@yahoo.ca,,,,default,0,0,0,open,open,2025-12-15
17541,"Club de golf Plessisville",https://jaimelequebec.org/jmlq_lieu/club-de-golf-plessisville/,,,,,club-de-golf-plessisville,publish,1,philgoupil@yahoo.ca,philgoupil@yahoo.ca,,,,default,0,0,0,open,open,2025-12-15
17542,"C'est Belge (Granby / boul. Robinson S.)",https://jaimelequebec.org/jmlq_lieu/cest-belge-granby-boul-robinson-s/,,,,,cest-belge-granby-boul-robinson-s,publish,1,philgoupil@yahoo.ca,philgoupil@yahoo.ca,,,,default,0,0,0,open,open,2025-12-15
17543,"ÉVOLUTION NATURE",https://jaimelequebec.org/jmlq_lieu/evolution-nature/,,,,,evolution-nature,publish,1,philgoupil@yahoo.ca,philgoupil@yahoo.ca,,,,default,0,0,0,open,open,2025-12-15
17544,"La Grande Roue de Montréal",https://jaimelequebec.org/jmlq_lieu/la-grande-roue-de-montreal/,,,,,la-grande-roue-de-montreal,publish,1,philgoupil@yahoo.ca,philgoupil@yahoo.ca,,,,default,0,0,0,open,open,2025-12-15
17545,"Centre d'escalade Beta Crux",https://jaimelequebec.org/jmlq_lieu/centre-descalade-beta-crux/,,,,,centre-descalade-beta-crux,publish,1,philgoupil@yahoo.ca,philgoupil@yahoo.ca,,,,default,0,0,0,open,open,2025-12-15
17546,"Centre d'éducation physique et de sports du Cégep du Vieux Montréal",https://jaimelequebec.org/jmlq_lieu/centre-deducation-physique-et-de-sports-du-cegep-du-vieux-montreal/,,,,,centre-deducation-physique-et-de-sports-du-cegep-du-vieux-montreal,publish,1,philgoupil@yahoo.ca,philgoupil@yahoo.ca,,,,default,0,0,0,open,open,2025-12-15
17547,"LA HALTE DU PÉRÉGRIN",https://jaimelequebec.org/jmlq_lieu/la-halte-du-peregrin/,,,,,la-halte-du-peregrin,publish,1,philgoupil@yahoo.ca,philgoupil@yahoo.ca,,,,default,0,0,0,open,open,2025-12-15
17548,"AUBERGE MON COIN DE PAYS",https://jaimelequebec.org/jmlq_lieu/auberge-mon-coin-de-pays/,,,,,auberge-mon-coin-de-pays,publish,1,philgoupil@yahoo.ca,philgoupil@yahoo.ca,,,,default,0,0,0,open,open,2025-12-15
17549,"AUBERGE L'ÉTAPE",https://jaimelequebec.org/jmlq_lieu/auberge-letape/,,,,,auberge-letape,publish,1,philgoupil@yahoo.ca,philgoupil@yahoo.ca,,,,default,0,0,0,open,open,2025-12-15
17550,"LE MURMURE",https://jaimelequebec.org/jmlq_lieu/le-murmure/,,,,,le-murmure,publish,1,philgoupil@yahoo.ca,philgoupil@yahoo.ca,,,,default,0,0,0,open,open,2025-12-15
17551,"LA 198",https://jaimelequebec.org/jmlq_lieu/la-198/,,,,,la-198,publish,1,philgoupil@yahoo.ca,philgoupil@yahoo.ca,,,,default,0,0,0,open,open,2025-12-15
17552,"LA GALOUÏNE AUBERGE",https://jaimelequebec.org/jmlq_lieu/la-galouine-auberge/,,,,,la-galouine-auberge,publish,1,philgoupil@yahoo.ca,philgoupil@yahoo.ca,,,,default,0,0,0,open,open,2025-12-15
17553,"4119 RUE SAINT-DENIS",https://jaimelequebec.org/jmlq_lieu/4119-rue-saint-denis/,,,,,4119-rue-saint-denis,publish,1,philgoupil@yahoo.ca,philgoupil@yahoo.ca,,,,default,0,0,0,open,open,2025-12-15
17554,"DÔMES BELLECHASSE",https://jaimelequebec.org/jmlq_lieu/domes-bellechasse/,,,,,domes-bellechasse,publish,1,philgoupil@yahoo.ca,philgoupil@yahoo.ca,,,,default,0,0,0,open,open,2025-12-15
17555,"CAMPING LES LIONS D’OR",https://jaimelequebec.org/jmlq_lieu/camping-les-lions-dor/,,,,,camping-les-lions-dor,publish,1,philgoupil@yahoo.ca,philgoupil@yahoo.ca,,,,default,0,0,0,open,open,2025-12-15
17556,"CHALET SNÖ",https://jaimelequebec.org/jmlq_lieu/chalet-sno/,,,,,chalet-sno,publish,1,philgoupil@yahoo.ca,philgoupil@yahoo.ca,,,,default,0,0,0,open,open,2025-12-15
17557,"ALPAGES 90-16 - LES CHALETS ALPINS",https://jaimelequebec.org/jmlq_lieu/alpages-90-16-les-chalets-alpins/,,,,,alpages-90-16-les-chalets-alpins,publish,1,philgoupil@yahoo.ca,philgoupil@yahoo.ca,,,,default,0,0,0,open,open,2025-12-15
17558,"LE CHASSE-GALERIE",https://jaimelequebec.org/jmlq_lieu/le-chasse-galerie/,,,,,le-chasse-galerie,publish,1,philgoupil@yahoo.ca,philgoupil@yahoo.ca,,,,default,0,0,0,open,open,2025-12-15
17559,"10 défis en randonnée à relever cet été | Blogue Bonjour Québec",https://jaimelequebec.org/jmlq_lieu/10-defis-en-randonnee-a-relever-cet-ete-blogue-bonjour-quebec/,,,,,10-defis-en-randonnee-a-relever-cet-ete-blogue-bonjour-quebec,publish,1,philgoupil@yahoo.ca,philgoupil@yahoo.ca,,,,default,0,0,0,open,open,2025-12-15
17560,"CAMPING ROYAL PAPINEAU",https://jaimelequebec.org/jmlq_lieu/camping-royal-papineau/,,,,,camping-royal-papineau,publish,1,philgoupil@yahoo.ca,philgoupil@yahoo.ca,,,,default,0,0,0,open,open,2025-12-15
17561,"LE CHIC SHACK",https://jaimelequebec.org/jmlq_lieu/le-chic-shack/,,,,,le-chic-shack,publish,1,philgoupil@yahoo.ca,philgoupil@yahoo.ca,,,,default,0,0,0,open,open,2025-12-15
17562,"Quilles G plus",https://jaimelequebec.org/jmlq_lieu/quilles-g-plus/,,,,,quilles-g-plus,publish,1,philgoupil@yahoo.ca,philgoupil@yahoo.ca,,,,default,0,0,0,open,open,2025-12-15
17563,"Centre sportif de l'UQAM",https://jaimelequebec.org/jmlq_lieu/centre-sportif-de-luqam/,,,,,centre-sportif-de-luqam,publish,1,philgoupil@yahoo.ca,philgoupil@yahoo.ca,,,,default,0,0,0,open,open,2025-12-15
17564,"Canot à Glace Charlevoix",https://jaimelequebec.org/jmlq_lieu/canot-a-glace-charlevoix/,,,,,canot-a-glace-charlevoix,publish,1,philgoupil@yahoo.ca,philgoupil@yahoo.ca,,,,default,0,0,0,open,open,2025-12-15
17565,"Centre plein air Bec-Scie - Sentier Eucher",https://jaimelequebec.org/jmlq_lieu/centre-plein-air-bec-scie-sentier-eucher/,,,,,centre-plein-air-bec-scie-sentier-eucher,publish,1,philgoupil@yahoo.ca,philgoupil@yahoo.ca,,,,default,0,0,0,open,open,2025-12-15
17566,"CHALET F-217 - RCNT CHALETS",https://jaimelequebec.org/jmlq_lieu/chalet-f-217-rcnt-chalets/,,,,,chalet-f-217-rcnt-chalets,publish,1,philgoupil@yahoo.ca,philgoupil@yahoo.ca,,,,default,0,0,0,open,open,2025-12-15
17567,"Bloom Sushi (Quartier des spectacles)",https://jaimelequebec.org/jmlq_lieu/bloom-sushi-quartier-des-spectacles/,,,,,bloom-sushi-quartier-des-spectacles,publish,1,philgoupil@yahoo.ca,philgoupil@yahoo.ca,,,,default,0,0,0,open,open,2025-12-15
17568,"PALMA* GRIFFINTOWN",https://jaimelequebec.org/jmlq_lieu/palma-griffintown/,,,,,palma-griffintown,publish,1,philgoupil@yahoo.ca,philgoupil@yahoo.ca,,,,default,0,0,0,open,open,2025-12-15
17569,"CAMPING BELLE-VIE",https://jaimelequebec.org/jmlq_lieu/camping-belle-vie/,,,,,camping-belle-vie,publish,1,philgoupil@yahoo.ca,philgoupil@yahoo.ca,,,,default,0,0,0,open,open,2025-12-15
17570,"Satay Brothers: Montreal’s Best Asian Restaurant in St Henri",https://jaimelequebec.org/jmlq_lieu/satay-brothers-montreals-best-asian-restaurant-in-st-henri/,,,,,satay-brothers-montreals-best-asian-restaurant-in-st-henri,publish,1,philgoupil@yahoo.ca,philgoupil@yahoo.ca,,,,default,0,0,0,open,open,2025-12-15
17571,"Le Roseline",https://jaimelequebec.org/jmlq_lieu/le-roseline/,,,,,le-roseline,publish,1,philgoupil@yahoo.ca,philgoupil@yahoo.ca,,,,default,0,0,0,open,open,2025-12-15
17572,"ALTITUDE 170-5 - TREMBLANT PRESTIGE",https://jaimelequebec.org/jmlq_lieu/altitude-170-5-tremblant-prestige/,,,,,altitude-170-5-tremblant-prestige,publish,1,philgoupil@yahoo.ca,philgoupil@yahoo.ca,,,,default,0,0,0,open,open,2025-12-15
17573,"Le circuit Gilles-Villeneuve",https://jaimelequebec.org/jmlq_lieu/le-circuit-gilles-villeneuve/,,,,,le-circuit-gilles-villeneuve,publish,1,philgoupil@yahoo.ca,philgoupil@yahoo.ca,,,,default,0,0,0,open,open,2025-12-15
17574,"BLANC 42 - LES CHALETS ALPINS",https://jaimelequebec.org/jmlq_lieu/blanc-42-les-chalets-alpins/,,,,,blanc-42-les-chalets-alpins,publish,1,philgoupil@yahoo.ca,philgoupil@yahoo.ca,,,,default,0,0,0,open,open,2025-12-15
17575,"Förena Cité thermale",https://jaimelequebec.org/jmlq_lieu/forena-cite-thermale/,,,,,forena-cite-thermale,publish,1,philgoupil@yahoo.ca,philgoupil@yahoo.ca,,,,default,0,0,0,open,open,2025-12-15
17576,"FOR-9B (OU CHALET-FORÊT 9B)",https://jaimelequebec.org/jmlq_lieu/for-9b-ou-chalet-foret-9b/,,,,,for-9b-ou-chalet-foret-9b,publish,1,philgoupil@yahoo.ca,philgoupil@yahoo.ca,,,,default,0,0,0,open,open,2025-12-15
17577,"HÔTEL LE MANOIR BAIE-COMEAU",https://jaimelequebec.org/jmlq_lieu/hotel-le-manoir-baie-comeau/,,,,,hotel-le-manoir-baie-comeau,publish,1,philgoupil@yahoo.ca,philgoupil@yahoo.ca,,,,default,0,0,0,open,open,2025-12-15
17578,"HÔTEL LE JARDIN DU GOUVERNEUR",https://jaimelequebec.org/jmlq_lieu/hotel-le-jardin-du-gouverneur/,,,,,hotel-le-jardin-du-gouverneur,publish,1,philgoupil@yahoo.ca,philgoupil@yahoo.ca,,,,default,0,0,0,open,open,2025-12-15
17579,"CAMPING PAVILLON DES PINS GRIS",https://jaimelequebec.org/jmlq_lieu/camping-pavillon-des-pins-gris/,,,,,camping-pavillon-des-pins-gris,publish,1,philgoupil@yahoo.ca,philgoupil@yahoo.ca,,,,default,0,0,0,open,open,2025-12-15
17580,"CAMPING MUNICIPAL SAINT-FRANÇOIS-DE-SALES",https://jaimelequebec.org/jmlq_lieu/camping-municipal-saint-francois-de-sales/,,,,,camping-municipal-saint-francois-de-sales,publish,1,philgoupil@yahoo.ca,philgoupil@yahoo.ca,,,,default,0,0,0,open,open,2025-12-15
17581,"Restaurant Antipode",https://jaimelequebec.org/jmlq_lieu/restaurant-antipode/,,,,,restaurant-antipode,publish,1,philgoupil@yahoo.ca,philgoupil@yahoo.ca,,,,default,0,0,0,open,open,2025-12-15
17582,"Céramic Café-Studio (Québec)",https://jaimelequebec.org/jmlq_lieu/ceramic-cafe-studio-quebec/,,,,,ceramic-cafe-studio-quebec,publish,1,philgoupil@yahoo.ca,philgoupil@yahoo.ca,,,,default,0,0,0,open,open,2025-12-15
17583,"Bâton Rouge Grillhouse & Bar (Joliette)",https://jaimelequebec.org/jmlq_lieu/baton-rouge-grillhouse-bar-joliette/,,,,,baton-rouge-grillhouse-bar-joliette,publish,1,philgoupil@yahoo.ca,philgoupil@yahoo.ca,,,,default,0,0,0,open,open,2025-12-15
17584,"CAMPING TURMEL",https://jaimelequebec.org/jmlq_lieu/camping-turmel/,,,,,camping-turmel,publish,1,philgoupil@yahoo.ca,philgoupil@yahoo.ca,,,,default,0,0,0,open,open,2025-12-15
17585,"CAMPING VÉLO BROMONT",https://jaimelequebec.org/jmlq_lieu/camping-velo-bromont/,,,,,camping-velo-bromont,publish,1,philgoupil@yahoo.ca,philgoupil@yahoo.ca,,,,default,0,0,0,open,open,2025-12-15
17586,"PANACHE 638 - TREMBLANT PRESTIGE",https://jaimelequebec.org/jmlq_lieu/panache-638-tremblant-prestige/,,,,,panache-638-tremblant-prestige,publish,1,philgoupil@yahoo.ca,philgoupil@yahoo.ca,,,,default,0,0,0,open,open,2025-12-15
17587,"CAMPING MONT-SAINTE-ANNE",https://jaimelequebec.org/jmlq_lieu/camping-mont-sainte-anne/,,,,,camping-mont-sainte-anne,publish,1,philgoupil@yahoo.ca,philgoupil@yahoo.ca,,,,default,0,0,0,open,open,2025-12-15
17588,"CAMPING PHARE CAP-CHAT",https://jaimelequebec.org/jmlq_lieu/camping-phare-cap-chat/,,,,,camping-phare-cap-chat,publish,1,philgoupil@yahoo.ca,philgoupil@yahoo.ca,,,,default,0,0,0,open,open,2025-12-15
17589,"Café Bohème",https://jaimelequebec.org/jmlq_lieu/cafe-boheme/,,,,,cafe-boheme,publish,1,philgoupil@yahoo.ca,philgoupil@yahoo.ca,,,,default,0,0,0,open,open,2025-12-15
17590,"Café Bloc",https://jaimelequebec.org/jmlq_lieu/cafe-bloc/,,,,,cafe-bloc,publish,1,philgoupil@yahoo.ca,philgoupil@yahoo.ca,,,,default,0,0,0,open,open,2025-12-15
17591,"CORNICHE 58",https://jaimelequebec.org/jmlq_lieu/corniche-58/,,,,,corniche-58,publish,1,philgoupil@yahoo.ca,philgoupil@yahoo.ca,,,,default,0,0,0,open,open,2025-12-15
17592,"CAMPING UNION - BASKATONG / POURVOIRIE RAINVILLE",https://jaimelequebec.org/jmlq_lieu/camping-union-baskatong-pourvoirie-rainville/,,,,,camping-union-baskatong-pourvoirie-rainville,publish,1,philgoupil@yahoo.ca,philgoupil@yahoo.ca,,,,default,0,0,0,open,open,2025-12-15
17593,"Camping De L'île Aux Lièvres | Camping et prêt-à-camper | Rivière-du-Loup | Bonjour Québec",https://jaimelequebec.org/jmlq_lieu/camping-de-lile-aux-lievres-camping-et-pret-a-camper-riviere-du-loup-bonjour-quebec/,,,,,camping-de-lile-aux-lievres-camping-et-pret-a-camper-riviere-du-loup-bonjour-quebec,publish,1,philgoupil@yahoo.ca,philgoupil@yahoo.ca,,,,default,0,0,0,open,open,2025-12-15
17594,"Aux Cinq Soeurs | Café Boutique",https://jaimelequebec.org/jmlq_lieu/aux-cinq-soeurs-cafe-boutique/,,,,,aux-cinq-soeurs-cafe-boutique,publish,1,philgoupil@yahoo.ca,philgoupil@yahoo.ca,,,,default,0,0,0,open,open,2025-12-15
17595,"Central Café",https://jaimelequebec.org/jmlq_lieu/central-cafe/,,,,,central-cafe,publish,1,philgoupil@yahoo.ca,philgoupil@yahoo.ca,,,,default,0,0,0,open,open,2025-12-15
17596,"CÉLESTE & CANOPÉ",https://jaimelequebec.org/jmlq_lieu/celeste-canope/,,,,,celeste-canope,publish,1,philgoupil@yahoo.ca,philgoupil@yahoo.ca,,,,default,0,0,0,open,open,2025-12-15
17597,"HÔTEL & SUITES NORMANDIN QUÉBEC",https://jaimelequebec.org/jmlq_lieu/hotel-suites-normandin-quebec/,,,,,hotel-suites-normandin-quebec,publish,1,philgoupil@yahoo.ca,philgoupil@yahoo.ca,,,,default,0,0,0,open,open,2025-12-15
17598,"CAMPING DOMAINE DU LAC LOUISE",https://jaimelequebec.org/jmlq_lieu/camping-domaine-du-lac-louise/,,,,,camping-domaine-du-lac-louise,publish,1,philgoupil@yahoo.ca,philgoupil@yahoo.ca,,,,default,0,0,0,open,open,2025-12-15
17599,"HUTTOPIA LES DEUX LACS LAURENTIDES",https://jaimelequebec.org/jmlq_lieu/huttopia-les-deux-lacs-laurentides/,,,,,huttopia-les-deux-lacs-laurentides,publish,1,philgoupil@yahoo.ca,philgoupil@yahoo.ca,,,,default,0,0,0,open,open,2025-12-15
17600,"Huit 100 Vingt",https://jaimelequebec.org/jmlq_lieu/huit-100-vingt/,,,,,huit-100-vingt,publish,1,philgoupil@yahoo.ca,philgoupil@yahoo.ca,,,,default,0,0,0,open,open,2025-12-15
17601,"CHALET LSM",https://jaimelequebec.org/jmlq_lieu/chalet-lsm/,,,,,chalet-lsm,publish,1,philgoupil@yahoo.ca,philgoupil@yahoo.ca,,,,default,0,0,0,open,open,2025-12-15
17602,"CHALET LOUIS CYR",https://jaimelequebec.org/jmlq_lieu/chalet-louis-cyr/,,,,,chalet-louis-cyr,publish,1,philgoupil@yahoo.ca,philgoupil@yahoo.ca,,,,default,0,0,0,open,open,2025-12-15
17603,"Brasserie Isle de Garde",https://jaimelequebec.org/jmlq_lieu/brasserie-isle-de-garde/,,,,,brasserie-isle-de-garde,publish,1,philgoupil@yahoo.ca,philgoupil@yahoo.ca,,,,default,0,0,0,open,open,2025-12-15
17604,"LA MAISON DES PIONNIERS",https://jaimelequebec.org/jmlq_lieu/la-maison-des-pionniers/,,,,,la-maison-des-pionniers,publish,1,philgoupil@yahoo.ca,philgoupil@yahoo.ca,,,,default,0,0,0,open,open,2025-12-15
17605,"CHALET FAMILIAL MONT BLANC",https://jaimelequebec.org/jmlq_lieu/chalet-familial-mont-blanc/,,,,,chalet-familial-mont-blanc,publish,1,philgoupil@yahoo.ca,philgoupil@yahoo.ca,,,,default,0,0,0,open,open,2025-12-15
17606,"Politique de confidentialité | Bonjour Québec",https://jaimelequebec.org/jmlq_lieu/politique-de-confidentialite-bonjour-quebec/,,,,,politique-de-confidentialite-bonjour-quebec,publish,1,philgoupil@yahoo.ca,philgoupil@yahoo.ca,,,,default,0,0,0,open,open,2025-12-15
17607,"AUBERGE LE SAINT-ALEXIS",https://jaimelequebec.org/jmlq_lieu/auberge-le-saint-alexis/,,,,,auberge-le-saint-alexis,publish,1,philgoupil@yahoo.ca,philgoupil@yahoo.ca,,,,default,0,0,0,open,open,2025-12-15
17608,"DOMAINE DU LAC DES CÈDRES",https://jaimelequebec.org/jmlq_lieu/domaine-du-lac-des-cedres-2/,,,,,domaine-du-lac-des-cedres-2,publish,1,philgoupil@yahoo.ca,philgoupil@yahoo.ca,,,,default,0,0,0,open,open,2025-12-15
17609,"DOMAINE DU LAC CHARETTE",https://jaimelequebec.org/jmlq_lieu/domaine-du-lac-charette/,,,,,domaine-du-lac-charette,publish,1,philgoupil@yahoo.ca,philgoupil@yahoo.ca,,,,default,0,0,0,open,open,2025-12-15
17610,"CAMPING CARAVELLE",https://jaimelequebec.org/jmlq_lieu/camping-caravelle/,,,,,camping-caravelle,publish,1,philgoupil@yahoo.ca,philgoupil@yahoo.ca,,,,default,0,0,0,open,open,2025-12-15
17611,"CAMPING CAPITAINE HOMARD",https://jaimelequebec.org/jmlq_lieu/camping-capitaine-homard/,,,,,camping-capitaine-homard,publish,1,philgoupil@yahoo.ca,philgoupil@yahoo.ca,,,,default,0,0,0,open,open,2025-12-15
17612,"CAMPING CANNE DE BOIS DE HEMMINGFORD",https://jaimelequebec.org/jmlq_lieu/camping-canne-de-bois-de-hemmingford/,,,,,camping-canne-de-bois-de-hemmingford,publish,1,philgoupil@yahoo.ca,philgoupil@yahoo.ca,,,,default,0,0,0,open,open,2025-12-15
17613,"CAMPING CAMP D'ACCUEIL",https://jaimelequebec.org/jmlq_lieu/camping-camp-daccueil/,,,,,camping-camp-daccueil,publish,1,philgoupil@yahoo.ca,philgoupil@yahoo.ca,,,,default,0,0,0,open,open,2025-12-15
17614,"LA PETITE OASIS",https://jaimelequebec.org/jmlq_lieu/la-petite-oasis/,,,,,la-petite-oasis,publish,1,philgoupil@yahoo.ca,philgoupil@yahoo.ca,,,,default,0,0,0,open,open,2025-12-15
17615,"AUBERGE LA CAMARINE",https://jaimelequebec.org/jmlq_lieu/auberge-la-camarine/,,,,,auberge-la-camarine,publish,1,philgoupil@yahoo.ca,philgoupil@yahoo.ca,,,,default,0,0,0,open,open,2025-12-15
17616,"Bruno Vélo",https://jaimelequebec.org/jmlq_lieu/bruno-velo/,,,,,bruno-velo,publish,1,philgoupil@yahoo.ca,philgoupil@yahoo.ca,,,,default,0,0,0,open,open,2025-12-15
17617,"Animal Paquin",https://jaimelequebec.org/jmlq_lieu/animal-paquin/,,,,,animal-paquin,publish,1,philgoupil@yahoo.ca,philgoupil@yahoo.ca,,,,default,0,0,0,open,open,2025-12-15
17618,"Club de golf Le Laurier",https://jaimelequebec.org/jmlq_lieu/club-de-golf-le-laurier/,,,,,club-de-golf-le-laurier,publish,1,philgoupil@yahoo.ca,philgoupil@yahoo.ca,,,,default,0,0,0,open,open,2025-12-15
17619,"Club de golf Le Grand Portneuf",https://jaimelequebec.org/jmlq_lieu/club-de-golf-le-grand-portneuf/,,,,,club-de-golf-le-grand-portneuf,publish,1,philgoupil@yahoo.ca,philgoupil@yahoo.ca,,,,default,0,0,0,open,open,2025-12-15
17620,"Club de golf Le Gaspésien",https://jaimelequebec.org/jmlq_lieu/club-de-golf-le-gaspesien/,,,,,club-de-golf-le-gaspesien,publish,1,philgoupil@yahoo.ca,philgoupil@yahoo.ca,,,,default,0,0,0,open,open,2025-12-15
17621,"Club de golf Le Drummond St-Majorique Inc.",https://jaimelequebec.org/jmlq_lieu/club-de-golf-le-drummond-st-majorique-inc/,,,,,club-de-golf-le-drummond-st-majorique-inc,publish,1,philgoupil@yahoo.ca,philgoupil@yahoo.ca,,,,default,0,0,0,open,open,2025-12-15
17622,"AU FIL DU TEMPS",https://jaimelequebec.org/jmlq_lieu/au-fil-du-temps/,,,,,au-fil-du-temps,publish,1,philgoupil@yahoo.ca,philgoupil@yahoo.ca,,,,default,0,0,0,open,open,2025-12-15
17623,"AU DOMAINE SOUS UN CIEL ÉTOILÉ",https://jaimelequebec.org/jmlq_lieu/au-domaine-sous-un-ciel-etoile/,,,,,au-domaine-sous-un-ciel-etoile,publish,1,philgoupil@yahoo.ca,philgoupil@yahoo.ca,,,,default,0,0,0,open,open,2025-12-15
17624,"BLANC 01 - LES CHALETS ALPINS",https://jaimelequebec.org/jmlq_lieu/blanc-01-les-chalets-alpins/,,,,,blanc-01-les-chalets-alpins,publish,1,philgoupil@yahoo.ca,philgoupil@yahoo.ca,,,,default,0,0,0,open,open,2025-12-15
17625,"CACHET DU 19E",https://jaimelequebec.org/jmlq_lieu/cachet-du-19e/,,,,,cachet-du-19e,publish,1,philgoupil@yahoo.ca,philgoupil@yahoo.ca,,,,default,0,0,0,open,open,2025-12-15
17626,"CAMPING LA BANNIK",https://jaimelequebec.org/jmlq_lieu/camping-la-bannik/,,,,,camping-la-bannik,publish,1,philgoupil@yahoo.ca,philgoupil@yahoo.ca,,,,default,0,0,0,open,open,2025-12-15
17627,"CAMPING PLAGE BEAUBASSIN",https://jaimelequebec.org/jmlq_lieu/camping-plage-beaubassin/,,,,,camping-plage-beaubassin,publish,1,philgoupil@yahoo.ca,philgoupil@yahoo.ca,,,,default,0,0,0,open,open,2025-12-15
17628,"LA PERSÉIDE",https://jaimelequebec.org/jmlq_lieu/la-perseide/,,,,,la-perseide,publish,1,philgoupil@yahoo.ca,philgoupil@yahoo.ca,,,,default,0,0,0,open,open,2025-12-15
17629,"Iru Izakaya",https://jaimelequebec.org/jmlq_lieu/iru-izakaya/,,,,,iru-izakaya,publish,1,philgoupil@yahoo.ca,philgoupil@yahoo.ca,,,,default,0,0,0,open,open,2025-12-15
17630,"17 événements gourmands pour savourer l’automne 2025 | Blogue Bonjour Québec",https://jaimelequebec.org/jmlq_lieu/17-evenements-gourmands-pour-savourer-lautomne-2025-blogue-bonjour-quebec/,,,,,17-evenements-gourmands-pour-savourer-lautomne-2025-blogue-bonjour-quebec,publish,1,philgoupil@yahoo.ca,philgoupil@yahoo.ca,,,,default,0,0,0,open,open,2025-12-15
17631,ALFRED,https://jaimelequebec.org/jmlq_lieu/alfred/,,,,,alfred,publish,1,philgoupil@yahoo.ca,philgoupil@yahoo.ca,,,,default,0,0,0,open,open,2025-12-15
17632,"CAMPING PIONNIER",https://jaimelequebec.org/jmlq_lieu/camping-pionnier/,,,,,camping-pionnier,publish,1,philgoupil@yahoo.ca,philgoupil@yahoo.ca,,,,default,0,0,0,open,open,2025-12-15
17633,"L’Isle-aux-Coudres | Charlevoix | Bonjour Québec",https://jaimelequebec.org/jmlq_lieu/lisle-aux-coudres-charlevoix-bonjour-quebec/,,,,,lisle-aux-coudres-charlevoix-bonjour-quebec,publish,1,philgoupil@yahoo.ca,philgoupil@yahoo.ca,,,,default,0,0,0,open,open,2025-12-15
17634,"À LA CROISÉE DES SOMMETS",https://jaimelequebec.org/jmlq_lieu/a-la-croisee-des-sommets/,,,,,a-la-croisee-des-sommets,publish,1,philgoupil@yahoo.ca,philgoupil@yahoo.ca,,,,default,0,0,0,open,open,2025-12-15
17635,"Bistro Kapzak",https://jaimelequebec.org/jmlq_lieu/bistro-kapzak/,,,,,bistro-kapzak,publish,1,philgoupil@yahoo.ca,philgoupil@yahoo.ca,,,,default,0,0,0,open,open,2025-12-15
17636,KALM,https://jaimelequebec.org/jmlq_lieu/kalm/,,,,,kalm,publish,1,philgoupil@yahoo.ca,philgoupil@yahoo.ca,,,,default,0,0,0,open,open,2025-12-15
17637,"MAISON DES ARTISTES - CULTURE SAINT-CASIMIR",https://jaimelequebec.org/jmlq_lieu/maison-des-artistes-culture-saint-casimir/,,,,,maison-des-artistes-culture-saint-casimir,publish,1,philgoupil@yahoo.ca,philgoupil@yahoo.ca,,,,default,0,0,0,open,open,2025-12-15
17638,L'HIRONDELLE,https://jaimelequebec.org/jmlq_lieu/lhirondelle/,,,,,lhirondelle,publish,1,philgoupil@yahoo.ca,philgoupil@yahoo.ca,,,,default,0,0,0,open,open,2025-12-15
17639,"À La Dérive Brasserie Artisanale",https://jaimelequebec.org/jmlq_lieu/a-la-derive-brasserie-artisanale/,,,,,a-la-derive-brasserie-artisanale,publish,1,philgoupil@yahoo.ca,philgoupil@yahoo.ca,,,,default,0,0,0,open,open,2025-12-15
17640,"CHALETS & SPA LAC-ST-JEAN - MELESE",https://jaimelequebec.org/jmlq_lieu/chalets-spa-lac-st-jean-melese/,,,,,chalets-spa-lac-st-jean-melese,publish,1,philgoupil@yahoo.ca,philgoupil@yahoo.ca,,,,default,0,0,0,open,open,2025-12-15
17641,"LA MAISON VICTORIA",https://jaimelequebec.org/jmlq_lieu/la-maison-victoria/,,,,,la-maison-victoria,publish,1,philgoupil@yahoo.ca,philgoupil@yahoo.ca,,,,default,0,0,0,open,open,2025-12-15
17642,"LA MAISON TREMBLAY",https://jaimelequebec.org/jmlq_lieu/la-maison-tremblay/,,,,,la-maison-tremblay,publish,1,philgoupil@yahoo.ca,philgoupil@yahoo.ca,,,,default,0,0,0,open,open,2025-12-15
17643,"Café Campagne",https://jaimelequebec.org/jmlq_lieu/cafe-campagne/,,,,,cafe-campagne,publish,1,philgoupil@yahoo.ca,philgoupil@yahoo.ca,,,,default,0,0,0,open,open,2025-12-15
17644,"Centre de bain thermal et Centre santé Le Marion",https://jaimelequebec.org/jmlq_lieu/centre-de-bain-thermal-et-centre-sante-le-marion/,,,,,centre-de-bain-thermal-et-centre-sante-le-marion,publish,1,philgoupil@yahoo.ca,philgoupil@yahoo.ca,,,,default,0,0,0,open,open,2025-12-15
17645,"BOISÉ RIVIÈRE",https://jaimelequebec.org/jmlq_lieu/boise-riviere/,,,,,boise-riviere,publish,1,philgoupil@yahoo.ca,philgoupil@yahoo.ca,,,,default,0,0,0,open,open,2025-12-15
17646,"Club de golf Les Arpents Verts",https://jaimelequebec.org/jmlq_lieu/club-de-golf-les-arpents-verts/,,,,,club-de-golf-les-arpents-verts,publish,1,philgoupil@yahoo.ca,philgoupil@yahoo.ca,,,,default,0,0,0,open,open,2025-12-15
17647,"AUBERGE CENTRE-VILLE",https://jaimelequebec.org/jmlq_lieu/auberge-centre-ville/,,,,,auberge-centre-ville,publish,1,philgoupil@yahoo.ca,philgoupil@yahoo.ca,,,,default,0,0,0,open,open,2025-12-15
17648,"GÎTE DES BELVÉDÈRES",https://jaimelequebec.org/jmlq_lieu/gite-des-belvederes/,,,,,gite-des-belvederes,publish,1,philgoupil@yahoo.ca,philgoupil@yahoo.ca,,,,default,0,0,0,open,open,2025-12-15
17649,"LA MAISON",https://jaimelequebec.org/jmlq_lieu/la-maison/,,,,,la-maison,publish,1,philgoupil@yahoo.ca,philgoupil@yahoo.ca,,,,default,0,0,0,open,open,2025-12-15
17650,"L'ÉTOILE DE LA MONTAGNE",https://jaimelequebec.org/jmlq_lieu/letoile-de-la-montagne/,,,,,letoile-de-la-montagne,publish,1,philgoupil@yahoo.ca,philgoupil@yahoo.ca,,,,default,0,0,0,open,open,2025-12-15
17651,"CAMP BROCHET",https://jaimelequebec.org/jmlq_lieu/camp-brochet/,,,,,camp-brochet,publish,1,philgoupil@yahoo.ca,philgoupil@yahoo.ca,,,,default,0,0,0,open,open,2025-12-15
17652,"Camp Boule - Buvette de montagne",https://jaimelequebec.org/jmlq_lieu/camp-boule-buvette-de-montagne/,,,,,camp-boule-buvette-de-montagne,publish,1,philgoupil@yahoo.ca,philgoupil@yahoo.ca,,,,default,0,0,0,open,open,2025-12-15
17653,"CAMP B'NAI BRITH OF OTTAWA",https://jaimelequebec.org/jmlq_lieu/camp-bnai-brith-of-ottawa/,,,,,camp-bnai-brith-of-ottawa,publish,1,philgoupil@yahoo.ca,philgoupil@yahoo.ca,,,,default,0,0,0,open,open,2025-12-15
17654,"CAMP B'NAI BRITH",https://jaimelequebec.org/jmlq_lieu/camp-bnai-brith/,,,,,camp-bnai-brith,publish,1,philgoupil@yahoo.ca,philgoupil@yahoo.ca,,,,default,0,0,0,open,open,2025-12-15
17655,CAMP,https://jaimelequebec.org/jmlq_lieu/camp/,,,,,camp,publish,1,philgoupil@yahoo.ca,philgoupil@yahoo.ca,,,,default,0,0,0,open,open,2025-12-15
17656,Caméline,https://jaimelequebec.org/jmlq_lieu/cameline/,,,,,cameline,publish,1,philgoupil@yahoo.ca,philgoupil@yahoo.ca,,,,default,0,0,0,open,open,2025-12-15
17657,CALYPSO,https://jaimelequebec.org/jmlq_lieu/calypso/,,,,,calypso,publish,1,philgoupil@yahoo.ca,philgoupil@yahoo.ca,,,,default,0,0,0,open,open,2025-12-15
17658,"Calvi Bistro Méditerranéen",https://jaimelequebec.org/jmlq_lieu/calvi-bistro-mediterraneen/,,,,,calvi-bistro-mediterraneen,publish,1,philgoupil@yahoo.ca,philgoupil@yahoo.ca,,,,default,0,0,0,open,open,2025-12-15
17659,"CALUMET - AU CHALET EN BOIS ROND",https://jaimelequebec.org/jmlq_lieu/calumet-au-chalet-en-bois-rond/,,,,,calumet-au-chalet-en-bois-rond,publish,1,philgoupil@yahoo.ca,philgoupil@yahoo.ca,,,,default,0,0,0,open,open,2025-12-15
17660,"Bienvenue - Café Chez Sophie",https://jaimelequebec.org/jmlq_lieu/bienvenue-cafe-chez-sophie/,,,,,bienvenue-cafe-chez-sophie,publish,1,philgoupil@yahoo.ca,philgoupil@yahoo.ca,,,,default,0,0,0,open,open,2025-12-15
17661,"CAMPING DES ROSES",https://jaimelequebec.org/jmlq_lieu/camping-des-roses/,,,,,camping-des-roses,publish,1,philgoupil@yahoo.ca,philgoupil@yahoo.ca,,,,default,0,0,0,open,open,2025-12-15
17662,"MOTEL SAINT BRUNO",https://jaimelequebec.org/jmlq_lieu/motel-saint-bruno/,,,,,motel-saint-bruno,publish,1,philgoupil@yahoo.ca,philgoupil@yahoo.ca,,,,default,0,0,0,open,open,2025-12-15
17663,"Café La Chouette (Saint-Denis)",https://jaimelequebec.org/jmlq_lieu/cafe-la-chouette-saint-denis/,,,,,cafe-la-chouette-saint-denis,publish,1,philgoupil@yahoo.ca,philgoupil@yahoo.ca,,,,default,0,0,0,open,open,2025-12-15
17664,"LA CACHE OUTFITTERS",https://jaimelequebec.org/jmlq_lieu/la-cache-outfitters/,,,,,la-cache-outfitters,publish,1,philgoupil@yahoo.ca,philgoupil@yahoo.ca,,,,default,0,0,0,open,open,2025-12-15
17665,"CAMPING MUNICIPAL CHEMIN FAISANT",https://jaimelequebec.org/jmlq_lieu/camping-municipal-chemin-faisant/,,,,,camping-municipal-chemin-faisant,publish,1,philgoupil@yahoo.ca,philgoupil@yahoo.ca,,,,default,0,0,0,open,open,2025-12-15
17666,L'ÉTOILÉ,https://jaimelequebec.org/jmlq_lieu/letoile/,,,,,letoile,publish,1,philgoupil@yahoo.ca,philgoupil@yahoo.ca,,,,default,0,0,0,open,open,2025-12-15
17667,"CAMPING PLAGE CHAMPLAIN",https://jaimelequebec.org/jmlq_lieu/camping-plage-champlain/,,,,,camping-plage-champlain,publish,1,philgoupil@yahoo.ca,philgoupil@yahoo.ca,,,,default,0,0,0,open,open,2025-12-15
17668,"Beat & Betterave | Café spectacles et Nano brasserie",https://jaimelequebec.org/jmlq_lieu/beat-betterave-cafe-spectacles-et-nano-brasserie/,,,,,beat-betterave-cafe-spectacles-et-nano-brasserie,publish,1,philgoupil@yahoo.ca,philgoupil@yahoo.ca,,,,default,0,0,0,open,open,2025-12-15
17669,"Hébergement DE LA MONTAGNE ST-ROCH",https://jaimelequebec.org/jmlq_lieu/hebergement-de-la-montagne-st-roch/,,,,,hebergement-de-la-montagne-st-roch,publish,1,philgoupil@yahoo.ca,philgoupil@yahoo.ca,,,,default,0,0,0,open,open,2025-12-15
17670,"Bistro Clau Clau",https://jaimelequebec.org/jmlq_lieu/bistro-clau-clau/,,,,,bistro-clau-clau,publish,1,philgoupil@yahoo.ca,philgoupil@yahoo.ca,,,,default,0,0,0,open,open,2025-12-15
17671,"Centre plein air Bec-Scie - Sentier Eucher | Piste / sentier | Saguenay | Bonjour Québec",https://jaimelequebec.org/jmlq_lieu/centre-plein-air-bec-scie-sentier-eucher-piste-sentier-saguenay-bonjour-quebec/,,,,,centre-plein-air-bec-scie-sentier-eucher-piste-sentier-saguenay-bonjour-quebec,publish,1,philgoupil@yahoo.ca,philgoupil@yahoo.ca,,,,default,0,0,0,open,open,2025-12-15
17672,"APARTHOTEL PRINCE-ARTHUR",https://jaimelequebec.org/jmlq_lieu/aparthotel-prince-arthur/,,,,,aparthotel-prince-arthur,publish,1,philgoupil@yahoo.ca,philgoupil@yahoo.ca,,,,default,0,0,0,open,open,2025-12-15
17673,"L'AUBERGE DU NOTAIRE",https://jaimelequebec.org/jmlq_lieu/lauberge-du-notaire/,,,,,lauberge-du-notaire,publish,1,philgoupil@yahoo.ca,philgoupil@yahoo.ca,,,,default,0,0,0,open,open,2025-12-15
17674,"L'AUBERGE DU CAFÉ ACADIEN",https://jaimelequebec.org/jmlq_lieu/lauberge-du-cafe-acadien/,,,,,lauberge-du-cafe-acadien,publish,1,philgoupil@yahoo.ca,philgoupil@yahoo.ca,,,,default,0,0,0,open,open,2025-12-15
17675,"CHALET 28",https://jaimelequebec.org/jmlq_lieu/chalet-28/,,,,,chalet-28,publish,1,philgoupil@yahoo.ca,philgoupil@yahoo.ca,,,,default,0,0,0,open,open,2025-12-15
17676,"Centre sportif du Cégep Édouard-Montpetit",https://jaimelequebec.org/jmlq_lieu/centre-sportif-du-cegep-edouard-montpetit/,,,,,centre-sportif-du-cegep-edouard-montpetit,publish,1,philgoupil@yahoo.ca,philgoupil@yahoo.ca,,,,default,0,0,0,open,open,2025-12-15
17677,"Café Passion",https://jaimelequebec.org/jmlq_lieu/cafe-passion/,,,,,cafe-passion,publish,1,philgoupil@yahoo.ca,philgoupil@yahoo.ca,,,,default,0,0,0,open,open,2025-12-15
17678,"Anisipi - Le Puit|Oteipan",https://jaimelequebec.org/jmlq_lieu/anisipi-le-puitoteipan/,,,,,anisipi-le-puitoteipan,publish,1,philgoupil@yahoo.ca,philgoupil@yahoo.ca,,,,default,0,0,0,open,open,2025-12-15
17679,"GEAI BLEU - LOCATION 4 SAISONS",https://jaimelequebec.org/jmlq_lieu/geai-bleu-location-4-saisons/,,,,,geai-bleu-location-4-saisons,publish,1,philgoupil@yahoo.ca,philgoupil@yahoo.ca,,,,default,0,0,0,open,open,2025-12-15
17680,"District Golf",https://jaimelequebec.org/jmlq_lieu/district-golf/,,,,,district-golf,publish,1,philgoupil@yahoo.ca,philgoupil@yahoo.ca,,,,default,0,0,0,open,open,2025-12-15
17681,"RÉSIDENCES DE L'UNIVERSITÉ MCGILL (ROYAL VICTORIA)",https://jaimelequebec.org/jmlq_lieu/residences-de-luniversite-mcgill-royal-victoria/,,,,,residences-de-luniversite-mcgill-royal-victoria,publish,1,philgoupil@yahoo.ca,philgoupil@yahoo.ca,,,,default,0,0,0,open,open,2025-12-15
17682,"CAMPING MUNICIPAL",https://jaimelequebec.org/jmlq_lieu/camping-municipal/,,,,,camping-municipal,publish,1,philgoupil@yahoo.ca,philgoupil@yahoo.ca,,,,default,0,0,0,open,open,2025-12-15
17683,"CAMPING DE LA BAIE-VERTE",https://jaimelequebec.org/jmlq_lieu/camping-de-la-baie-verte/,,,,,camping-de-la-baie-verte,publish,1,philgoupil@yahoo.ca,philgoupil@yahoo.ca,,,,default,0,0,0,open,open,2025-12-15
17684,"PAVILLON WAPUS",https://jaimelequebec.org/jmlq_lieu/pavillon-wapus/,,,,,pavillon-wapus,publish,1,philgoupil@yahoo.ca,philgoupil@yahoo.ca,,,,default,0,0,0,open,open,2025-12-15
17685,"AUBERGE DE LA POINTE",https://jaimelequebec.org/jmlq_lieu/auberge-de-la-pointe/,,,,,auberge-de-la-pointe,publish,1,philgoupil@yahoo.ca,philgoupil@yahoo.ca,,,,default,0,0,0,open,open,2025-12-15
17686,"YOURTES DU CENTRE CULTUREL LE GRIFFON",https://jaimelequebec.org/jmlq_lieu/yourtes-du-centre-culturel-le-griffon/,,,,,yourtes-du-centre-culturel-le-griffon,publish,1,philgoupil@yahoo.ca,philgoupil@yahoo.ca,,,,default,0,0,0,open,open,2025-12-15
17687,"Plage du Centre de la nature",https://jaimelequebec.org/jmlq_lieu/plage-du-centre-de-la-nature/,,,,,plage-du-centre-de-la-nature,publish,1,philgoupil@yahoo.ca,philgoupil@yahoo.ca,,,,default,0,0,0,open,open,2025-12-15
17688,"HÔTEL QUINTESSENCE",https://jaimelequebec.org/jmlq_lieu/hotel-quintessence/,,,,,hotel-quintessence,publish,1,philgoupil@yahoo.ca,philgoupil@yahoo.ca,,,,default,0,0,0,open,open,2025-12-15
17689,"Ciccio Café",https://jaimelequebec.org/jmlq_lieu/ciccio-cafe/,,,,,ciccio-cafe,publish,1,philgoupil@yahoo.ca,philgoupil@yahoo.ca,,,,default,0,0,0,open,open,2025-12-15
17690,303CITÉ,https://jaimelequebec.org/jmlq_lieu/303cite/,,,,,303cite,publish,1,philgoupil@yahoo.ca,philgoupil@yahoo.ca,,,,default,0,0,0,open,open,2025-12-15
17691,"Albion - Pub et Restaurant",https://jaimelequebec.org/jmlq_lieu/albion-pub-et-restaurant/,,,,,albion-pub-et-restaurant,publish,1,philgoupil@yahoo.ca,philgoupil@yahoo.ca,,,,default,0,0,0,open,open,2025-12-15
17692,"Alati Caserta",https://jaimelequebec.org/jmlq_lieu/alati-caserta/,,,,,alati-caserta,publish,1,philgoupil@yahoo.ca,philgoupil@yahoo.ca,,,,default,0,0,0,open,open,2025-12-15
17693,"POURVOIRIE BAROUX",https://jaimelequebec.org/jmlq_lieu/pourvoirie-baroux/,,,,,pourvoirie-baroux,publish,1,philgoupil@yahoo.ca,philgoupil@yahoo.ca,,,,default,0,0,0,open,open,2025-12-15
17694,"STUDIOS CHANTECLAIR VILLÉGIATURE RESORT",https://jaimelequebec.org/jmlq_lieu/studios-chanteclair-villegiature-resort/,,,,,studios-chanteclair-villegiature-resort,publish,1,philgoupil@yahoo.ca,philgoupil@yahoo.ca,,,,default,0,0,0,open,open,2025-12-15
17695,"CAMPING PLEIN AIR",https://jaimelequebec.org/jmlq_lieu/camping-plein-air/,,,,,camping-plein-air,publish,1,philgoupil@yahoo.ca,philgoupil@yahoo.ca,,,,default,0,0,0,open,open,2025-12-15
17696,"CAMPING PLAGE ST-RAYMOND",https://jaimelequebec.org/jmlq_lieu/camping-plage-st-raymond/,,,,,camping-plage-st-raymond,publish,1,philgoupil@yahoo.ca,philgoupil@yahoo.ca,,,,default,0,0,0,open,open,2025-12-15
17697,"CAMPING PLAGE ROBERTSON",https://jaimelequebec.org/jmlq_lieu/camping-plage-robertson/,,,,,camping-plage-robertson,publish,1,philgoupil@yahoo.ca,philgoupil@yahoo.ca,,,,default,0,0,0,open,open,2025-12-15
17698,"CAMPING PLAGE POHÉNÉGAMOOK",https://jaimelequebec.org/jmlq_lieu/camping-plage-pohenegamook/,,,,,camping-plage-pohenegamook,publish,1,philgoupil@yahoo.ca,philgoupil@yahoo.ca,,,,default,0,0,0,open,open,2025-12-15
17699,"CAMPING PLAGE PHILIPSBURG",https://jaimelequebec.org/jmlq_lieu/camping-plage-philipsburg/,,,,,camping-plage-philipsburg,publish,1,philgoupil@yahoo.ca,philgoupil@yahoo.ca,,,,default,0,0,0,open,open,2025-12-15
17700,"CAMPING PLAGE Ô 4 ÎLES",https://jaimelequebec.org/jmlq_lieu/camping-plage-o-4-iles/,,,,,camping-plage-o-4-iles,publish,1,philgoupil@yahoo.ca,philgoupil@yahoo.ca,,,,default,0,0,0,open,open,2025-12-15
17701,"CAMPING PLAGE MCKENZIE",https://jaimelequebec.org/jmlq_lieu/camping-plage-mckenzie/,,,,,camping-plage-mckenzie,publish,1,philgoupil@yahoo.ca,philgoupil@yahoo.ca,,,,default,0,0,0,open,open,2025-12-15
17702,"Déli Terrebonne",https://jaimelequebec.org/jmlq_lieu/deli-terrebonne/,,,,,deli-terrebonne,publish,1,philgoupil@yahoo.ca,philgoupil@yahoo.ca,,,,default,0,0,0,open,open,2025-12-15
17703,"AUBERGE AMÉRILYS",https://jaimelequebec.org/jmlq_lieu/auberge-amerilys/,,,,,auberge-amerilys,publish,1,philgoupil@yahoo.ca,philgoupil@yahoo.ca,,,,default,0,0,0,open,open,2025-12-15
17704,"AUBERGE AMÉRIK",https://jaimelequebec.org/jmlq_lieu/auberge-amerik/,,,,,auberge-amerik,publish,1,philgoupil@yahoo.ca,philgoupil@yahoo.ca,,,,default,0,0,0,open,open,2025-12-15
17705,"AUBERGE ALTERNATIVE DU VIEUX-MONTRÉAL",https://jaimelequebec.org/jmlq_lieu/auberge-alternative-du-vieux-montreal/,,,,,auberge-alternative-du-vieux-montreal,publish,1,philgoupil@yahoo.ca,philgoupil@yahoo.ca,,,,default,0,0,0,open,open,2025-12-15
17706,"AUBERGE ALT",https://jaimelequebec.org/jmlq_lieu/auberge-alt/,,,,,auberge-alt,publish,1,philgoupil@yahoo.ca,philgoupil@yahoo.ca,,,,default,0,0,0,open,open,2025-12-15
17707,"AUBERGE 1939 RESTO PUB",https://jaimelequebec.org/jmlq_lieu/auberge-1939-resto-pub/,,,,,auberge-1939-resto-pub,publish,1,philgoupil@yahoo.ca,philgoupil@yahoo.ca,,,,default,0,0,0,open,open,2025-12-15
17708,"AUBERGE & SPA DES FALAISES ET PAVILLON",https://jaimelequebec.org/jmlq_lieu/auberge-spa-des-falaises-et-pavillon/,,,,,auberge-spa-des-falaises-et-pavillon,publish,1,philgoupil@yahoo.ca,philgoupil@yahoo.ca,,,,default,0,0,0,open,open,2025-12-15
17709,"Auberge & Restaurant McGowan",https://jaimelequebec.org/jmlq_lieu/auberge-restaurant-mcgowan/,,,,,auberge-restaurant-mcgowan,publish,1,philgoupil@yahoo.ca,philgoupil@yahoo.ca,,,,default,0,0,0,open,open,2025-12-15
17710,"AUBERG' INN",https://jaimelequebec.org/jmlq_lieu/auberg-inn/,,,,,auberg-inn,publish,1,philgoupil@yahoo.ca,philgoupil@yahoo.ca,,,,default,0,0,0,open,open,2025-12-15
17711,"Aube café | Information | Montreal Museum of Fine Arts",https://jaimelequebec.org/jmlq_lieu/aube-cafe-information-montreal-museum-of-fine-arts/,,,,,aube-cafe-information-montreal-museum-of-fine-arts,publish,1,philgoupil@yahoo.ca,philgoupil@yahoo.ca,,,,default,0,0,0,open,open,2025-12-15
17712,"AU ZÉNITH",https://jaimelequebec.org/jmlq_lieu/au-zenith/,,,,,au-zenith,publish,1,philgoupil@yahoo.ca,philgoupil@yahoo.ca,,,,default,0,0,0,open,open,2025-12-15
17713,"Au Vieux Duluth",https://jaimelequebec.org/jmlq_lieu/au-vieux-duluth/,,,,,au-vieux-duluth,publish,1,philgoupil@yahoo.ca,philgoupil@yahoo.ca,,,,default,0,0,0,open,open,2025-12-15
17714,"AU VÉNIEL PRESBYTÈRE",https://jaimelequebec.org/jmlq_lieu/au-veniel-presbytere/,,,,,au-veniel-presbytere,publish,1,philgoupil@yahoo.ca,philgoupil@yahoo.ca,,,,default,0,0,0,open,open,2025-12-15
17715,"AU SOUS-BOIS D'ULVERTON",https://jaimelequebec.org/jmlq_lieu/au-sous-bois-dulverton/,,,,,au-sous-bois-dulverton,publish,1,philgoupil@yahoo.ca,philgoupil@yahoo.ca,,,,default,0,0,0,open,open,2025-12-15
17716,"AU SOMMET DU LAC MAGOG",https://jaimelequebec.org/jmlq_lieu/au-sommet-du-lac-magog/,,,,,au-sommet-du-lac-magog,publish,1,philgoupil@yahoo.ca,philgoupil@yahoo.ca,,,,default,0,0,0,open,open,2025-12-15
17717,"AU SOMMEIL DE PLOMB",https://jaimelequebec.org/jmlq_lieu/au-sommeil-de-plomb/,,,,,au-sommeil-de-plomb,publish,1,philgoupil@yahoo.ca,philgoupil@yahoo.ca,,,,default,0,0,0,open,open,2025-12-15
17718,"AU SAUT DU LIT 2024 SENC",https://jaimelequebec.org/jmlq_lieu/au-saut-du-lit-2024-senc/,,,,,au-saut-du-lit-2024-senc,publish,1,philgoupil@yahoo.ca,philgoupil@yahoo.ca,,,,default,0,0,0,open,open,2025-12-15
17719,"AU REFUGE DE LA PETITE RIVIÈRE",https://jaimelequebec.org/jmlq_lieu/au-refuge-de-la-petite-riviere/,,,,,au-refuge-de-la-petite-riviere,publish,1,philgoupil@yahoo.ca,philgoupil@yahoo.ca,,,,default,0,0,0,open,open,2025-12-15
17720,"AUBERGE SAINTLO MONTRÉAL",https://jaimelequebec.org/jmlq_lieu/auberge-saintlo-montreal/,,,,,auberge-saintlo-montreal,publish,1,philgoupil@yahoo.ca,philgoupil@yahoo.ca,,,,default,0,0,0,open,open,2025-12-15
17721,"Auberge Saint-Gabriel",https://jaimelequebec.org/jmlq_lieu/auberge-saint-gabriel/,,,,,auberge-saint-gabriel,publish,1,philgoupil@yahoo.ca,philgoupil@yahoo.ca,,,,default,0,0,0,open,open,2025-12-15
17722,"Auberge Saint-Antoine | Hôtel | Québec | Bonjour Québec",https://jaimelequebec.org/jmlq_lieu/auberge-saint-antoine-hotel-quebec-bonjour-quebec/,,,,,auberge-saint-antoine-hotel-quebec-bonjour-quebec,publish,1,philgoupil@yahoo.ca,philgoupil@yahoo.ca,,,,default,0,0,0,open,open,2025-12-15
17723,"Et Cætera",https://jaimelequebec.org/jmlq_lieu/et-caetera/,,,,,et-caetera,publish,1,philgoupil@yahoo.ca,philgoupil@yahoo.ca,,,,default,0,0,0,open,open,2025-12-15
17724,"Estrimont | Hôtel | Orford | Bonjour Québec",https://jaimelequebec.org/jmlq_lieu/estrimont-hotel-orford-bonjour-quebec/,,,,,estrimont-hotel-orford-bonjour-quebec,publish,1,philgoupil@yahoo.ca,philgoupil@yahoo.ca,,,,default,0,0,0,open,open,2025-12-15
17725,"CHALET LE VÉGIARD, ST-CÔME",https://jaimelequebec.org/jmlq_lieu/chalet-le-vegiard-st-come/,,,,,chalet-le-vegiard-st-come,publish,1,philgoupil@yahoo.ca,philgoupil@yahoo.ca,,,,default,0,0,0,open,open,2025-12-15
17726,"LE BOIS CARRÉ",https://jaimelequebec.org/jmlq_lieu/le-bois-carre/,,,,,le-bois-carre,publish,1,philgoupil@yahoo.ca,philgoupil@yahoo.ca,,,,default,0,0,0,open,open,2025-12-15
17727,"AUBERGE LE CHEVAL BLEU",https://jaimelequebec.org/jmlq_lieu/auberge-le-cheval-bleu/,,,,,auberge-le-cheval-bleu,publish,1,philgoupil@yahoo.ca,philgoupil@yahoo.ca,,,,default,0,0,0,open,open,2025-12-15
17728,"HARMONIE CHALET",https://jaimelequebec.org/jmlq_lieu/harmonie-chalet/,,,,,harmonie-chalet,publish,1,philgoupil@yahoo.ca,philgoupil@yahoo.ca,,,,default,0,0,0,open,open,2025-12-15
17729,"CHEZ L'ÉCUREUIL RÊVEUR",https://jaimelequebec.org/jmlq_lieu/chez-lecureuil-reveur/,,,,,chez-lecureuil-reveur,publish,1,philgoupil@yahoo.ca,philgoupil@yahoo.ca,,,,default,0,0,0,open,open,2025-12-15
17730,"Café Krieghoff Bistro & Petit Hôtel, Québec",https://jaimelequebec.org/jmlq_lieu/cafe-krieghoff-bistro-petit-hotel-quebec/,,,,,cafe-krieghoff-bistro-petit-hotel-quebec,publish,1,philgoupil@yahoo.ca,philgoupil@yahoo.ca,,,,default,0,0,0,open,open,2025-12-15
17731,Gokudo,https://jaimelequebec.org/jmlq_lieu/gokudo/,,,,,gokudo,publish,1,philgoupil@yahoo.ca,philgoupil@yahoo.ca,,,,default,0,0,0,open,open,2025-12-15
17732,"CAMPING DU LAC DES ROBIN",https://jaimelequebec.org/jmlq_lieu/camping-du-lac-des-robin/,,,,,camping-du-lac-des-robin,publish,1,philgoupil@yahoo.ca,philgoupil@yahoo.ca,,,,default,0,0,0,open,open,2025-12-15
17733,"Rafting Nouveau Monde",https://jaimelequebec.org/jmlq_lieu/rafting-nouveau-monde/,,,,,rafting-nouveau-monde,publish,1,philgoupil@yahoo.ca,philgoupil@yahoo.ca,,,,default,0,0,0,open,open,2025-12-15
17734,"Glo Golf Aventures",https://jaimelequebec.org/jmlq_lieu/glo-golf-aventures/,,,,,glo-golf-aventures,publish,1,philgoupil@yahoo.ca,philgoupil@yahoo.ca,,,,default,0,0,0,open,open,2025-12-15
17735,"CHALET ANETO",https://jaimelequebec.org/jmlq_lieu/chalet-aneto/,,,,,chalet-aneto,publish,1,philgoupil@yahoo.ca,philgoupil@yahoo.ca,,,,default,0,0,0,open,open,2025-12-15
17736,"CHALET LAC WENTWORTH",https://jaimelequebec.org/jmlq_lieu/chalet-lac-wentworth/,,,,,chalet-lac-wentworth,publish,1,philgoupil@yahoo.ca,philgoupil@yahoo.ca,,,,default,0,0,0,open,open,2025-12-15
17737,"LA MANCELLIÈRE",https://jaimelequebec.org/jmlq_lieu/la-mancelliere/,,,,,la-mancelliere,publish,1,philgoupil@yahoo.ca,philgoupil@yahoo.ca,,,,default,0,0,0,open,open,2025-12-15
17738,"Louis-Philippe traiteur inc.",https://jaimelequebec.org/jmlq_lieu/louis-philippe-traiteur-inc/,,,,,louis-philippe-traiteur-inc,publish,1,philgoupil@yahoo.ca,philgoupil@yahoo.ca,,,,default,0,0,0,open,open,2025-12-15
17739,Elli,https://jaimelequebec.org/jmlq_lieu/elli/,,,,,elli,publish,1,philgoupil@yahoo.ca,philgoupil@yahoo.ca,,,,default,0,0,0,open,open,2025-12-15
17740,"GENEVIÈVE MERCIER",https://jaimelequebec.org/jmlq_lieu/genevieve-mercier/,,,,,genevieve-mercier,publish,1,philgoupil@yahoo.ca,philgoupil@yahoo.ca,,,,default,0,0,0,open,open,2025-12-15
17741,"O-Volt (Sherbrooke)",https://jaimelequebec.org/jmlq_lieu/o-volt-sherbrooke/,,,,,o-volt-sherbrooke,publish,1,philgoupil@yahoo.ca,philgoupil@yahoo.ca,,,,default,0,0,0,open,open,2025-12-15
17742,"AUX PLAISIRS TREMBLANT",https://jaimelequebec.org/jmlq_lieu/aux-plaisirs-tremblant/,,,,,aux-plaisirs-tremblant,publish,1,philgoupil@yahoo.ca,philgoupil@yahoo.ca,,,,default,0,0,0,open,open,2025-12-15
17743,"Parc des Anglais",https://jaimelequebec.org/jmlq_lieu/parc-des-anglais/,,,,,parc-des-anglais,publish,1,philgoupil@yahoo.ca,philgoupil@yahoo.ca,,,,default,0,0,0,open,open,2025-12-15
17744,"Grande Boucle Zen'Nature",https://jaimelequebec.org/jmlq_lieu/grande-boucle-zennature/,,,,,grande-boucle-zennature,publish,1,philgoupil@yahoo.ca,philgoupil@yahoo.ca,,,,default,0,0,0,open,open,2025-12-15
17745,"GRAND-DUC - AU CHALET EN BOIS ROND",https://jaimelequebec.org/jmlq_lieu/grand-duc-au-chalet-en-bois-rond/,,,,,grand-duc-au-chalet-en-bois-rond,publish,1,philgoupil@yahoo.ca,philgoupil@yahoo.ca,,,,default,0,0,0,open,open,2025-12-15
17746,"ÉTOILE 1510-23 - TREMBLANT PRESTIGE",https://jaimelequebec.org/jmlq_lieu/etoile-1510-23-tremblant-prestige/,,,,,etoile-1510-23-tremblant-prestige,publish,1,philgoupil@yahoo.ca,philgoupil@yahoo.ca,,,,default,0,0,0,open,open,2025-12-15
17747,"ÉTOILE 1500-2 - TREMBLANT PRESTIGE",https://jaimelequebec.org/jmlq_lieu/etoile-1500-2-tremblant-prestige/,,,,,etoile-1500-2-tremblant-prestige,publish,1,philgoupil@yahoo.ca,philgoupil@yahoo.ca,,,,default,0,0,0,open,open,2025-12-15
17748,"ÉTOILE - AU CHALET EN BOIS ROND",https://jaimelequebec.org/jmlq_lieu/etoile-au-chalet-en-bois-rond/,,,,,etoile-au-chalet-en-bois-rond,publish,1,philgoupil@yahoo.ca,philgoupil@yahoo.ca,,,,default,0,0,0,open,open,2025-12-15
17749,ETNA,https://jaimelequebec.org/jmlq_lieu/etna/,,,,,etna,publish,1,philgoupil@yahoo.ca,philgoupil@yahoo.ca,,,,default,0,0,0,open,open,2025-12-15
17750,"ÉTINCELLE - AU CHALET EN BOIS ROND",https://jaimelequebec.org/jmlq_lieu/etincelle-au-chalet-en-bois-rond/,,,,,etincelle-au-chalet-en-bois-rond,publish,1,philgoupil@yahoo.ca,philgoupil@yahoo.ca,,,,default,0,0,0,open,open,2025-12-15
17751,"ÉTANG DE PÊCHE LAC-DU-REPOS",https://jaimelequebec.org/jmlq_lieu/etang-de-peche-lac-du-repos/,,,,,etang-de-peche-lac-du-repos,publish,1,philgoupil@yahoo.ca,philgoupil@yahoo.ca,,,,default,0,0,0,open,open,2025-12-15
17752,"Étang Burbank / Randonnée pédestre, réseau",https://jaimelequebec.org/jmlq_lieu/etang-burbank-randonnee-pedestre-reseau/,,,,,etang-burbank-randonnee-pedestre-reseau,publish,1,philgoupil@yahoo.ca,philgoupil@yahoo.ca,,,,default,0,0,0,open,open,2025-12-15
17753,"EXPÉRIENCE EQUINOX",https://jaimelequebec.org/jmlq_lieu/experience-equinox/,,,,,experience-equinox,publish,1,philgoupil@yahoo.ca,philgoupil@yahoo.ca,,,,default,0,0,0,open,open,2025-12-15
17754,"ÉVASION PÉRIBONKA",https://jaimelequebec.org/jmlq_lieu/evasion-peribonka/,,,,,evasion-peribonka,publish,1,philgoupil@yahoo.ca,philgoupil@yahoo.ca,,,,default,0,0,0,open,open,2025-12-15
17755,"Évasion Nature Petite-Vallée",https://jaimelequebec.org/jmlq_lieu/evasion-nature-petite-vallee/,,,,,evasion-nature-petite-vallee,publish,1,philgoupil@yahoo.ca,philgoupil@yahoo.ca,,,,default,0,0,0,open,open,2025-12-15
17756,"Évasion Lanaudière",https://jaimelequebec.org/jmlq_lieu/evasion-lanaudiere/,,,,,evasion-lanaudiere,publish,1,philgoupil@yahoo.ca,philgoupil@yahoo.ca,,,,default,0,0,0,open,open,2025-12-15
17757,"ÉVASION CHAMPLAIN",https://jaimelequebec.org/jmlq_lieu/evasion-champlain/,,,,,evasion-champlain,publish,1,philgoupil@yahoo.ca,philgoupil@yahoo.ca,,,,default,0,0,0,open,open,2025-12-15
17758,"ÉVASION 2",https://jaimelequebec.org/jmlq_lieu/evasion-2/,,,,,evasion-2,publish,1,philgoupil@yahoo.ca,philgoupil@yahoo.ca,,,,default,0,0,0,open,open,2025-12-15
17759,"Glissade natürNEIGE",https://jaimelequebec.org/jmlq_lieu/glissade-naturneige/,,,,,glissade-naturneige,publish,1,philgoupil@yahoo.ca,philgoupil@yahoo.ca,,,,default,0,0,0,open,open,2025-12-15
17760,"Glåss Tåkoss",https://jaimelequebec.org/jmlq_lieu/glass-takoss/,,,,,glass-takoss,publish,1,philgoupil@yahoo.ca,philgoupil@yahoo.ca,,,,default,0,0,0,open,open,2025-12-15
17761,"ENTRE DEUX MAXIMES - ACROSS TWO MAXIMES",https://jaimelequebec.org/jmlq_lieu/entre-deux-maximes-across-two-maximes/,,,,,entre-deux-maximes-across-two-maximes,publish,1,philgoupil@yahoo.ca,philgoupil@yahoo.ca,,,,default,0,0,0,open,open,2025-12-15
17762,"L'Étrier, Restaurant & Boutique gourmande",https://jaimelequebec.org/jmlq_lieu/letrier-restaurant-boutique-gourmande/,,,,,letrier-restaurant-boutique-gourmande,publish,1,philgoupil@yahoo.ca,philgoupil@yahoo.ca,,,,default,0,0,0,open,open,2025-12-15
17763,"EPINETTE BLEU",https://jaimelequebec.org/jmlq_lieu/epinette-bleu/,,,,,epinette-bleu,publish,1,philgoupil@yahoo.ca,philgoupil@yahoo.ca,,,,default,0,0,0,open,open,2025-12-15
17764,"LE BOHEME",https://jaimelequebec.org/jmlq_lieu/le-boheme/,,,,,le-boheme,publish,1,philgoupil@yahoo.ca,philgoupil@yahoo.ca,,,,default,0,0,0,open,open,2025-12-15
17765,"GÎTE AUX TRADITIONS",https://jaimelequebec.org/jmlq_lieu/gite-aux-traditions/,,,,,gite-aux-traditions,publish,1,philgoupil@yahoo.ca,philgoupil@yahoo.ca,,,,default,0,0,0,open,open,2025-12-15
17766,"GÎTE ANTICOSTI",https://jaimelequebec.org/jmlq_lieu/gite-anticosti/,,,,,gite-anticosti,publish,1,philgoupil@yahoo.ca,philgoupil@yahoo.ca,,,,default,0,0,0,open,open,2025-12-15
17767,"GÎTE ANCESTRAL",https://jaimelequebec.org/jmlq_lieu/gite-ancestral/,,,,,gite-ancestral,publish,1,philgoupil@yahoo.ca,philgoupil@yahoo.ca,,,,default,0,0,0,open,open,2025-12-15
17768,"GÎTE AMOUR ET AMITIÉ",https://jaimelequebec.org/jmlq_lieu/gite-amour-et-amitie/,,,,,gite-amour-et-amitie,publish,1,philgoupil@yahoo.ca,philgoupil@yahoo.ca,,,,default,0,0,0,open,open,2025-12-15
17769,"GÎTE AGRICOLE LES LILAS",https://jaimelequebec.org/jmlq_lieu/gite-agricole-les-lilas/,,,,,gite-agricole-les-lilas,publish,1,philgoupil@yahoo.ca,philgoupil@yahoo.ca,,,,default,0,0,0,open,open,2025-12-15
17770,"GITE À P'TITE BRISE",https://jaimelequebec.org/jmlq_lieu/gite-a-ptite-brise/,,,,,gite-a-ptite-brise,publish,1,philgoupil@yahoo.ca,philgoupil@yahoo.ca,,,,default,0,0,0,open,open,2025-12-15
17771,"CAMPING MUNICIPAL HAVRE-SAINT-PIERRE",https://jaimelequebec.org/jmlq_lieu/camping-municipal-havre-saint-pierre/,,,,,camping-municipal-havre-saint-pierre,publish,1,philgoupil@yahoo.ca,philgoupil@yahoo.ca,,,,default,0,0,0,open,open,2025-12-15
17772,"LE CITADIN",https://jaimelequebec.org/jmlq_lieu/le-citadin/,,,,,le-citadin,publish,1,philgoupil@yahoo.ca,philgoupil@yahoo.ca,,,,default,0,0,0,open,open,2025-12-15
17773,"Centre nautique de l'Istorlet",https://jaimelequebec.org/jmlq_lieu/centre-nautique-de-listorlet/,,,,,centre-nautique-de-listorlet,publish,1,philgoupil@yahoo.ca,philgoupil@yahoo.ca,,,,default,0,0,0,open,open,2025-12-15
17774,"Centre nautique de Grandes-Piles",https://jaimelequebec.org/jmlq_lieu/centre-nautique-de-grandes-piles/,,,,,centre-nautique-de-grandes-piles,publish,1,philgoupil@yahoo.ca,philgoupil@yahoo.ca,,,,default,0,0,0,open,open,2025-12-15
17775,"Centre Nautique de Beauharnois",https://jaimelequebec.org/jmlq_lieu/centre-nautique-de-beauharnois/,,,,,centre-nautique-de-beauharnois,publish,1,philgoupil@yahoo.ca,philgoupil@yahoo.ca,,,,default,0,0,0,open,open,2025-12-15
17776,"Centre nautique Courant Marin",https://jaimelequebec.org/jmlq_lieu/centre-nautique-courant-marin/,,,,,centre-nautique-courant-marin,publish,1,philgoupil@yahoo.ca,philgoupil@yahoo.ca,,,,default,0,0,0,open,open,2025-12-15
17777,"CONDOS 780 - CHÂTEAU BROMONT",https://jaimelequebec.org/jmlq_lieu/condos-780-chateau-bromont/,,,,,condos-780-chateau-bromont,publish,1,philgoupil@yahoo.ca,philgoupil@yahoo.ca,,,,default,0,0,0,open,open,2025-12-15
17778,"CONDOS 730 - CHÂTEAU BROMONT",https://jaimelequebec.org/jmlq_lieu/condos-730-chateau-bromont/,,,,,condos-730-chateau-bromont,publish,1,philgoupil@yahoo.ca,philgoupil@yahoo.ca,,,,default,0,0,0,open,open,2025-12-15
17779,"Bar George | Modern English Restaurant - Downtown Montréal",https://jaimelequebec.org/jmlq_lieu/bar-george-modern-english-restaurant-downtown-montreal/,,,,,bar-george-modern-english-restaurant-downtown-montreal,publish,1,philgoupil@yahoo.ca,philgoupil@yahoo.ca,,,,default,0,0,0,open,open,2025-12-15
17780,"DOMAINE STE-MARIE",https://jaimelequebec.org/jmlq_lieu/domaine-ste-marie/,,,,,domaine-ste-marie,publish,1,philgoupil@yahoo.ca,philgoupil@yahoo.ca,,,,default,0,0,0,open,open,2025-12-15
17781,"PENSION POPOLO",https://jaimelequebec.org/jmlq_lieu/pension-popolo/,,,,,pension-popolo,publish,1,philgoupil@yahoo.ca,philgoupil@yahoo.ca,,,,default,0,0,0,open,open,2025-12-15
17782,"Parc régional de Val-David-Val-Morin (secteur Far Hills)",https://jaimelequebec.org/jmlq_lieu/parc-regional-de-val-david-val-morin-secteur-far-hills/,,,,,parc-regional-de-val-david-val-morin-secteur-far-hills,publish,1,philgoupil@yahoo.ca,philgoupil@yahoo.ca,,,,default,0,0,0,open,open,2025-12-15
17783,"CAMPING DOMAINE DES ÎLES ENCHANTÉES",https://jaimelequebec.org/jmlq_lieu/camping-domaine-des-iles-enchantees/,,,,,camping-domaine-des-iles-enchantees,publish,1,philgoupil@yahoo.ca,philgoupil@yahoo.ca,,,,default,0,0,0,open,open,2025-12-15
17784,"CAMPING DOMAINE DES DUNES",https://jaimelequebec.org/jmlq_lieu/camping-domaine-des-dunes/,,,,,camping-domaine-des-dunes,publish,1,philgoupil@yahoo.ca,philgoupil@yahoo.ca,,,,default,0,0,0,open,open,2025-12-15
17785,"DOMAINE SYLVA",https://jaimelequebec.org/jmlq_lieu/domaine-sylva/,,,,,domaine-sylva,publish,1,philgoupil@yahoo.ca,philgoupil@yahoo.ca,,,,default,0,0,0,open,open,2025-12-15
17786,"Plongée CPAS",https://jaimelequebec.org/jmlq_lieu/plongee-cpas/,,,,,plongee-cpas,publish,1,philgoupil@yahoo.ca,philgoupil@yahoo.ca,,,,default,0,0,0,open,open,2025-12-15
17787,"582 CHEMIN MAPLE",https://jaimelequebec.org/jmlq_lieu/582-chemin-maple/,,,,,582-chemin-maple,publish,1,philgoupil@yahoo.ca,philgoupil@yahoo.ca,,,,default,0,0,0,open,open,2025-12-15
17788,"576 CHEMIN DES BOISES",https://jaimelequebec.org/jmlq_lieu/576-chemin-des-boises/,,,,,576-chemin-des-boises,publish,1,philgoupil@yahoo.ca,philgoupil@yahoo.ca,,,,default,0,0,0,open,open,2025-12-15
17789,"DOMAINE PINE GROVE",https://jaimelequebec.org/jmlq_lieu/domaine-pine-grove/,,,,,domaine-pine-grove,publish,1,philgoupil@yahoo.ca,philgoupil@yahoo.ca,,,,default,0,0,0,open,open,2025-12-15
17790,"DOMAINE ORMES",https://jaimelequebec.org/jmlq_lieu/domaine-ormes/,,,,,domaine-ormes,publish,1,philgoupil@yahoo.ca,philgoupil@yahoo.ca,,,,default,0,0,0,open,open,2025-12-15
17791,"DOMAINE OPASATICA",https://jaimelequebec.org/jmlq_lieu/domaine-opasatica/,,,,,domaine-opasatica,publish,1,philgoupil@yahoo.ca,philgoupil@yahoo.ca,,,,default,0,0,0,open,open,2025-12-15
17792,"DOMAINE OM SHAMWE",https://jaimelequebec.org/jmlq_lieu/domaine-om-shamwe/,,,,,domaine-om-shamwe,publish,1,philgoupil@yahoo.ca,philgoupil@yahoo.ca,,,,default,0,0,0,open,open,2025-12-15
17793,"DOMAINE NOTRE-DAME",https://jaimelequebec.org/jmlq_lieu/domaine-notre-dame/,,,,,domaine-notre-dame,publish,1,philgoupil@yahoo.ca,philgoupil@yahoo.ca,,,,default,0,0,0,open,open,2025-12-15
17794,"DOMAINE NATUR'EAU",https://jaimelequebec.org/jmlq_lieu/domaine-natureau/,,,,,domaine-natureau,publish,1,philgoupil@yahoo.ca,philgoupil@yahoo.ca,,,,default,0,0,0,open,open,2025-12-15
17795,"DOMAINE MOPAMAWI",https://jaimelequebec.org/jmlq_lieu/domaine-mopamawi/,,,,,domaine-mopamawi,publish,1,philgoupil@yahoo.ca,philgoupil@yahoo.ca,,,,default,0,0,0,open,open,2025-12-15
17796,"DOMAINE LOCKBOW",https://jaimelequebec.org/jmlq_lieu/domaine-lockbow/,,,,,domaine-lockbow,publish,1,philgoupil@yahoo.ca,philgoupil@yahoo.ca,,,,default,0,0,0,open,open,2025-12-15
17797,"DOMAINE LM PHILÉMON",https://jaimelequebec.org/jmlq_lieu/domaine-lm-philemon/,,,,,domaine-lm-philemon,publish,1,philgoupil@yahoo.ca,philgoupil@yahoo.ca,,,,default,0,0,0,open,open,2025-12-15
17798,"DOMAINE LES CAPELANS",https://jaimelequebec.org/jmlq_lieu/domaine-les-capelans/,,,,,domaine-les-capelans,publish,1,philgoupil@yahoo.ca,philgoupil@yahoo.ca,,,,default,0,0,0,open,open,2025-12-15
17799,"DOMAINE RIVIÈRE LA PETITE NATION",https://jaimelequebec.org/jmlq_lieu/domaine-riviere-la-petite-nation/,,,,,domaine-riviere-la-petite-nation,publish,1,philgoupil@yahoo.ca,philgoupil@yahoo.ca,,,,default,0,0,0,open,open,2025-12-15
17800,"DOMAINE REPOS DU PIRATE",https://jaimelequebec.org/jmlq_lieu/domaine-repos-du-pirate/,,,,,domaine-repos-du-pirate,publish,1,philgoupil@yahoo.ca,philgoupil@yahoo.ca,,,,default,0,0,0,open,open,2025-12-15
17801,"Kenauk Nature / Randonnée",https://jaimelequebec.org/jmlq_lieu/kenauk-nature-randonnee/,,,,,kenauk-nature-randonnee,publish,1,philgoupil@yahoo.ca,philgoupil@yahoo.ca,,,,default,0,0,0,open,open,2025-12-15
17802,"DOMAINE LAC ST-MATHIEU",https://jaimelequebec.org/jmlq_lieu/domaine-lac-st-mathieu/,,,,,domaine-lac-st-mathieu,publish,1,philgoupil@yahoo.ca,philgoupil@yahoo.ca,,,,default,0,0,0,open,open,2025-12-15
17803,"LE WORLD CUP",https://jaimelequebec.org/jmlq_lieu/le-world-cup/,,,,,le-world-cup,publish,1,philgoupil@yahoo.ca,philgoupil@yahoo.ca,,,,default,0,0,0,open,open,2025-12-15
17804,"Moulin Wakefield Mill Hôtel et Spa | Outaouais, QC",https://jaimelequebec.org/jmlq_lieu/moulin-wakefield-mill-hotel-et-spa-outaouais-qc/,,,,,moulin-wakefield-mill-hotel-et-spa-outaouais-qc,publish,1,philgoupil@yahoo.ca,philgoupil@yahoo.ca,,,,default,0,0,0,open,open,2025-12-15
17805,"HÔTEL DE LA CITÉ PERDUE",https://jaimelequebec.org/jmlq_lieu/hotel-de-la-cite-perdue/,,,,,hotel-de-la-cite-perdue,publish,1,philgoupil@yahoo.ca,philgoupil@yahoo.ca,,,,default,0,0,0,open,open,2025-12-15
17806,"Le Buck Trois-Rivières",https://jaimelequebec.org/jmlq_lieu/le-buck-trois-rivieres/,,,,,le-buck-trois-rivieres,publish,1,philgoupil@yahoo.ca,philgoupil@yahoo.ca,,,,default,0,0,0,open,open,2025-12-15
17807,"LE HAVRE DU NAVIGATEUR",https://jaimelequebec.org/jmlq_lieu/le-havre-du-navigateur/,,,,,le-havre-du-navigateur,publish,1,philgoupil@yahoo.ca,philgoupil@yahoo.ca,,,,default,0,0,0,open,open,2025-12-15
17808,"SUITES-SUR-LAC UNITÉ #1108",https://jaimelequebec.org/jmlq_lieu/suites-sur-lac-unite-1108/,,,,,suites-sur-lac-unite-1108,publish,1,philgoupil@yahoo.ca,philgoupil@yahoo.ca,,,,default,0,0,0,open,open,2025-12-15
17809,"Café Aux Cinq Soeurs",https://jaimelequebec.org/jmlq_lieu/cafe-aux-cinq-soeurs/,,,,,cafe-aux-cinq-soeurs,publish,1,philgoupil@yahoo.ca,philgoupil@yahoo.ca,,,,default,0,0,0,open,open,2025-12-15
17810,"ELYSIUM @ ETOILE DU MATIN 1510-27",https://jaimelequebec.org/jmlq_lieu/elysium-etoile-du-matin-1510-27/,,,,,elysium-etoile-du-matin-1510-27,publish,1,philgoupil@yahoo.ca,philgoupil@yahoo.ca,,,,default,0,0,0,open,open,2025-12-15
17811,"LE HARFANG",https://jaimelequebec.org/jmlq_lieu/le-harfang/,,,,,le-harfang,publish,1,philgoupil@yahoo.ca,philgoupil@yahoo.ca,,,,default,0,0,0,open,open,2025-12-15
17812,"Parc national de la Jacques-Cartier | Parc national du Québec | Stoneham-et-Tewkesbury | Bonjour Qué",https://jaimelequebec.org/jmlq_lieu/parc-national-de-la-jacques-cartier-parc-national-du-quebec-stoneham-et-tewkesbury-bonjour-que/,,,,,parc-national-de-la-jacques-cartier-parc-national-du-quebec-stoneham-et-tewkesbury-bonjour-que,publish,1,philgoupil@yahoo.ca,philgoupil@yahoo.ca,,,,default,0,0,0,open,open,2025-12-15
17813,"CHALETS CHUTE AUX IROQUOIS",https://jaimelequebec.org/jmlq_lieu/chalets-chute-aux-iroquois/,,,,,chalets-chute-aux-iroquois,publish,1,philgoupil@yahoo.ca,philgoupil@yahoo.ca,,,,default,0,0,0,open,open,2025-12-15
17814,"DORVAL LODGE",https://jaimelequebec.org/jmlq_lieu/dorval-lodge/,,,,,dorval-lodge,publish,1,philgoupil@yahoo.ca,philgoupil@yahoo.ca,,,,default,0,0,0,open,open,2025-12-15
17815,"CAMPING RUSTIQUE DE POINTE-AUX-ANGLAIS",https://jaimelequebec.org/jmlq_lieu/camping-rustique-de-pointe-aux-anglais/,,,,,camping-rustique-de-pointe-aux-anglais,publish,1,philgoupil@yahoo.ca,philgoupil@yahoo.ca,,,,default,0,0,0,open,open,2025-12-15
17816,"TOURELLE DE CHAMPLAIN",https://jaimelequebec.org/jmlq_lieu/tourelle-de-champlain/,,,,,tourelle-de-champlain,publish,1,philgoupil@yahoo.ca,philgoupil@yahoo.ca,,,,default,0,0,0,open,open,2025-12-15
17817,"CASCADES 01",https://jaimelequebec.org/jmlq_lieu/cascades-01/,,,,,cascades-01,publish,1,philgoupil@yahoo.ca,philgoupil@yahoo.ca,,,,default,0,0,0,open,open,2025-12-15
17818,Casavant,https://jaimelequebec.org/jmlq_lieu/casavant/,,,,,casavant,publish,1,philgoupil@yahoo.ca,philgoupil@yahoo.ca,,,,default,0,0,0,open,open,2025-12-15
17819,CASABLANCA,https://jaimelequebec.org/jmlq_lieu/casablanca/,,,,,casablanca,publish,1,philgoupil@yahoo.ca,philgoupil@yahoo.ca,,,,default,0,0,0,open,open,2025-12-15
17820,"Casa Grecque",https://jaimelequebec.org/jmlq_lieu/casa-grecque/,,,,,casa-grecque,publish,1,philgoupil@yahoo.ca,philgoupil@yahoo.ca,,,,default,0,0,0,open,open,2025-12-15
17821,"CASA DE CAMPO",https://jaimelequebec.org/jmlq_lieu/casa-de-campo/,,,,,casa-de-campo,publish,1,philgoupil@yahoo.ca,philgoupil@yahoo.ca,,,,default,0,0,0,open,open,2025-12-15
17822,"CASA BELLA",https://jaimelequebec.org/jmlq_lieu/casa-bella/,,,,,casa-bella,publish,1,philgoupil@yahoo.ca,philgoupil@yahoo.ca,,,,default,0,0,0,open,open,2025-12-15
17823,"CHALET LAC MARIE-LOUISE",https://jaimelequebec.org/jmlq_lieu/chalet-lac-marie-louise/,,,,,chalet-lac-marie-louise,publish,1,philgoupil@yahoo.ca,philgoupil@yahoo.ca,,,,default,0,0,0,open,open,2025-12-15
17824,"HALTE A LA RIVIERE",https://jaimelequebec.org/jmlq_lieu/halte-a-la-riviere/,,,,,halte-a-la-riviere,publish,1,philgoupil@yahoo.ca,philgoupil@yahoo.ca,,,,default,0,0,0,open,open,2025-12-15
17825,"LE CHÂTEAU DE LA PLAGE",https://jaimelequebec.org/jmlq_lieu/le-chateau-de-la-plage/,,,,,le-chateau-de-la-plage,publish,1,philgoupil@yahoo.ca,philgoupil@yahoo.ca,,,,default,0,0,0,open,open,2025-12-15
17826,"HÔTEL DAYS INN BERTHIERVILLE",https://jaimelequebec.org/jmlq_lieu/hotel-days-inn-berthierville/,,,,,hotel-days-inn-berthierville,publish,1,philgoupil@yahoo.ca,philgoupil@yahoo.ca,,,,default,0,0,0,open,open,2025-12-15
17827,"LE CHIC REPÈRE",https://jaimelequebec.org/jmlq_lieu/le-chic-repere/,,,,,le-chic-repere,publish,1,philgoupil@yahoo.ca,philgoupil@yahoo.ca,,,,default,0,0,0,open,open,2025-12-15
17828,"HÔTEL CASTEL",https://jaimelequebec.org/jmlq_lieu/hotel-castel/,,,,,hotel-castel,publish,1,philgoupil@yahoo.ca,philgoupil@yahoo.ca,,,,default,0,0,0,open,open,2025-12-15
17829,"CHALET 72 - RCNT CHALETS",https://jaimelequebec.org/jmlq_lieu/chalet-72-rcnt-chalets/,,,,,chalet-72-rcnt-chalets,publish,1,philgoupil@yahoo.ca,philgoupil@yahoo.ca,,,,default,0,0,0,open,open,2025-12-15
17830,"AUBERGE DU GRAND FLEUVE",https://jaimelequebec.org/jmlq_lieu/auberge-du-grand-fleuve/,,,,,auberge-du-grand-fleuve,publish,1,philgoupil@yahoo.ca,philgoupil@yahoo.ca,,,,default,0,0,0,open,open,2025-12-15
17831,"LA MAISON MOLSON - BEATTIE",https://jaimelequebec.org/jmlq_lieu/la-maison-molson-beattie/,,,,,la-maison-molson-beattie,publish,1,philgoupil@yahoo.ca,philgoupil@yahoo.ca,,,,default,0,0,0,open,open,2025-12-15
17832,"CHALET PETIT ÉBÈNE",https://jaimelequebec.org/jmlq_lieu/chalet-petit-ebene/,,,,,chalet-petit-ebene,publish,1,philgoupil@yahoo.ca,philgoupil@yahoo.ca,,,,default,0,0,0,open,open,2025-12-15
17833,"CHALETS DOMAINE DEV-EAU",https://jaimelequebec.org/jmlq_lieu/chalets-domaine-dev-eau/,,,,,chalets-domaine-dev-eau,publish,1,philgoupil@yahoo.ca,philgoupil@yahoo.ca,,,,default,0,0,0,open,open,2025-12-15
17834,"CAMPING BON-JOUR",https://jaimelequebec.org/jmlq_lieu/camping-bon-jour/,,,,,camping-bon-jour,publish,1,philgoupil@yahoo.ca,philgoupil@yahoo.ca,,,,default,0,0,0,open,open,2025-12-15
17835,"CAMPING CLAIRE FONTAINE",https://jaimelequebec.org/jmlq_lieu/camping-claire-fontaine/,,,,,camping-claire-fontaine,publish,1,philgoupil@yahoo.ca,philgoupil@yahoo.ca,,,,default,0,0,0,open,open,2025-12-15
17836,"CAMPING DU MONT HAM-SUD",https://jaimelequebec.org/jmlq_lieu/camping-du-mont-ham-sud/,,,,,camping-du-mont-ham-sud,publish,1,philgoupil@yahoo.ca,philgoupil@yahoo.ca,,,,default,0,0,0,open,open,2025-12-15
17837,"CAMPING DE L'EAU BERGE",https://jaimelequebec.org/jmlq_lieu/camping-de-leau-berge/,,,,,camping-de-leau-berge,publish,1,philgoupil@yahoo.ca,philgoupil@yahoo.ca,,,,default,0,0,0,open,open,2025-12-15
17838,"LE CARDINAL",https://jaimelequebec.org/jmlq_lieu/le-cardinal/,,,,,le-cardinal,publish,1,philgoupil@yahoo.ca,philgoupil@yahoo.ca,,,,default,0,0,0,open,open,2025-12-15
17839,"EXÉCUTIF DOUBLE 26",https://jaimelequebec.org/jmlq_lieu/executif-double-26/,,,,,executif-double-26,publish,1,philgoupil@yahoo.ca,philgoupil@yahoo.ca,,,,default,0,0,0,open,open,2025-12-15
17840,"CHALET ANSE CARONETTE",https://jaimelequebec.org/jmlq_lieu/chalet-anse-caronette/,,,,,chalet-anse-caronette,publish,1,philgoupil@yahoo.ca,philgoupil@yahoo.ca,,,,default,0,0,0,open,open,2025-12-15
17841,"CHALET ANSE AUX CAILLES",https://jaimelequebec.org/jmlq_lieu/chalet-anse-aux-cailles/,,,,,chalet-anse-aux-cailles,publish,1,philgoupil@yahoo.ca,philgoupil@yahoo.ca,,,,default,0,0,0,open,open,2025-12-15
17842,"CHALETS GRANDE-POINTE 30",https://jaimelequebec.org/jmlq_lieu/chalets-grande-pointe-30/,,,,,chalets-grande-pointe-30,publish,1,philgoupil@yahoo.ca,philgoupil@yahoo.ca,,,,default,0,0,0,open,open,2025-12-15
17843,"CHALETS GOUIN CHASSE ET PÊCHE",https://jaimelequebec.org/jmlq_lieu/chalets-gouin-chasse-et-peche/,,,,,chalets-gouin-chasse-et-peche,publish,1,philgoupil@yahoo.ca,philgoupil@yahoo.ca,,,,default,0,0,0,open,open,2025-12-15
17844,"Réseau plein-air des sentiers de Morin-Heights",https://jaimelequebec.org/jmlq_lieu/reseau-plein-air-des-sentiers-de-morin-heights/,,,,,reseau-plein-air-des-sentiers-de-morin-heights,publish,1,philgoupil@yahoo.ca,philgoupil@yahoo.ca,,,,default,0,0,0,open,open,2025-12-15
17845,"CAMPING MONT LAC-VERT",https://jaimelequebec.org/jmlq_lieu/camping-mont-lac-vert/,,,,,camping-mont-lac-vert,publish,1,philgoupil@yahoo.ca,philgoupil@yahoo.ca,,,,default,0,0,0,open,open,2025-12-15
17846,"CAMPING MONT EXPÉRIENCE HEREFORD",https://jaimelequebec.org/jmlq_lieu/camping-mont-experience-hereford/,,,,,camping-mont-experience-hereford,publish,1,philgoupil@yahoo.ca,philgoupil@yahoo.ca,,,,default,0,0,0,open,open,2025-12-15
17847,"CAMPING MON PLAISIR",https://jaimelequebec.org/jmlq_lieu/camping-mon-plaisir/,,,,,camping-mon-plaisir,publish,1,philgoupil@yahoo.ca,philgoupil@yahoo.ca,,,,default,0,0,0,open,open,2025-12-15
17848,"Centre de Ski Mont-Béchervaise",https://jaimelequebec.org/jmlq_lieu/centre-de-ski-mont-bechervaise/,,,,,centre-de-ski-mont-bechervaise,publish,1,philgoupil@yahoo.ca,philgoupil@yahoo.ca,,,,default,0,0,0,open,open,2025-12-15
17849,Battuto,https://jaimelequebec.org/jmlq_lieu/battuto/,,,,,battuto,publish,1,philgoupil@yahoo.ca,philgoupil@yahoo.ca,,,,default,0,0,0,open,open,2025-12-15
17850,"CHALETS DOMAINE STE-AGATHE",https://jaimelequebec.org/jmlq_lieu/chalets-domaine-ste-agathe/,,,,,chalets-domaine-ste-agathe,publish,1,philgoupil@yahoo.ca,philgoupil@yahoo.ca,,,,default,0,0,0,open,open,2025-12-15
17851,"LOGE FRONTIÈRE",https://jaimelequebec.org/jmlq_lieu/loge-frontiere/,,,,,loge-frontiere,publish,1,philgoupil@yahoo.ca,philgoupil@yahoo.ca,,,,default,0,0,0,open,open,2025-12-15
17852,"7685424 CANADA INC",https://jaimelequebec.org/jmlq_lieu/7685424-canada-inc/,,,,,7685424-canada-inc,publish,1,philgoupil@yahoo.ca,philgoupil@yahoo.ca,,,,default,0,0,0,open,open,2025-12-15
17853,"Bistro Le 633",https://jaimelequebec.org/jmlq_lieu/bistro-le-633/,,,,,bistro-le-633,publish,1,philgoupil@yahoo.ca,philgoupil@yahoo.ca,,,,default,0,0,0,open,open,2025-12-15
17854,"Parc Ouellette",https://jaimelequebec.org/jmlq_lieu/parc-ouellette/,,,,,parc-ouellette,publish,1,philgoupil@yahoo.ca,philgoupil@yahoo.ca,,,,default,0,0,0,open,open,2025-12-15
17855,"CHALET ALTO",https://jaimelequebec.org/jmlq_lieu/chalet-alto/,,,,,chalet-alto,publish,1,philgoupil@yahoo.ca,philgoupil@yahoo.ca,,,,default,0,0,0,open,open,2025-12-15
17856,"HOTEI LES PATRIOTES",https://jaimelequebec.org/jmlq_lieu/hotei-les-patriotes/,,,,,hotei-les-patriotes,publish,1,philgoupil@yahoo.ca,philgoupil@yahoo.ca,,,,default,0,0,0,open,open,2025-12-15
17857,"HOSTELLERIE DU SUROÎT",https://jaimelequebec.org/jmlq_lieu/hostellerie-du-suroit/,,,,,hostellerie-du-suroit,publish,1,philgoupil@yahoo.ca,philgoupil@yahoo.ca,,,,default,0,0,0,open,open,2025-12-15
17858,"Hostellerie Baie Bleue Carleton-sur-Mer Gaspésie Hotel Hébergement Motel",https://jaimelequebec.org/jmlq_lieu/hostellerie-baie-bleue-carleton-sur-mer-gaspesie-hotel-hebergement-motel/,,,,,hostellerie-baie-bleue-carleton-sur-mer-gaspesie-hotel-hebergement-motel,publish,1,philgoupil@yahoo.ca,philgoupil@yahoo.ca,,,,default,0,0,0,open,open,2025-12-15
17859,"CHALETS DU PORTAGE",https://jaimelequebec.org/jmlq_lieu/chalets-du-portage/,,,,,chalets-du-portage,publish,1,philgoupil@yahoo.ca,philgoupil@yahoo.ca,,,,default,0,0,0,open,open,2025-12-15
17860,"Bistro Le Coup Monté",https://jaimelequebec.org/jmlq_lieu/bistro-le-coup-monte/,,,,,bistro-le-coup-monte,publish,1,philgoupil@yahoo.ca,philgoupil@yahoo.ca,,,,default,0,0,0,open,open,2025-12-15
17861,"Le Massif de Charlevoix / Ski alpin et planche à neige",https://jaimelequebec.org/jmlq_lieu/le-massif-de-charlevoix-ski-alpin-et-planche-a-neige/,,,,,le-massif-de-charlevoix-ski-alpin-et-planche-a-neige,publish,1,philgoupil@yahoo.ca,philgoupil@yahoo.ca,,,,default,0,0,0,open,open,2025-12-15
17862,"Authentikah Tours",https://jaimelequebec.org/jmlq_lieu/authentikah-tours/,,,,,authentikah-tours,publish,1,philgoupil@yahoo.ca,philgoupil@yahoo.ca,,,,default,0,0,0,open,open,2025-12-15
17863,AUSTRALE,https://jaimelequebec.org/jmlq_lieu/australe/,,,,,australe,publish,1,philgoupil@yahoo.ca,philgoupil@yahoo.ca,,,,default,0,0,0,open,open,2025-12-15
17864,"AURORE BORÉALE - AU CHALET EN BOIS ROND",https://jaimelequebec.org/jmlq_lieu/aurore-boreale-au-chalet-en-bois-rond/,,,,,aurore-boreale-au-chalet-en-bois-rond,publish,1,philgoupil@yahoo.ca,philgoupil@yahoo.ca,,,,default,0,0,0,open,open,2025-12-15
17865,"AURA CHALET",https://jaimelequebec.org/jmlq_lieu/aura-chalet/,,,,,aura-chalet,publish,1,philgoupil@yahoo.ca,philgoupil@yahoo.ca,,,,default,0,0,0,open,open,2025-12-15
17866,"AUDACIEUSES ÉVASIONS",https://jaimelequebec.org/jmlq_lieu/audacieuses-evasions/,,,,,audacieuses-evasions,publish,1,philgoupil@yahoo.ca,philgoupil@yahoo.ca,,,,default,0,0,0,open,open,2025-12-15
17867,"AUBERGES CHEZ MOI CHEZ TOI",https://jaimelequebec.org/jmlq_lieu/auberges-chez-moi-chez-toi/,,,,,auberges-chez-moi-chez-toi,publish,1,philgoupil@yahoo.ca,philgoupil@yahoo.ca,,,,default,0,0,0,open,open,2025-12-15
17868,"AUBERGÉLIT INC.",https://jaimelequebec.org/jmlq_lieu/aubergelit-inc/,,,,,aubergelit-inc,publish,1,philgoupil@yahoo.ca,philgoupil@yahoo.ca,,,,default,0,0,0,open,open,2025-12-15
17869,"Auberge, restaurant et bières de microbrasserie | Auberge Sutton Brouërie",https://jaimelequebec.org/jmlq_lieu/auberge-restaurant-et-bieres-de-microbrasserie-auberge-sutton-brouerie/,,,,,auberge-restaurant-et-bieres-de-microbrasserie-auberge-sutton-brouerie,publish,1,philgoupil@yahoo.ca,philgoupil@yahoo.ca,,,,default,0,0,0,open,open,2025-12-15
17870,"AUBERGE-POURVOIRIE ISLE-AUX-GRUES",https://jaimelequebec.org/jmlq_lieu/auberge-pourvoirie-isle-aux-grues/,,,,,auberge-pourvoirie-isle-aux-grues,publish,1,philgoupil@yahoo.ca,philgoupil@yahoo.ca,,,,default,0,0,0,open,open,2025-12-15
17871,"AUBERGE-POURVOIRIE DE LA RIVIÈRE MATAPÉDIA",https://jaimelequebec.org/jmlq_lieu/auberge-pourvoirie-de-la-riviere-matapedia/,,,,,auberge-pourvoirie-de-la-riviere-matapedia,publish,1,philgoupil@yahoo.ca,philgoupil@yahoo.ca,,,,default,0,0,0,open,open,2025-12-15
17872,"AUBERGE-MOTEL BLANCHE D'HABERVILLE",https://jaimelequebec.org/jmlq_lieu/auberge-motel-blanche-dhaberville/,,,,,auberge-motel-blanche-dhaberville,publish,1,philgoupil@yahoo.ca,philgoupil@yahoo.ca,,,,default,0,0,0,open,open,2025-12-15
17873,"AUBERGE YOGA SALAMANDRE",https://jaimelequebec.org/jmlq_lieu/auberge-yoga-salamandre/,,,,,auberge-yoga-salamandre,publish,1,philgoupil@yahoo.ca,philgoupil@yahoo.ca,,,,default,0,0,0,open,open,2025-12-15
17874,"Auberge Willow",https://jaimelequebec.org/jmlq_lieu/auberge-willow/,,,,,auberge-willow,publish,1,philgoupil@yahoo.ca,philgoupil@yahoo.ca,,,,default,0,0,0,open,open,2025-12-15
17875,"AUBERGE WHITELEY",https://jaimelequebec.org/jmlq_lieu/auberge-whiteley/,,,,,auberge-whiteley,publish,1,philgoupil@yahoo.ca,philgoupil@yahoo.ca,,,,default,0,0,0,open,open,2025-12-15
17876,"AUBERGE WEST BROME",https://jaimelequebec.org/jmlq_lieu/auberge-west-brome/,,,,,auberge-west-brome,publish,1,philgoupil@yahoo.ca,philgoupil@yahoo.ca,,,,default,0,0,0,open,open,2025-12-15
17877,"AUBERGE WEDGE HILLS",https://jaimelequebec.org/jmlq_lieu/auberge-wedge-hills/,,,,,auberge-wedge-hills,publish,1,philgoupil@yahoo.ca,philgoupil@yahoo.ca,,,,default,0,0,0,open,open,2025-12-15
17878,"AUBERGE VAL SAINT-CÔME",https://jaimelequebec.org/jmlq_lieu/auberge-val-saint-come/,,,,,auberge-val-saint-come,publish,1,philgoupil@yahoo.ca,philgoupil@yahoo.ca,,,,default,0,0,0,open,open,2025-12-15
17879,"Auberge Témiscouata-sur-le-Lac hôtel restaurant Lac Témiscouata Québec",https://jaimelequebec.org/jmlq_lieu/auberge-temiscouata-sur-le-lac-hotel-restaurant-lac-temiscouata-quebec/,,,,,auberge-temiscouata-sur-le-lac-hotel-restaurant-lac-temiscouata-quebec,publish,1,philgoupil@yahoo.ca,philgoupil@yahoo.ca,,,,default,0,0,0,open,open,2025-12-15
17880,"AUBERGE TEM ROSE",https://jaimelequebec.org/jmlq_lieu/auberge-tem-rose/,,,,,auberge-tem-rose,publish,1,philgoupil@yahoo.ca,philgoupil@yahoo.ca,,,,default,0,0,0,open,open,2025-12-15
17881,"AUBERGE SUTTON BROUËRIE",https://jaimelequebec.org/jmlq_lieu/auberge-sutton-brouerie/,,,,,auberge-sutton-brouerie,publish,1,philgoupil@yahoo.ca,philgoupil@yahoo.ca,,,,default,0,0,0,open,open,2025-12-15
17882,"AUBERGE SUR MER",https://jaimelequebec.org/jmlq_lieu/auberge-sur-mer/,,,,,auberge-sur-mer,publish,1,philgoupil@yahoo.ca,philgoupil@yahoo.ca,,,,default,0,0,0,open,open,2025-12-15
17883,"AUBERGE SUR LE LAC-TÉMISCOUATA",https://jaimelequebec.org/jmlq_lieu/auberge-sur-le-lac-temiscouata/,,,,,auberge-sur-le-lac-temiscouata,publish,1,philgoupil@yahoo.ca,philgoupil@yahoo.ca,,,,default,0,0,0,open,open,2025-12-15
17884,"AUBERGE SUR LA CÔTE",https://jaimelequebec.org/jmlq_lieu/auberge-sur-la-cote/,,,,,auberge-sur-la-cote,publish,1,philgoupil@yahoo.ca,philgoupil@yahoo.ca,,,,default,0,0,0,open,open,2025-12-15
17885,"AUBERGE SPRUCEHOLME 9786163 CANADA INC",https://jaimelequebec.org/jmlq_lieu/auberge-spruceholme-9786163-canada-inc/,,,,,auberge-spruceholme-9786163-canada-inc,publish,1,philgoupil@yahoo.ca,philgoupil@yahoo.ca,,,,default,0,0,0,open,open,2025-12-15
17886,"Café du Quai | Crêperie bretonne | L'Anse-Saint-Jean, QC, Canada",https://jaimelequebec.org/jmlq_lieu/cafe-du-quai-creperie-bretonne-lanse-saint-jean-qc-canada/,,,,,cafe-du-quai-creperie-bretonne-lanse-saint-jean-qc-canada,publish,1,philgoupil@yahoo.ca,philgoupil@yahoo.ca,,,,default,0,0,0,open,open,2025-12-15
17887,"CHALETS / CAMPING NATURE OCÉAN",https://jaimelequebec.org/jmlq_lieu/chalets-camping-nature-ocean/,,,,,chalets-camping-nature-ocean,publish,1,philgoupil@yahoo.ca,philgoupil@yahoo.ca,,,,default,0,0,0,open,open,2025-12-15
17888,"Darna Bistroquet",https://jaimelequebec.org/jmlq_lieu/darna-bistroquet/,,,,,darna-bistroquet,publish,1,philgoupil@yahoo.ca,philgoupil@yahoo.ca,,,,default,0,0,0,open,open,2025-12-15
17889,"CHALET LE VERSEAU",https://jaimelequebec.org/jmlq_lieu/chalet-le-verseau/,,,,,chalet-le-verseau,publish,1,philgoupil@yahoo.ca,philgoupil@yahoo.ca,,,,default,0,0,0,open,open,2025-12-15
17890,"23 CHEMIN DES SKIEURS",https://jaimelequebec.org/jmlq_lieu/23-chemin-des-skieurs/,,,,,23-chemin-des-skieurs,publish,1,philgoupil@yahoo.ca,philgoupil@yahoo.ca,,,,default,0,0,0,open,open,2025-12-15
17891,"Bistro La Franquette",https://jaimelequebec.org/jmlq_lieu/bistro-la-franquette/,,,,,bistro-la-franquette,publish,1,philgoupil@yahoo.ca,philgoupil@yahoo.ca,,,,default,0,0,0,open,open,2025-12-15
17892,"La Boîte à Questions - Centre-ville",https://jaimelequebec.org/jmlq_lieu/la-boite-a-questions-centre-ville/,,,,,la-boite-a-questions-centre-ville,publish,1,philgoupil@yahoo.ca,philgoupil@yahoo.ca,,,,default,0,0,0,open,open,2025-12-15
17893,"LE DOMAINE DU LAC-SAINT-CHARLES",https://jaimelequebec.org/jmlq_lieu/le-domaine-du-lac-saint-charles/,,,,,le-domaine-du-lac-saint-charles,publish,1,philgoupil@yahoo.ca,philgoupil@yahoo.ca,,,,default,0,0,0,open,open,2025-12-15
17894,"ACCÈS TREMBLANT PLATEAU D ACCESS",https://jaimelequebec.org/jmlq_lieu/acces-tremblant-plateau-d-access/,,,,,acces-tremblant-plateau-d-access,publish,1,philgoupil@yahoo.ca,philgoupil@yahoo.ca,,,,default,0,0,0,open,open,2025-12-15
17895,"ACCÈS TREMBLANT - LES MANOIRS",https://jaimelequebec.org/jmlq_lieu/acces-tremblant-les-manoirs/,,,,,acces-tremblant-les-manoirs,publish,1,philgoupil@yahoo.ca,philgoupil@yahoo.ca,,,,default,0,0,0,open,open,2025-12-15
17896,"ABRUZZES 9 - LES CHALETS ALPINS",https://jaimelequebec.org/jmlq_lieu/abruzzes-9-les-chalets-alpins/,,,,,abruzzes-9-les-chalets-alpins,publish,1,philgoupil@yahoo.ca,philgoupil@yahoo.ca,,,,default,0,0,0,open,open,2025-12-15
17897,"ABRI SOMMAIRE LES-LACS-TÉMISCAMINGUE 817052 00 000",https://jaimelequebec.org/jmlq_lieu/abri-sommaire-les-lacs-temiscamingue-817052-00-000/,,,,,abri-sommaire-les-lacs-temiscamingue-817052-00-000,publish,1,philgoupil@yahoo.ca,philgoupil@yahoo.ca,,,,default,0,0,0,open,open,2025-12-15
17898,"Cyclo-voie du partage des eaux",https://jaimelequebec.org/jmlq_lieu/cyclo-voie-du-partage-des-eaux/,,,,,cyclo-voie-du-partage-des-eaux,publish,1,philgoupil@yahoo.ca,philgoupil@yahoo.ca,,,,default,0,0,0,open,open,2025-12-15
17899,"31 CHEMIN DES QUARANTE",https://jaimelequebec.org/jmlq_lieu/31-chemin-des-quarante/,,,,,31-chemin-des-quarante,publish,1,philgoupil@yahoo.ca,philgoupil@yahoo.ca,,,,default,0,0,0,open,open,2025-12-15
17900,"Bistro 4 Saisons",https://jaimelequebec.org/jmlq_lieu/bistro-4-saisons/,,,,,bistro-4-saisons,publish,1,philgoupil@yahoo.ca,philgoupil@yahoo.ca,,,,default,0,0,0,open,open,2025-12-15
17901,"DOMAINE ÉVASION PLEIN AIR INC.",https://jaimelequebec.org/jmlq_lieu/domaine-evasion-plein-air-inc/,,,,,domaine-evasion-plein-air-inc,publish,1,philgoupil@yahoo.ca,philgoupil@yahoo.ca,,,,default,0,0,0,open,open,2025-12-15
17902,"CHALETS DU PLATEAU DES HAUTES-GORGES",https://jaimelequebec.org/jmlq_lieu/chalets-du-plateau-des-hautes-gorges/,,,,,chalets-du-plateau-des-hautes-gorges,publish,1,philgoupil@yahoo.ca,philgoupil@yahoo.ca,,,,default,0,0,0,open,open,2025-12-15
17903,"A/Maze Jeu d'évasion (Vieux-Port) & Cocktail Bar Inventions",https://jaimelequebec.org/jmlq_lieu/a-maze-jeu-devasion-vieux-port-cocktail-bar-inventions/,,,,,a-maze-jeu-devasion-vieux-port-cocktail-bar-inventions,publish,1,philgoupil@yahoo.ca,philgoupil@yahoo.ca,,,,default,0,0,0,open,open,2025-12-15
17904,"Action 500 Centre d'amusement (Montréal)",https://jaimelequebec.org/jmlq_lieu/action-500-centre-damusement-montreal/,,,,,action-500-centre-damusement-montreal,publish,1,philgoupil@yahoo.ca,philgoupil@yahoo.ca,,,,default,0,0,0,open,open,2025-12-15
17905,"Café création céramique",https://jaimelequebec.org/jmlq_lieu/cafe-creation-ceramique/,,,,,cafe-creation-ceramique,publish,1,philgoupil@yahoo.ca,philgoupil@yahoo.ca,,,,default,0,0,0,open,open,2025-12-15
17906,"CHALET KARIBU",https://jaimelequebec.org/jmlq_lieu/chalet-karibu/,,,,,chalet-karibu,publish,1,philgoupil@yahoo.ca,philgoupil@yahoo.ca,,,,default,0,0,0,open,open,2025-12-15
17907,"Centre de plein air du Lac-Leamy",https://jaimelequebec.org/jmlq_lieu/centre-de-plein-air-du-lac-leamy/,,,,,centre-de-plein-air-du-lac-leamy,publish,1,philgoupil@yahoo.ca,philgoupil@yahoo.ca,,,,default,0,0,0,open,open,2025-12-15
17908,"HÔTEL LA PORTE DE LA MATAWINIE",https://jaimelequebec.org/jmlq_lieu/hotel-la-porte-de-la-matawinie/,,,,,hotel-la-porte-de-la-matawinie,publish,1,philgoupil@yahoo.ca,philgoupil@yahoo.ca,,,,default,0,0,0,open,open,2025-12-15
17909,"CHALET - R-18 - LE VERTENDRE",https://jaimelequebec.org/jmlq_lieu/chalet-r-18-le-vertendre/,,,,,chalet-r-18-le-vertendre,publish,1,philgoupil@yahoo.ca,philgoupil@yahoo.ca,,,,default,0,0,0,open,open,2025-12-15
17910,"CHALETS PLAGE SAINT-JEAN",https://jaimelequebec.org/jmlq_lieu/chalets-plage-saint-jean/,,,,,chalets-plage-saint-jean,publish,1,philgoupil@yahoo.ca,philgoupil@yahoo.ca,,,,default,0,0,0,open,open,2025-12-15
17911,"CAMPING PARC DE L'ÎLE MELVILLE",https://jaimelequebec.org/jmlq_lieu/camping-parc-de-lile-melville/,,,,,camping-parc-de-lile-melville,publish,1,philgoupil@yahoo.ca,philgoupil@yahoo.ca,,,,default,0,0,0,open,open,2025-12-15
17912,"CAMPING DES SOMMETS BROMONT",https://jaimelequebec.org/jmlq_lieu/camping-des-sommets-bromont/,,,,,camping-des-sommets-bromont,publish,1,philgoupil@yahoo.ca,philgoupil@yahoo.ca,,,,default,0,0,0,open,open,2025-12-15
17913,"Hébergement LES REFUGES-17B",https://jaimelequebec.org/jmlq_lieu/hebergement-les-refuges-17b/,,,,,hebergement-les-refuges-17b,publish,1,philgoupil@yahoo.ca,philgoupil@yahoo.ca,,,,default,0,0,0,open,open,2025-12-15
17914,"Deville Dinerbar",https://jaimelequebec.org/jmlq_lieu/deville-dinerbar/,,,,,deville-dinerbar,publish,1,philgoupil@yahoo.ca,philgoupil@yahoo.ca,,,,default,0,0,0,open,open,2025-12-15
17915,"Les Jardins du Cap-à-l'Aigle",https://jaimelequebec.org/jmlq_lieu/les-jardins-du-cap-a-laigle/,,,,,les-jardins-du-cap-a-laigle,publish,1,philgoupil@yahoo.ca,philgoupil@yahoo.ca,,,,default,0,0,0,open,open,2025-12-15
17916,"Bâton Rouge Grillhouse & Bar (Boucherville)",https://jaimelequebec.org/jmlq_lieu/baton-rouge-grillhouse-bar-boucherville/,,,,,baton-rouge-grillhouse-bar-boucherville,publish,1,philgoupil@yahoo.ca,philgoupil@yahoo.ca,,,,default,0,0,0,open,open,2025-12-15
17917,"LE CHARME DU FLEUVE",https://jaimelequebec.org/jmlq_lieu/le-charme-du-fleuve/,,,,,le-charme-du-fleuve,publish,1,philgoupil@yahoo.ca,philgoupil@yahoo.ca,,,,default,0,0,0,open,open,2025-12-15
17918,"LE CHIC",https://jaimelequebec.org/jmlq_lieu/le-chic/,,,,,le-chic,publish,1,philgoupil@yahoo.ca,philgoupil@yahoo.ca,,,,default,0,0,0,open,open,2025-12-15
17919,"LES JARDINS DU BOURGCHEMIN",https://jaimelequebec.org/jmlq_lieu/les-jardins-du-bourgchemin/,,,,,les-jardins-du-bourgchemin,publish,1,philgoupil@yahoo.ca,philgoupil@yahoo.ca,,,,default,0,0,0,open,open,2025-12-15
17920,"DRAVEUR - AU CHALET EN BOIS ROND",https://jaimelequebec.org/jmlq_lieu/draveur-au-chalet-en-bois-rond/,,,,,draveur-au-chalet-en-bois-rond,publish,1,philgoupil@yahoo.ca,philgoupil@yahoo.ca,,,,default,0,0,0,open,open,2025-12-15
17921,"AUBERGE MAJELLA",https://jaimelequebec.org/jmlq_lieu/auberge-majella/,,,,,auberge-majella,publish,1,philgoupil@yahoo.ca,philgoupil@yahoo.ca,,,,default,0,0,0,open,open,2025-12-15
17922,"CAMPING DE COMPTON",https://jaimelequebec.org/jmlq_lieu/camping-de-compton/,,,,,camping-de-compton,publish,1,philgoupil@yahoo.ca,philgoupil@yahoo.ca,,,,default,0,0,0,open,open,2025-12-15
17923,"LE CHIC 201",https://jaimelequebec.org/jmlq_lieu/le-chic-201/,,,,,le-chic-201,publish,1,philgoupil@yahoo.ca,philgoupil@yahoo.ca,,,,default,0,0,0,open,open,2025-12-15
17924,"Circuit de l'Abbaye - Parcours de marche longue durée",https://jaimelequebec.org/jmlq_lieu/circuit-de-labbaye-parcours-de-marche-longue-duree/,,,,,circuit-de-labbaye-parcours-de-marche-longue-duree,publish,1,philgoupil@yahoo.ca,philgoupil@yahoo.ca,,,,default,0,0,0,open,open,2025-12-15
17925,"LES IMMEUBLES CHARLEVOIX COURTIER - QUAI RENAUD",https://jaimelequebec.org/jmlq_lieu/les-immeubles-charlevoix-courtier-quai-renaud/,,,,,les-immeubles-charlevoix-courtier-quai-renaud,publish,1,philgoupil@yahoo.ca,philgoupil@yahoo.ca,,,,default,0,0,0,open,open,2025-12-15
17926,"CAMPING DE LA RIVIÈRE",https://jaimelequebec.org/jmlq_lieu/camping-de-la-riviere/,,,,,camping-de-la-riviere,publish,1,philgoupil@yahoo.ca,philgoupil@yahoo.ca,,,,default,0,0,0,open,open,2025-12-15
17927,"L'ÉTERNEL SPA",https://jaimelequebec.org/jmlq_lieu/leternel-spa-2/,,,,,leternel-spa-2,publish,1,philgoupil@yahoo.ca,philgoupil@yahoo.ca,,,,default,0,0,0,open,open,2025-12-15
17928,LUXE-O-NATURE,https://jaimelequebec.org/jmlq_lieu/luxe-o-nature/,,,,,luxe-o-nature,publish,1,philgoupil@yahoo.ca,philgoupil@yahoo.ca,,,,default,0,0,0,open,open,2025-12-15
17929,"AUBERGE DU VILLAGE",https://jaimelequebec.org/jmlq_lieu/auberge-du-village/,,,,,auberge-du-village,publish,1,philgoupil@yahoo.ca,philgoupil@yahoo.ca,,,,default,0,0,0,open,open,2025-12-15
17930,"CHALET L'ÉVASION 360",https://jaimelequebec.org/jmlq_lieu/chalet-levasion-360/,,,,,chalet-levasion-360,publish,1,philgoupil@yahoo.ca,philgoupil@yahoo.ca,,,,default,0,0,0,open,open,2025-12-15
17931,"CHALET L'ESSENTIEL",https://jaimelequebec.org/jmlq_lieu/chalet-lessentiel/,,,,,chalet-lessentiel,publish,1,philgoupil@yahoo.ca,philgoupil@yahoo.ca,,,,default,0,0,0,open,open,2025-12-15
17932,"CHALET L'ÉRABLIÈRE",https://jaimelequebec.org/jmlq_lieu/chalet-lerabliere/,,,,,chalet-lerabliere,publish,1,philgoupil@yahoo.ca,philgoupil@yahoo.ca,,,,default,0,0,0,open,open,2025-12-15
17933,"CHALET L'ÉQUINOXE AVEC SPA",https://jaimelequebec.org/jmlq_lieu/chalet-lequinoxe-avec-spa/,,,,,chalet-lequinoxe-avec-spa,publish,1,philgoupil@yahoo.ca,philgoupil@yahoo.ca,,,,default,0,0,0,open,open,2025-12-15
17934,"CHALET L'ECHO",https://jaimelequebec.org/jmlq_lieu/chalet-lecho/,,,,,chalet-lecho,publish,1,philgoupil@yahoo.ca,philgoupil@yahoo.ca,,,,default,0,0,0,open,open,2025-12-15
17935,"CHALET L'COUREUR DES BOIS (9404-8519 QUÉBEC INC.)",https://jaimelequebec.org/jmlq_lieu/chalet-lcoureur-des-bois-9404-8519-quebec-inc/,,,,,chalet-lcoureur-des-bois-9404-8519-quebec-inc,publish,1,philgoupil@yahoo.ca,philgoupil@yahoo.ca,,,,default,0,0,0,open,open,2025-12-15
17936,"CAMPING ÉVASION PÉRIBONKA",https://jaimelequebec.org/jmlq_lieu/camping-evasion-peribonka/,,,,,camping-evasion-peribonka,publish,1,philgoupil@yahoo.ca,philgoupil@yahoo.ca,,,,default,0,0,0,open,open,2025-12-15
17937,Capisco,https://jaimelequebec.org/jmlq_lieu/capisco/,,,,,capisco,publish,1,philgoupil@yahoo.ca,philgoupil@yahoo.ca,,,,default,0,0,0,open,open,2025-12-15
17938,"HÔTEL MOTEL DE LA MINGANIE",https://jaimelequebec.org/jmlq_lieu/hotel-motel-de-la-minganie/,,,,,hotel-motel-de-la-minganie,publish,1,philgoupil@yahoo.ca,philgoupil@yahoo.ca,,,,default,0,0,0,open,open,2025-12-15
17939,"La Route des Baleines | Itinéraires et routes | Bonjour Québec",https://jaimelequebec.org/jmlq_lieu/la-route-des-baleines-itineraires-et-routes-bonjour-quebec/,,,,,la-route-des-baleines-itineraires-et-routes-bonjour-quebec,publish,1,philgoupil@yahoo.ca,philgoupil@yahoo.ca,,,,default,0,0,0,open,open,2025-12-15
17940,L’APPÂT,https://jaimelequebec.org/jmlq_lieu/lappat/,,,,,lappat,publish,1,philgoupil@yahoo.ca,philgoupil@yahoo.ca,,,,default,0,0,0,open,open,2025-12-15
17941,"Camping Marina Bellerive",https://jaimelequebec.org/jmlq_lieu/camping-marina-bellerive/,,,,,camping-marina-bellerive,publish,1,philgoupil@yahoo.ca,philgoupil@yahoo.ca,,,,default,0,0,0,open,open,2025-12-15
17942,"Batifol Bar & Grill",https://jaimelequebec.org/jmlq_lieu/batifol-bar-grill/,,,,,batifol-bar-grill,publish,1,philgoupil@yahoo.ca,philgoupil@yahoo.ca,,,,default,0,0,0,open,open,2025-12-15
17943,"HÔTEL LE PRÉSIDENT",https://jaimelequebec.org/jmlq_lieu/hotel-le-president/,,,,,hotel-le-president,publish,1,philgoupil@yahoo.ca,philgoupil@yahoo.ca,,,,default,0,0,0,open,open,2025-12-15
17944,"CHALETS CHEZ GASTON",https://jaimelequebec.org/jmlq_lieu/chalets-chez-gaston/,,,,,chalets-chez-gaston,publish,1,philgoupil@yahoo.ca,philgoupil@yahoo.ca,,,,default,0,0,0,open,open,2025-12-15
17945,"ALPIN 13 - LES CHALETS ALPINS",https://jaimelequebec.org/jmlq_lieu/alpin-13-les-chalets-alpins/,,,,,alpin-13-les-chalets-alpins,publish,1,philgoupil@yahoo.ca,philgoupil@yahoo.ca,,,,default,0,0,0,open,open,2025-12-15
17946,"ALPIN 1 - LES CHALETS ALPINS",https://jaimelequebec.org/jmlq_lieu/alpin-1-les-chalets-alpins/,,,,,alpin-1-les-chalets-alpins,publish,1,philgoupil@yahoo.ca,philgoupil@yahoo.ca,,,,default,0,0,0,open,open,2025-12-15
17947,"ENTRE 2 PLANCHES",https://jaimelequebec.org/jmlq_lieu/entre-2-planches/,,,,,entre-2-planches,publish,1,philgoupil@yahoo.ca,philgoupil@yahoo.ca,,,,default,0,0,0,open,open,2025-12-15
17948,"APPARTEMENTS-HÔTEL DE LUXE WERFY/ WERFY LUXURY APART-HOTEL",https://jaimelequebec.org/jmlq_lieu/appartements-hotel-de-luxe-werfy-werfy-luxury-apart-hotel/,,,,,appartements-hotel-de-luxe-werfy-werfy-luxury-apart-hotel,publish,1,philgoupil@yahoo.ca,philgoupil@yahoo.ca,,,,default,0,0,0,open,open,2025-12-15
17949,"CHALET COZY SUR LAC BÉLISLE",https://jaimelequebec.org/jmlq_lieu/chalet-cozy-sur-lac-belisle/,,,,,chalet-cozy-sur-lac-belisle,publish,1,philgoupil@yahoo.ca,philgoupil@yahoo.ca,,,,default,0,0,0,open,open,2025-12-15
17950,"CHALET COZY BEAR CABIN",https://jaimelequebec.org/jmlq_lieu/chalet-cozy-bear-cabin/,,,,,chalet-cozy-bear-cabin,publish,1,philgoupil@yahoo.ca,philgoupil@yahoo.ca,,,,default,0,0,0,open,open,2025-12-15
17951,"Katabatik - Aventure dans Charlevoix",https://jaimelequebec.org/jmlq_lieu/katabatik-aventure-dans-charlevoix/,,,,,katabatik-aventure-dans-charlevoix,publish,1,philgoupil@yahoo.ca,philgoupil@yahoo.ca,,,,default,0,0,0,open,open,2025-12-15
17952,"AUBERGE DE L'ÎLE MELVILLE",https://jaimelequebec.org/jmlq_lieu/auberge-de-lile-melville/,,,,,auberge-de-lile-melville,publish,1,philgoupil@yahoo.ca,philgoupil@yahoo.ca,,,,default,0,0,0,open,open,2025-12-15
17953,"AUBERGE DE L'APPRENTI",https://jaimelequebec.org/jmlq_lieu/auberge-de-lapprenti/,,,,,auberge-de-lapprenti,publish,1,philgoupil@yahoo.ca,philgoupil@yahoo.ca,,,,default,0,0,0,open,open,2025-12-15
17954,"307 - LE CAÏMAN",https://jaimelequebec.org/jmlq_lieu/307-le-caiman/,,,,,307-le-caiman,publish,1,philgoupil@yahoo.ca,philgoupil@yahoo.ca,,,,default,0,0,0,open,open,2025-12-15
17955,"SITE TOURISTIQUE CHUTE À L'OURS DE NORMANDIN",https://jaimelequebec.org/jmlq_lieu/site-touristique-chute-a-lours-de-normandin/,,,,,site-touristique-chute-a-lours-de-normandin,publish,1,philgoupil@yahoo.ca,philgoupil@yahoo.ca,,,,default,0,0,0,open,open,2025-12-15
17956,"CHALET 57 - TREMBLANT MOUNTAIN CHALETS",https://jaimelequebec.org/jmlq_lieu/chalet-57-tremblant-mountain-chalets/,,,,,chalet-57-tremblant-mountain-chalets,publish,1,philgoupil@yahoo.ca,philgoupil@yahoo.ca,,,,default,0,0,0,open,open,2025-12-15
17957,"CAMPING DU PARC",https://jaimelequebec.org/jmlq_lieu/camping-du-parc/,,,,,camping-du-parc,publish,1,philgoupil@yahoo.ca,philgoupil@yahoo.ca,,,,default,0,0,0,open,open,2025-12-15
17958,"BORÉAL HABITAT - TREMBLANT",https://jaimelequebec.org/jmlq_lieu/boreal-habitat-tremblant/,,,,,boreal-habitat-tremblant,publish,1,philgoupil@yahoo.ca,philgoupil@yahoo.ca,,,,default,0,0,0,open,open,2025-12-15
17959,"Café Acadien | Restaurant | Auberge | Bonaventure | Gîte hôtellier | Bar",https://jaimelequebec.org/jmlq_lieu/cafe-acadien-restaurant-auberge-bonaventure-gite-hotellier-bar/,,,,,cafe-acadien-restaurant-auberge-bonaventure-gite-hotellier-bar,publish,1,philgoupil@yahoo.ca,philgoupil@yahoo.ca,,,,default,0,0,0,open,open,2025-12-15
17960,"LA MAISON BRIDGE",https://jaimelequebec.org/jmlq_lieu/la-maison-bridge/,,,,,la-maison-bridge,publish,1,philgoupil@yahoo.ca,philgoupil@yahoo.ca,,,,default,0,0,0,open,open,2025-12-15
17961,"La Queue de homard",https://jaimelequebec.org/jmlq_lieu/la-queue-de-homard/,,,,,la-queue-de-homard,publish,1,philgoupil@yahoo.ca,philgoupil@yahoo.ca,,,,default,0,0,0,open,open,2025-12-15
17962,"Chez Truchon",https://jaimelequebec.org/jmlq_lieu/chez-truchon/,,,,,chez-truchon,publish,1,philgoupil@yahoo.ca,philgoupil@yahoo.ca,,,,default,0,0,0,open,open,2025-12-15
17963,"École d'escalade de l'Outaouais",https://jaimelequebec.org/jmlq_lieu/ecole-descalade-de-loutaouais/,,,,,ecole-descalade-de-loutaouais,publish,1,philgoupil@yahoo.ca,philgoupil@yahoo.ca,,,,default,0,0,0,open,open,2025-12-15
17964,"CHALET FORET",https://jaimelequebec.org/jmlq_lieu/chalet-foret/,,,,,chalet-foret,publish,1,philgoupil@yahoo.ca,philgoupil@yahoo.ca,,,,default,0,0,0,open,open,2025-12-15
17965,"LA DOLCE VITA",https://jaimelequebec.org/jmlq_lieu/la-dolce-vita/,,,,,la-dolce-vita,publish,1,philgoupil@yahoo.ca,philgoupil@yahoo.ca,,,,default,0,0,0,open,open,2025-12-15
17966,"LA DOLCE VITA",https://jaimelequebec.org/jmlq_lieu/la-dolce-vita-2/,,,,,la-dolce-vita-2,publish,1,philgoupil@yahoo.ca,philgoupil@yahoo.ca,,,,default,0,0,0,open,open,2025-12-15
17967,"La Distinction - L'Art de la table",https://jaimelequebec.org/jmlq_lieu/la-distinction-lart-de-la-table/,,,,,la-distinction-lart-de-la-table,publish,1,philgoupil@yahoo.ca,philgoupil@yahoo.ca,,,,default,0,0,0,open,open,2025-12-15
17968,"La Distillerie (Vieux-Longueuil)",https://jaimelequebec.org/jmlq_lieu/la-distillerie-vieux-longueuil/,,,,,la-distillerie-vieux-longueuil,publish,1,philgoupil@yahoo.ca,philgoupil@yahoo.ca,,,,default,0,0,0,open,open,2025-12-15
17969,"La Distillerie (Quartier des spectacles)",https://jaimelequebec.org/jmlq_lieu/la-distillerie-quartier-des-spectacles/,,,,,la-distillerie-quartier-des-spectacles,publish,1,philgoupil@yahoo.ca,philgoupil@yahoo.ca,,,,default,0,0,0,open,open,2025-12-15
17970,"La Diable – Microbrasserie | Restaurant bar, Microbrasserie La Diable",https://jaimelequebec.org/jmlq_lieu/la-diable-microbrasserie-restaurant-bar-microbrasserie-la-diable/,,,,,la-diable-microbrasserie-restaurant-bar-microbrasserie-la-diable,publish,1,philgoupil@yahoo.ca,philgoupil@yahoo.ca,,,,default,0,0,0,open,open,2025-12-15
17971,"La Desserte",https://jaimelequebec.org/jmlq_lieu/la-desserte/,,,,,la-desserte,publish,1,philgoupil@yahoo.ca,philgoupil@yahoo.ca,,,,default,0,0,0,open,open,2025-12-15
17972,"LA DEMEURE DU CAPITAINE",https://jaimelequebec.org/jmlq_lieu/la-demeure-du-capitaine/,,,,,la-demeure-du-capitaine,publish,1,philgoupil@yahoo.ca,philgoupil@yahoo.ca,,,,default,0,0,0,open,open,2025-12-15
17973,"La Cuisine",https://jaimelequebec.org/jmlq_lieu/la-cuisine/,,,,,la-cuisine,publish,1,philgoupil@yahoo.ca,philgoupil@yahoo.ca,,,,default,0,0,0,open,open,2025-12-15
17974,"LA CROISÉE DES RIVES",https://jaimelequebec.org/jmlq_lieu/la-croisee-des-rives/,,,,,la-croisee-des-rives,publish,1,philgoupil@yahoo.ca,philgoupil@yahoo.ca,,,,default,0,0,0,open,open,2025-12-15
17975,"La crêperie - La maison de la crêpe",https://jaimelequebec.org/jmlq_lieu/la-creperie-la-maison-de-la-crepe/,,,,,la-creperie-la-maison-de-la-crepe,publish,1,philgoupil@yahoo.ca,philgoupil@yahoo.ca,,,,default,0,0,0,open,open,2025-12-15
17976,"LA COZY O-LAC",https://jaimelequebec.org/jmlq_lieu/la-cozy-o-lac/,,,,,la-cozy-o-lac,publish,1,philgoupil@yahoo.ca,philgoupil@yahoo.ca,,,,default,0,0,0,open,open,2025-12-15
17977,"La Cour du Baron",https://jaimelequebec.org/jmlq_lieu/la-cour-du-baron/,,,,,la-cour-du-baron,publish,1,philgoupil@yahoo.ca,philgoupil@yahoo.ca,,,,default,0,0,0,open,open,2025-12-15
17978,"LA CORNEILLE",https://jaimelequebec.org/jmlq_lieu/la-corneille/,,,,,la-corneille,publish,1,philgoupil@yahoo.ca,philgoupil@yahoo.ca,,,,default,0,0,0,open,open,2025-12-15
17979,"LA COQUETTE DES ÎLES",https://jaimelequebec.org/jmlq_lieu/la-coquette-des-iles/,,,,,la-coquette-des-iles,publish,1,philgoupil@yahoo.ca,philgoupil@yahoo.ca,,,,default,0,0,0,open,open,2025-12-15
17980,"LA CONQUÊTE",https://jaimelequebec.org/jmlq_lieu/la-conquete/,,,,,la-conquete,publish,1,philgoupil@yahoo.ca,philgoupil@yahoo.ca,,,,default,0,0,0,open,open,2025-12-15
17981,"La Confrérie",https://jaimelequebec.org/jmlq_lieu/la-confrerie/,,,,,la-confrerie,publish,1,philgoupil@yahoo.ca,philgoupil@yahoo.ca,,,,default,0,0,0,open,open,2025-12-15
17982,"La Confesse",https://jaimelequebec.org/jmlq_lieu/la-confesse/,,,,,la-confesse,publish,1,philgoupil@yahoo.ca,philgoupil@yahoo.ca,,,,default,0,0,0,open,open,2025-12-15
17983,"LA COLOMBE",https://jaimelequebec.org/jmlq_lieu/la-colombe/,,,,,la-colombe,publish,1,philgoupil@yahoo.ca,philgoupil@yahoo.ca,,,,default,0,0,0,open,open,2025-12-15
17984,"La Cochonne rit",https://jaimelequebec.org/jmlq_lieu/la-cochonne-rit/,,,,,la-cochonne-rit,publish,1,philgoupil@yahoo.ca,philgoupil@yahoo.ca,,,,default,0,0,0,open,open,2025-12-15
17985,"LA CLÉ DES CHAMPS",https://jaimelequebec.org/jmlq_lieu/la-cle-des-champs/,,,,,la-cle-des-champs,publish,1,philgoupil@yahoo.ca,philgoupil@yahoo.ca,,,,default,0,0,0,open,open,2025-12-15
17986,"La Clé des bois",https://jaimelequebec.org/jmlq_lieu/la-cle-des-bois/,,,,,la-cle-des-bois,publish,1,philgoupil@yahoo.ca,philgoupil@yahoo.ca,,,,default,0,0,0,open,open,2025-12-15
17987,"Patinoire Atrium Le 1000",https://jaimelequebec.org/jmlq_lieu/patinoire-atrium-le-1000/,,,,,patinoire-atrium-le-1000,publish,1,philgoupil@yahoo.ca,philgoupil@yahoo.ca,,,,default,0,0,0,open,open,2025-12-15
17988,"Biscotti & Cie",https://jaimelequebec.org/jmlq_lieu/biscotti-cie/,,,,,biscotti-cie,publish,1,philgoupil@yahoo.ca,philgoupil@yahoo.ca,,,,default,0,0,0,open,open,2025-12-15
17989,"LE FAUCON AZURÉ, GOLF ET SKI",https://jaimelequebec.org/jmlq_lieu/le-faucon-azure-golf-et-ski/,,,,,le-faucon-azure-golf-et-ski,publish,1,philgoupil@yahoo.ca,philgoupil@yahoo.ca,,,,default,0,0,0,open,open,2025-12-15
17990,"À la table des jardins sauvages",https://jaimelequebec.org/jmlq_lieu/a-la-table-des-jardins-sauvages/,,,,,a-la-table-des-jardins-sauvages,publish,1,philgoupil@yahoo.ca,philgoupil@yahoo.ca,,,,default,0,0,0,open,open,2025-12-15
17991,"Noah Spa (Thetford Mines)",https://jaimelequebec.org/jmlq_lieu/noah-spa-thetford-mines/,,,,,noah-spa-thetford-mines,publish,1,philgoupil@yahoo.ca,philgoupil@yahoo.ca,,,,default,0,0,0,open,open,2025-12-15
17992,"BATELIER - AU CHALET EN BOIS ROND",https://jaimelequebec.org/jmlq_lieu/batelier-au-chalet-en-bois-rond/,,,,,batelier-au-chalet-en-bois-rond,publish,1,philgoupil@yahoo.ca,philgoupil@yahoo.ca,,,,default,0,0,0,open,open,2025-12-15
17993,"CHALET 43 BOISÉ-DU-VIGNERON - LA CACHE À MAXIME",https://jaimelequebec.org/jmlq_lieu/chalet-43-boise-du-vigneron-la-cache-a-maxime/,,,,,chalet-43-boise-du-vigneron-la-cache-a-maxime,publish,1,philgoupil@yahoo.ca,philgoupil@yahoo.ca,,,,default,0,0,0,open,open,2025-12-15
17994,"CHALET 40 - LA CACHE À MAXIME",https://jaimelequebec.org/jmlq_lieu/chalet-40-la-cache-a-maxime/,,,,,chalet-40-la-cache-a-maxime,publish,1,philgoupil@yahoo.ca,philgoupil@yahoo.ca,,,,default,0,0,0,open,open,2025-12-15
17995,"CHALET 38 LA CACHE À MAXIME",https://jaimelequebec.org/jmlq_lieu/chalet-38-la-cache-a-maxime/,,,,,chalet-38-la-cache-a-maxime,publish,1,philgoupil@yahoo.ca,philgoupil@yahoo.ca,,,,default,0,0,0,open,open,2025-12-15
17996,"CHALET 37",https://jaimelequebec.org/jmlq_lieu/chalet-37/,,,,,chalet-37,publish,1,philgoupil@yahoo.ca,philgoupil@yahoo.ca,,,,default,0,0,0,open,open,2025-12-15
17997,"CHALET 35 RUE DU BOISÉ-DU-VIGNERON - LA CACHE À MAXIME",https://jaimelequebec.org/jmlq_lieu/chalet-35-rue-du-boise-du-vigneron-la-cache-a-maxime/,,,,,chalet-35-rue-du-boise-du-vigneron-la-cache-a-maxime,publish,1,philgoupil@yahoo.ca,philgoupil@yahoo.ca,,,,default,0,0,0,open,open,2025-12-15
17998,"CHALET 35 - RCNT CHALETS",https://jaimelequebec.org/jmlq_lieu/chalet-35-rcnt-chalets/,,,,,chalet-35-rcnt-chalets,publish,1,philgoupil@yahoo.ca,philgoupil@yahoo.ca,,,,default,0,0,0,open,open,2025-12-15
17999,"CENTRE ÉCOLOGIQUE DE PORT-AU-SAUMON",https://jaimelequebec.org/jmlq_lieu/centre-ecologique-de-port-au-saumon/,,,,,centre-ecologique-de-port-au-saumon,publish,1,philgoupil@yahoo.ca,philgoupil@yahoo.ca,,,,default,0,0,0,open,open,2025-12-15
18000,"CENTRE DE VILLÉGIATURE MARINA CHIBOUGAMAU",https://jaimelequebec.org/jmlq_lieu/centre-de-villegiature-marina-chibougamau/,,,,,centre-de-villegiature-marina-chibougamau,publish,1,philgoupil@yahoo.ca,philgoupil@yahoo.ca,,,,default,0,0,0,open,open,2025-12-15
18001,"CENTRE DE VILLÉGIATURE JOUVENCE",https://jaimelequebec.org/jmlq_lieu/centre-de-villegiature-jouvence/,,,,,centre-de-villegiature-jouvence,publish,1,philgoupil@yahoo.ca,philgoupil@yahoo.ca,,,,default,0,0,0,open,open,2025-12-15
18002,"CENTRE ÉCOLOGIQUE ET NATURISTE LA POMMERIE",https://jaimelequebec.org/jmlq_lieu/centre-ecologique-et-naturiste-la-pommerie/,,,,,centre-ecologique-et-naturiste-la-pommerie,publish,1,philgoupil@yahoo.ca,philgoupil@yahoo.ca,,,,default,0,0,0,open,open,2025-12-15
18003,"AVENTURES OBIKOBA",https://jaimelequebec.org/jmlq_lieu/aventures-obikoba/,,,,,aventures-obikoba,publish,1,philgoupil@yahoo.ca,philgoupil@yahoo.ca,,,,default,0,0,0,open,open,2025-12-15
18004,"AVENTURES NORD-BEC STONEHAM",https://jaimelequebec.org/jmlq_lieu/aventures-nord-bec-stoneham/,,,,,aventures-nord-bec-stoneham,publish,1,philgoupil@yahoo.ca,philgoupil@yahoo.ca,,,,default,0,0,0,open,open,2025-12-15
18005,"Aventures Neige",https://jaimelequebec.org/jmlq_lieu/aventures-neige/,,,,,aventures-neige,publish,1,philgoupil@yahoo.ca,philgoupil@yahoo.ca,,,,default,0,0,0,open,open,2025-12-15
18006,"AVENTURES EL TORO",https://jaimelequebec.org/jmlq_lieu/aventures-el-toro/,,,,,aventures-el-toro,publish,1,philgoupil@yahoo.ca,philgoupil@yahoo.ca,,,,default,0,0,0,open,open,2025-12-15
18007,"AUX PORTES DES MILLE-ÎLES",https://jaimelequebec.org/jmlq_lieu/aux-portes-des-mille-iles/,,,,,aux-portes-des-mille-iles,publish,1,philgoupil@yahoo.ca,philgoupil@yahoo.ca,,,,default,0,0,0,open,open,2025-12-15
18008,"AUX PORTES DU PLATIN",https://jaimelequebec.org/jmlq_lieu/aux-portes-du-platin/,,,,,aux-portes-du-platin,publish,1,philgoupil@yahoo.ca,philgoupil@yahoo.ca,,,,default,0,0,0,open,open,2025-12-15
18009,"CONDO AMIGOS MONT-TREMBLANT - SKI, GOLF AND MORE",https://jaimelequebec.org/jmlq_lieu/condo-amigos-mont-tremblant-ski-golf-and-more/,,,,,condo-amigos-mont-tremblant-ski-golf-and-more,publish,1,philgoupil@yahoo.ca,philgoupil@yahoo.ca,,,,default,0,0,0,open,open,2025-12-15
18010,"CONDO 340",https://jaimelequebec.org/jmlq_lieu/condo-340/,,,,,condo-340,publish,1,philgoupil@yahoo.ca,philgoupil@yahoo.ca,,,,default,0,0,0,open,open,2025-12-15
18011,"Forêt Ô Cascades | Camping et prêt-à-camper",https://jaimelequebec.org/jmlq_lieu/foret-o-cascades-camping-et-pret-a-camper-rawdon-bonjour-quebec/,,,,,foret-o-cascades-camping-et-pret-a-camper-rawdon-bonjour-quebec,publish,1,philgoupil@yahoo.ca,philgoupil@yahoo.ca,,,,default,0,0,0,closed,closed,2025-12-15
18012,"CHALET PANORAMIQUE",https://jaimelequebec.org/jmlq_lieu/chalet-panoramique/,,,,,chalet-panoramique,publish,1,philgoupil@yahoo.ca,philgoupil@yahoo.ca,,,,default,0,0,0,open,open,2025-12-15
18013,"Avalanche Culture Plein Air",https://jaimelequebec.org/jmlq_lieu/avalanche-culture-plein-air/,,,,,avalanche-culture-plein-air,publish,1,philgoupil@yahoo.ca,philgoupil@yahoo.ca,,,,default,0,0,0,open,open,2025-12-15
18014,"AVALA 70",https://jaimelequebec.org/jmlq_lieu/avala-70/,,,,,avala-70,publish,1,philgoupil@yahoo.ca,philgoupil@yahoo.ca,,,,default,0,0,0,open,open,2025-12-15
18015,Avacture,https://jaimelequebec.org/jmlq_lieu/avacture/,,,,,avacture,publish,1,philgoupil@yahoo.ca,philgoupil@yahoo.ca,,,,default,0,0,0,open,open,2025-12-15
18016,"Aux Vivres | Le premier restaurant végane à Montréal",https://jaimelequebec.org/jmlq_lieu/aux-vivres-le-premier-restaurant-vegane-a-montreal/,,,,,aux-vivres-le-premier-restaurant-vegane-a-montreal,publish,1,philgoupil@yahoo.ca,philgoupil@yahoo.ca,,,,default,0,0,0,open,open,2025-12-15
18017,"AUX VIEUX POMMIERS",https://jaimelequebec.org/jmlq_lieu/aux-vieux-pommiers/,,,,,aux-vieux-pommiers,publish,1,philgoupil@yahoo.ca,philgoupil@yahoo.ca,,,,default,0,0,0,open,open,2025-12-15
18018,"Aux Traditions - Restaurant",https://jaimelequebec.org/jmlq_lieu/aux-traditions-restaurant/,,,,,aux-traditions-restaurant,publish,1,philgoupil@yahoo.ca,philgoupil@yahoo.ca,,,,default,0,0,0,open,open,2025-12-15
18019,"AUX TIPIS DE LA RIVIÈRE SAUVAGE",https://jaimelequebec.org/jmlq_lieu/aux-tipis-de-la-riviere-sauvage/,,,,,aux-tipis-de-la-riviere-sauvage,publish,1,philgoupil@yahoo.ca,philgoupil@yahoo.ca,,,,default,0,0,0,open,open,2025-12-15
18020,"AUX SORBIERS",https://jaimelequebec.org/jmlq_lieu/aux-sorbiers/,,,,,aux-sorbiers,publish,1,philgoupil@yahoo.ca,philgoupil@yahoo.ca,,,,default,0,0,0,open,open,2025-12-15
18021,"AUX RETROUVAILLES",https://jaimelequebec.org/jmlq_lieu/aux-retrouvailles/,,,,,aux-retrouvailles,publish,1,philgoupil@yahoo.ca,philgoupil@yahoo.ca,,,,default,0,0,0,open,open,2025-12-15
18022,"AUX REPÈRES DE PAPI",https://jaimelequebec.org/jmlq_lieu/aux-reperes-de-papi/,,,,,aux-reperes-de-papi,publish,1,philgoupil@yahoo.ca,philgoupil@yahoo.ca,,,,default,0,0,0,open,open,2025-12-15
18023,"Aux Quartiers Belle Gueule",https://jaimelequebec.org/jmlq_lieu/aux-quartiers-belle-gueule/,,,,,aux-quartiers-belle-gueule,publish,1,philgoupil@yahoo.ca,philgoupil@yahoo.ca,,,,default,0,0,0,open,open,2025-12-15
18024,"Escaparium - Jeu d'évasion",https://jaimelequebec.org/jmlq_lieu/escaparium-jeu-devasion/,,,,,escaparium-jeu-devasion,publish,1,philgoupil@yahoo.ca,philgoupil@yahoo.ca,,,,default,0,0,0,open,open,2025-12-15
18025,"ESCAPADE SUR LE LAC",https://jaimelequebec.org/jmlq_lieu/escapade-sur-le-lac/,,,,,escapade-sur-le-lac,publish,1,philgoupil@yahoo.ca,philgoupil@yahoo.ca,,,,default,0,0,0,open,open,2025-12-15
18026,"ESCAPADE PINOTEAU",https://jaimelequebec.org/jmlq_lieu/escapade-pinoteau/,,,,,escapade-pinoteau,publish,1,philgoupil@yahoo.ca,philgoupil@yahoo.ca,,,,default,0,0,0,open,open,2025-12-15
18027,"ESCAPADE KIAMIKA",https://jaimelequebec.org/jmlq_lieu/escapade-kiamika/,,,,,escapade-kiamika,publish,1,philgoupil@yahoo.ca,philgoupil@yahoo.ca,,,,default,0,0,0,open,open,2025-12-15
18028,"ESCAPADE KANATA TREMBLANT",https://jaimelequebec.org/jmlq_lieu/escapade-kanata-tremblant/,,,,,escapade-kanata-tremblant,publish,1,philgoupil@yahoo.ca,philgoupil@yahoo.ca,,,,default,0,0,0,open,open,2025-12-15
18029,"Escapade Huskimo",https://jaimelequebec.org/jmlq_lieu/escapade-huskimo/,,,,,escapade-huskimo,publish,1,philgoupil@yahoo.ca,philgoupil@yahoo.ca,,,,default,0,0,0,open,open,2025-12-15
18030,"Escapade dans Lanaudière et en Mauricie | Blogue Bonjour Québec",https://jaimelequebec.org/jmlq_lieu/escapade-dans-lanaudiere-et-en-mauricie-blogue-bonjour-quebec/,,,,,escapade-dans-lanaudiere-et-en-mauricie-blogue-bonjour-quebec,publish,1,philgoupil@yahoo.ca,philgoupil@yahoo.ca,,,,default,0,0,0,open,open,2025-12-15
18031,"ESCAPADE AU CHALET - MOMENT PRÉSENT",https://jaimelequebec.org/jmlq_lieu/escapade-au-chalet-moment-present/,,,,,escapade-au-chalet-moment-present,publish,1,philgoupil@yahoo.ca,philgoupil@yahoo.ca,,,,default,0,0,0,open,open,2025-12-15
18032,"ESCAPADE 4B INC",https://jaimelequebec.org/jmlq_lieu/escapade-4b-inc/,,,,,escapade-4b-inc,publish,1,philgoupil@yahoo.ca,philgoupil@yahoo.ca,,,,default,0,0,0,open,open,2025-12-15
18033,"ESCALE AU LAC",https://jaimelequebec.org/jmlq_lieu/escale-au-lac/,,,,,escale-au-lac,publish,1,philgoupil@yahoo.ca,philgoupil@yahoo.ca,,,,default,0,0,0,open,open,2025-12-15
18034,"ESCALE AU LAC",https://jaimelequebec.org/jmlq_lieu/escale-au-lac-2/,,,,,escale-au-lac-2,publish,1,philgoupil@yahoo.ca,philgoupil@yahoo.ca,,,,default,0,0,0,open,open,2025-12-15
18035,"ESCALE 471",https://jaimelequebec.org/jmlq_lieu/escale-471/,,,,,escale-471,publish,1,philgoupil@yahoo.ca,philgoupil@yahoo.ca,,,,default,0,0,0,open,open,2025-12-15
18036,"ESCALE 335",https://jaimelequebec.org/jmlq_lieu/escale-335/,,,,,escale-335,publish,1,philgoupil@yahoo.ca,philgoupil@yahoo.ca,,,,default,0,0,0,open,open,2025-12-15
18037,"Escalade Le Crux",https://jaimelequebec.org/jmlq_lieu/escalade-le-crux/,,,,,escalade-le-crux,publish,1,philgoupil@yahoo.ca,philgoupil@yahoo.ca,,,,default,0,0,0,open,open,2025-12-15
18038,"Escalade Clip 'n climb Laval",https://jaimelequebec.org/jmlq_lieu/escalade-clip-n-climb-laval/,,,,,escalade-clip-n-climb-laval,publish,1,philgoupil@yahoo.ca,philgoupil@yahoo.ca,,,,default,0,0,0,open,open,2025-12-15
18039,"Escalade à Sainte-Émélie-de-L'Énergie",https://jaimelequebec.org/jmlq_lieu/escalade-a-sainte-emelie-de-lenergie/,,,,,escalade-a-sainte-emelie-de-lenergie,publish,1,philgoupil@yahoo.ca,philgoupil@yahoo.ca,,,,default,0,0,0,open,open,2025-12-15
18040,"ERMITAGE SAINT-ANTOINE-CHAMBRES D’HÔTEL",https://jaimelequebec.org/jmlq_lieu/ermitage-saint-antoine-chambres-dhotel/,,,,,ermitage-saint-antoine-chambres-dhotel,publish,1,philgoupil@yahoo.ca,philgoupil@yahoo.ca,,,,default,0,0,0,open,open,2025-12-15
18041,"ERMITAGE SAINT-ANTOINE - CHALETS ERMITAGES",https://jaimelequebec.org/jmlq_lieu/ermitage-saint-antoine-chalets-ermitages/,,,,,ermitage-saint-antoine-chalets-ermitages,publish,1,philgoupil@yahoo.ca,philgoupil@yahoo.ca,,,,default,0,0,0,open,open,2025-12-15
18042,"ERMITAGE SAINT- ANTOINE - CHALETS FAMILIAUX",https://jaimelequebec.org/jmlq_lieu/ermitage-saint-antoine-chalets-familiaux/,,,,,ermitage-saint-antoine-chalets-familiaux,publish,1,philgoupil@yahoo.ca,philgoupil@yahoo.ca,,,,default,0,0,0,open,open,2025-12-15
18043,"ERMITAGE DU LAC",https://jaimelequebec.org/jmlq_lieu/ermitage-du-lac/,,,,,ermitage-du-lac,publish,1,philgoupil@yahoo.ca,philgoupil@yahoo.ca,,,,default,0,0,0,open,open,2025-12-15
18044,"ÉRABLIÈRE MOMENTUM",https://jaimelequebec.org/jmlq_lieu/erabliere-momentum/,,,,,erabliere-momentum,publish,1,philgoupil@yahoo.ca,philgoupil@yahoo.ca,,,,default,0,0,0,open,open,2025-12-15
18045,"Érablière au Sucre d'Or",https://jaimelequebec.org/jmlq_lieu/erabliere-au-sucre-dor/,,,,,erabliere-au-sucre-dor,publish,1,philgoupil@yahoo.ca,philgoupil@yahoo.ca,,,,default,0,0,0,open,open,2025-12-15
18046,"ÉQUINOXES 164-2 - TREMBLANT PRESTIGE",https://jaimelequebec.org/jmlq_lieu/equinoxes-164-2-tremblant-prestige/,,,,,equinoxes-164-2-tremblant-prestige,publish,1,philgoupil@yahoo.ca,philgoupil@yahoo.ca,,,,default,0,0,0,open,open,2025-12-15
18047,"EQUINOXE 2",https://jaimelequebec.org/jmlq_lieu/equinoxe-2/,,,,,equinoxe-2,publish,1,philgoupil@yahoo.ca,philgoupil@yahoo.ca,,,,default,0,0,0,open,open,2025-12-15
18048,"EQUINOXE 170-8 - TREMBLANT PRESTIGE",https://jaimelequebec.org/jmlq_lieu/equinoxe-170-8-tremblant-prestige/,,,,,equinoxe-170-8-tremblant-prestige,publish,1,philgoupil@yahoo.ca,philgoupil@yahoo.ca,,,,default,0,0,0,open,open,2025-12-15
18049,Kano,https://jaimelequebec.org/jmlq_lieu/kano/,,,,,kano,publish,1,philgoupil@yahoo.ca,philgoupil@yahoo.ca,,,,default,0,0,0,open,open,2025-12-15
18050,"KANAWATA 2021",https://jaimelequebec.org/jmlq_lieu/kanawata-2021/,,,,,kanawata-2021,publish,1,philgoupil@yahoo.ca,philgoupil@yahoo.ca,,,,default,0,0,0,open,open,2025-12-15
18051,KANAMOUCHE,https://jaimelequebec.org/jmlq_lieu/kanamouche/,,,,,kanamouche,publish,1,philgoupil@yahoo.ca,philgoupil@yahoo.ca,,,,default,0,0,0,open,open,2025-12-15
18052,Interzip,https://jaimelequebec.org/jmlq_lieu/interzip/,,,,,interzip,publish,1,philgoupil@yahoo.ca,philgoupil@yahoo.ca,,,,default,0,0,0,open,open,2025-12-15
18053,"AUBERGE OCÉANE",https://jaimelequebec.org/jmlq_lieu/auberge-oceane/,,,,,auberge-oceane,publish,1,philgoupil@yahoo.ca,philgoupil@yahoo.ca,,,,default,0,0,0,open,open,2025-12-15
18054,"CAMPING ATTITUDE NORDIQUE - PLEIN AIR",https://jaimelequebec.org/jmlq_lieu/camping-attitude-nordique-plein-air/,,,,,camping-attitude-nordique-plein-air,publish,1,philgoupil@yahoo.ca,philgoupil@yahoo.ca,,,,default,0,0,0,open,open,2025-12-15
18055,"au comptoir MarCel",https://jaimelequebec.org/jmlq_lieu/au-comptoir-marcel/,,,,,au-comptoir-marcel,publish,1,philgoupil@yahoo.ca,philgoupil@yahoo.ca,,,,default,0,0,0,open,open,2025-12-15
18056,"Capitaine Homard – Le Capitaine Homard est une référence en restauration de fruits de mer dans le ba",https://jaimelequebec.org/jmlq_lieu/capitaine-homard-le-capitaine-homard-est-une-reference-en-restauration-de-fruits-de-mer-dans-le-ba/,,,,,capitaine-homard-le-capitaine-homard-est-une-reference-en-restauration-de-fruits-de-mer-dans-le-ba,publish,1,philgoupil@yahoo.ca,philgoupil@yahoo.ca,,,,default,0,0,0,open,open,2025-12-15
18057,"Faux bergers",https://jaimelequebec.org/jmlq_lieu/faux-bergers/,,,,,faux-bergers,publish,1,philgoupil@yahoo.ca,philgoupil@yahoo.ca,,,,default,0,0,0,open,open,2025-12-15
18058,Feliciano,https://jaimelequebec.org/jmlq_lieu/feliciano/,,,,,feliciano,publish,1,philgoupil@yahoo.ca,philgoupil@yahoo.ca,,,,default,0,0,0,open,open,2025-12-15
18059,"Brasserie artisanale La Korrigane",https://jaimelequebec.org/jmlq_lieu/brasserie-artisanale-la-korrigane/,,,,,brasserie-artisanale-la-korrigane,publish,1,philgoupil@yahoo.ca,philgoupil@yahoo.ca,,,,default,0,0,0,open,open,2025-12-15
18060,"HÔTEL LES MOUETTES",https://jaimelequebec.org/jmlq_lieu/hotel-les-mouettes/,,,,,hotel-les-mouettes,publish,1,philgoupil@yahoo.ca,philgoupil@yahoo.ca,,,,default,0,0,0,open,open,2025-12-15
18061,"GITE LE PRESBYTÈRE",https://jaimelequebec.org/jmlq_lieu/gite-le-presbytere/,,,,,gite-le-presbytere,publish,1,philgoupil@yahoo.ca,philgoupil@yahoo.ca,,,,default,0,0,0,open,open,2025-12-15
18062,"GÎTE LE BERSO",https://jaimelequebec.org/jmlq_lieu/gite-le-berso/,,,,,gite-le-berso,publish,1,philgoupil@yahoo.ca,philgoupil@yahoo.ca,,,,default,0,0,0,open,open,2025-12-15
18063,"GÎTE LE 812",https://jaimelequebec.org/jmlq_lieu/gite-le-812/,,,,,gite-le-812,publish,1,philgoupil@yahoo.ca,philgoupil@yahoo.ca,,,,default,0,0,0,open,open,2025-12-15
18064,"GÎTE LA TOURELLE DU CAP",https://jaimelequebec.org/jmlq_lieu/gite-la-tourelle-du-cap/,,,,,gite-la-tourelle-du-cap,publish,1,philgoupil@yahoo.ca,philgoupil@yahoo.ca,,,,default,0,0,0,open,open,2025-12-15
18065,"Festival de montgolfières de Gatineau | Festival | Gatineau | Bonjour Québec",https://jaimelequebec.org/jmlq_lieu/festival-de-montgolfieres-de-gatineau-festival-gatineau-bonjour-quebec/,,,,,festival-de-montgolfieres-de-gatineau-festival-gatineau-bonjour-quebec,publish,1,philgoupil@yahoo.ca,philgoupil@yahoo.ca,,,,default,0,0,0,open,open,2025-12-15
18066,"Festival d'Humour de l'Abitibi-Témiscamingue | Festival | Val-d'Or | Bonjour Québec",https://jaimelequebec.org/jmlq_lieu/festival-dhumour-de-labitibi-temiscamingue-festival-val-dor-bonjour-quebec/,,,,,festival-dhumour-de-labitibi-temiscamingue-festival-val-dor-bonjour-quebec,publish,1,philgoupil@yahoo.ca,philgoupil@yahoo.ca,,,,default,0,0,0,open,open,2025-12-15
18067,"FESTIF - AU CHALET EN BOIS ROND",https://jaimelequebec.org/jmlq_lieu/festif-au-chalet-en-bois-rond/,,,,,festif-au-chalet-en-bois-rond,publish,1,philgoupil@yahoo.ca,philgoupil@yahoo.ca,,,,default,0,0,0,open,open,2025-12-15
18068,"Ferreira Café",https://jaimelequebec.org/jmlq_lieu/ferreira-cafe/,,,,,ferreira-cafe,publish,1,philgoupil@yahoo.ca,philgoupil@yahoo.ca,,,,default,0,0,0,open,open,2025-12-15
18069,"Ferreira Cafe",https://jaimelequebec.org/jmlq_lieu/ferreira-cafe-2/,,,,,ferreira-cafe-2,publish,1,philgoupil@yahoo.ca,philgoupil@yahoo.ca,,,,default,0,0,0,open,open,2025-12-15
18070,"ALTA ET SILVA",https://jaimelequebec.org/jmlq_lieu/alta-et-silva/,,,,,alta-et-silva,publish,1,philgoupil@yahoo.ca,philgoupil@yahoo.ca,,,,default,0,0,0,open,open,2025-12-15
18071,"ALT HÔTEL QUÉBEC",https://jaimelequebec.org/jmlq_lieu/alt-hotel-quebec/,,,,,alt-hotel-quebec,publish,1,philgoupil@yahoo.ca,philgoupil@yahoo.ca,,,,default,0,0,0,open,open,2025-12-15
18072,"CAMPING DU GRAND LAC NOIR",https://jaimelequebec.org/jmlq_lieu/camping-du-grand-lac-noir/,,,,,camping-du-grand-lac-noir,publish,1,philgoupil@yahoo.ca,philgoupil@yahoo.ca,,,,default,0,0,0,open,open,2025-12-15
18073,"Côté Est",https://jaimelequebec.org/jmlq_lieu/cote-est-2/,,,,,cote-est-2,publish,1,philgoupil@yahoo.ca,philgoupil@yahoo.ca,,,,default,0,0,0,open,open,2025-12-15
18074,"CHALET LE PETIT CASCAPÉDIA",https://jaimelequebec.org/jmlq_lieu/chalet-le-petit-cascapedia/,,,,,chalet-le-petit-cascapedia,publish,1,philgoupil@yahoo.ca,philgoupil@yahoo.ca,,,,default,0,0,0,open,open,2025-12-15
18075,"CHALET SPA KODIAK",https://jaimelequebec.org/jmlq_lieu/chalet-spa-kodiak/,,,,,chalet-spa-kodiak,publish,1,philgoupil@yahoo.ca,philgoupil@yahoo.ca,,,,default,0,0,0,open,open,2025-12-15
18076,"DOMAINE ESCALE",https://jaimelequebec.org/jmlq_lieu/domaine-escale/,,,,,domaine-escale,publish,1,philgoupil@yahoo.ca,philgoupil@yahoo.ca,,,,default,0,0,0,open,open,2025-12-15
18077,"AUBERGE MOTEL DRAKKAR",https://jaimelequebec.org/jmlq_lieu/auberge-motel-drakkar/,,,,,auberge-motel-drakkar,publish,1,philgoupil@yahoo.ca,philgoupil@yahoo.ca,,,,default,0,0,0,open,open,2025-12-15
18078,"CAMPING GREEN",https://jaimelequebec.org/jmlq_lieu/camping-green/,,,,,camping-green,publish,1,philgoupil@yahoo.ca,philgoupil@yahoo.ca,,,,default,0,0,0,open,open,2025-12-15
18079,"GRAND HOTEL TIMES LAVAL",https://jaimelequebec.org/jmlq_lieu/grand-hotel-times-laval/,,,,,grand-hotel-times-laval,publish,1,philgoupil@yahoo.ca,philgoupil@yahoo.ca,,,,default,0,0,0,open,open,2025-12-15
18080,"CHALET LE 80",https://jaimelequebec.org/jmlq_lieu/chalet-le-80/,,,,,chalet-le-80,publish,1,philgoupil@yahoo.ca,philgoupil@yahoo.ca,,,,default,0,0,0,open,open,2025-12-15
18081,"CAMPING COOP FAMILIALE DU PRÉVERT DE BIRCHTON",https://jaimelequebec.org/jmlq_lieu/camping-coop-familiale-du-prevert-de-birchton/,,,,,camping-coop-familiale-du-prevert-de-birchton,publish,1,philgoupil@yahoo.ca,philgoupil@yahoo.ca,,,,default,0,0,0,open,open,2025-12-15
18082,"242 ISAAC - LE CHALET COZY COUNTRY PLACE",https://jaimelequebec.org/jmlq_lieu/242-isaac-le-chalet-cozy-country-place/,,,,,242-isaac-le-chalet-cozy-country-place,publish,1,philgoupil@yahoo.ca,philgoupil@yahoo.ca,,,,default,0,0,0,open,open,2025-12-15
18083,"Carbure Aventure",https://jaimelequebec.org/jmlq_lieu/carbure-aventure/,,,,,carbure-aventure,publish,1,philgoupil@yahoo.ca,philgoupil@yahoo.ca,,,,default,0,0,0,open,open,2025-12-15
18084,"25 BONAIR",https://jaimelequebec.org/jmlq_lieu/25-bonair/,,,,,25-bonair,publish,1,philgoupil@yahoo.ca,philgoupil@yahoo.ca,,,,default,0,0,0,open,open,2025-12-15
18085,"CHALETS ANSE AU SABLE",https://jaimelequebec.org/jmlq_lieu/chalets-anse-au-sable/,,,,,chalets-anse-au-sable,publish,1,philgoupil@yahoo.ca,philgoupil@yahoo.ca,,,,default,0,0,0,open,open,2025-12-15
18086,"Resto-Pub L'Estaminet",https://jaimelequebec.org/jmlq_lieu/resto-pub-lestaminet/,,,,,resto-pub-lestaminet,publish,1,philgoupil@yahoo.ca,philgoupil@yahoo.ca,,,,default,0,0,0,open,open,2025-12-15
18087,"LE DOMAINE À CIEL OUVERT",https://jaimelequebec.org/jmlq_lieu/le-domaine-a-ciel-ouvert/,,,,,le-domaine-a-ciel-ouvert,publish,1,philgoupil@yahoo.ca,philgoupil@yahoo.ca,,,,default,0,0,0,open,open,2025-12-15
